PLAYER_NAME,HP_PCT,ATTACK_PCT,DEFENSE_PCT,SPATK_PCT,SPDEF_PCT,SPEED_PCT,EUCLIDEAN_MATCH,EUCLIDEAN_DIST,COSINE_MATCH,COSINE_SIM
Byron Scott,47.01534963047186,55.59977259806709,56.16827743035816,51.90449118817509,33.71233655486071,50.71063104036384,Mightyena,16.37518120240217,Salamence (Mega Salamence),0.9968994733001375
Grant Long,58.63627640890778,21.560041318494758,59.51816370799816,38.75315222438898,65.47137648856308,25.582987956450417,Carkol,23.95993372774188,Audino (Mega Audino),0.9975580609153102
Dan Schayes,36.95093304933976,31.168282092056035,63.80181477248991,19.93948429374673,49.284967118119525,5.155331262820405,Naclstack,23.106537441033414,Ferrothorn,0.9910394922812843
Eric Piatkowski,55.0523458851623,65.20595858323101,34.1927302143806,39.145523878436485,35.35120097377354,48.42187295510926,Quaxwell,14.056834459843092,Flamigo,0.9958737317535952
Clyde Drexler,90.5402225455601,89.57173835111742,36.439538259392,87.62465095642668,67.58364582981828,45.43815983395898,Grimmsnarl,19.076383376323445,Grimmsnarl,0.9973136940933776
Greg Anthony,53.0208669189996,47.65229860358438,48.23595263926064,88.74789243283851,56.14244290743866,24.184435476315382,Maractus,25.000325817183327,Piplup,0.9923547104421839
Rik Smits,68.68179632973035,95.84597916739898,46.2722486255783,36.81319937195408,47.172923685481976,27.32302032614104,Granbull,20.85122589052064,Golett,0.993724679954646
Dennis Rodman,87.11269763872504,3.729486934359354,53.84758472613786,47.74387419522806,56.22418033406034,15.542046369818836,Lickitung,22.88438552923653,Azumarill,0.9864717525968664
Luc Longley,61.58073536158166,51.09805093642839,75.62323584621849,51.579192470180125,44.16152787960221,27.135051960320105,Dartrix,22.527917921209458,Chesnaught,0.9936071137929837
Doug West,58.216781770232096,21.78724399878224,39.97642608742261,47.92604199957531,30.833910509957185,40.79677180211659,Nidorina,18.870859788368374,Raging Bolt,0.9893781132866001
Jim McIlvaine,40.21827326096403,8.041192375312958,62.57277036823045,8.60539878950024,47.09484619286225,51.75165087364182,Vullaby,26.750181965913505,Burmy (Plant Cloak),0.9863332839652177
Monty Williams,46.219049813781176,60.97541328171008,54.00697777165384,57.72358205240578,48.868476785646536,55.29272562729642,Dragonair,15.700963847181194,Charizard (Mega Charizard X),0.9985865348067979
Chris Whitney,51.18275336393334,59.53310854030231,47.62336402096936,88.2798824778881,40.83627471613144,52.66578234609425,Maractus,17.917706646267458,Toxtricity (Amped Form),0.9962361494028535
George McCloud,64.45418774584012,56.14912619658932,30.35014291177874,67.66421325524145,48.55148882680199,55.358270094210994,Stantler,20.353917522617376,Skiddo,0.9972020422606467
Gheorghe Muresan,58.71970324890024,71.23652565980663,64.19770645240271,8.39566578740126,57.5577495316492,44.890676882684026,Sawk,31.286549290834504,Heracross (Mega Heracross),0.9965164121621638
Mahmoud Abdul-Rauf,60.4500265925981,85.10717671140291,24.97354669364404,73.6435387533476,22.007979217768828,42.97554472409579,Mothim,21.851297931948793,Cubchoo,0.9951364732630869
Mario Elie,72.61852538320893,33.21867032884769,59.25478194459347,65.78016207209134,42.05404620179131,37.021885725268376,Crocalor,18.075337190091762,Skeledirge,0.9992491544289589
Dickey Simpkins,57.37322766680502,21.54345309702149,50.31818338284992,45.36281939396039,47.76508954308539,24.775282531368948,Swirlix,25.732719142435737,Tropius,0.9953235395595901
Marty Conlon,51.86152533565054,53.25796121365354,15.669830273050756,46.387002486393335,54.663690889662426,81.01194576455335,Persian,28.954099388364153,Furfrou,0.9869424345814172
Gary Payton,92.10667206316369,78.2961411506138,43.19583334551903,93.52700961188285,55.78619367105696,36.72069974003967,Wyrdeer,17.67341645475524,Wyrdeer,0.9947261199585494
Doug Christie,87.3665589436167,49.39662908282335,50.88562718432125,73.808485609767,66.65751801812264,65.15255532193939,Calyrex,16.69609678694931,Calyrex,0.9947953367904873
Carl Herrera,49.460557168398935,37.828869921132544,30.71761731189426,18.96082181973757,60.74785241597936,14.866284968167497,Seel,29.76558206049887,Muk,0.9845437440595791
Michael Smith,64.46842648908357,11.799280536111064,19.469548333446056,46.39242311198923,76.44911171269834,41.53924487618346,Noctowl,35.85453381220969,Noctowl,0.9916544281370467
Sam Perkins,51.76234122166508,49.70517350009284,73.56146331995967,36.2514909394765,54.83905460651061,26.60880839084645,Metang,20.735397297325985,Eiscue (Ice Face),0.9959959021443326
Greg Minor,46.77785686988896,39.86629560720639,75.59931563529018,51.46054935333544,50.49533020550725,73.71720126591178,Whimsicott,26.592918570459293,Serperior,0.9896176280333143
Tom Hammonds,46.56614876219131,31.86046551897305,26.43531733768381,18.743073618848648,39.468327867593565,58.48167414219767,Corvisquire,11.723218451300857,Linoone,0.9928559885434899
Steve Kerr,42.53822109515821,41.64813081214421,72.69981538340818,61.8695535443219,25.51906896802729,37.96711141093212,Quilladin,28.429495836244573,Archaludon,0.9891883662351802
Pooh Richardson,45.55118579952416,23.68397675749737,22.270239587630087,89.69318219438252,43.99941873191653,45.76857363032841,Braixen,27.516954215983,Psyduck,0.9826418182634759
Kenny Anderson,75.47733720402191,58.05574777146971,53.42784044176848,90.07871053470944,55.82231206826728,48.84664597343198,Heatmor,19.26972976549906,Maractus,0.99643466630321
Hot Rod Williams,64.86329248002033,13.484871483690744,43.44590396732154,23.97666246046263,61.01027119626514,43.911598693053215,Vullaby,26.619083115702793,Diggersby,0.9900501477040978
Cedric Ceballos,66.25271678691159,91.40267925840416,37.0781347724307,34.51863584218957,54.02820562793534,58.50376115270669,Lycanroc (Midnight Form),23.11674382368632,Lycanroc (Midnight Form),0.9901074783659262
Doug Overton,32.916513464505016,29.473320691967324,47.34764719824153,82.04109340794479,25.76107159925349,57.34231302908628,Drizzile,28.344385905671057,Psyduck,0.9853305263899114
Bill Wennington,26.295497260843103,48.25435965839723,75.85140884707633,33.07395524521956,36.07855062255043,32.01718730434447,Quilladin,14.908711114350666,Quilladin,0.9930733959465263
Latrell Sprewell,94.94754303049898,82.11850712235973,47.966737862746335,74.20966948592567,43.178855318441,24.253782577512546,Copperajah,22.92675554864424,Emboar,0.9902973213628911
Brent Price,42.59529155564065,42.47513695241636,35.29117696441782,83.85964428629012,41.9659306919443,50.40311527764983,Beautifly,25.809293418311952,Psyduck,0.9931183959105703
Dikembe Mutombo,77.84060600170535,34.526016938648354,76.16547322449597,15.342654625437,52.835216664853455,12.292408533078824,Carkol,32.78527829572144,Garganacl,0.9817587527322137
Nick Van Exel,84.64313913269054,74.67070975977282,30.292945165012867,94.08562214969598,26.272376362593384,40.64373114952923,Honchkrow,24.815298397707423,Honchkrow,0.9890961394665665
Hubert Davis,63.08625844566706,41.76783857238252,32.87291729871316,54.56587016884634,14.804969584076964,45.25314333573803,Palpitoad,19.040422628598733,Shiftry,0.9851187390716201
Mark Bryant,54.0871070504356,32.45757275567488,51.00534099368937,27.71391550366823,49.64296333423774,39.047539312869496,Vullaby,14.169000639024816,Cresselia,0.9939118790823066
Detlef Schrempf,80.36432436333945,70.66816887159443,52.65423787557189,77.1845007150022,52.04726461592519,23.095304013028063,Octillery,21.666699343981612,Exeggutor (Alolan Exeggutor),0.9976225520875207
Nick Anderson,77.11009754910242,64.95396865274436,56.792047443766506,53.16212267578678,68.36909864468242,37.525241197342105,Trevenant,16.995987146907666,Swampert,0.9981435448447943
Todd Day,58.30597751185644,82.97046049456668,33.13489928050524,43.37158563366905,62.52959375363953,84.39439307460934,Aerodactyl,20.544162688510124,Primeape,0.9963493765358905
Dan Majerle,74.07768111224506,17.480401829648546,77.42724909896775,61.67381849880698,58.60847346492667,17.79739469141283,Carkol,28.144153754768244,Bellibolt,0.9905285462232882
Dale Ellis,73.01197711316757,76.65119768992028,29.00150695000862,35.36964469903496,24.18270839723254,37.419947166834135,Gumshoos,20.07311486362338,Rampardos,0.9957118876619376
Robert Horry,58.08885909554238,21.74708530856269,75.58947301233424,57.40004212607564,71.96016999568658,48.57420511556483,Chimecho,23.34470438356762,Suicune,0.9920629722764667
LaPhonso Ellis,71.08504956139879,64.56607913631174,36.6288176460786,43.48432068920244,51.251632509285216,24.817430320547007,Ariados,23.617715140169523,Beartic,0.992985403358773
Steven Smith,79.71426973428026,79.18620927284027,63.10078418234745,66.8631110313971,22.48665807633773,17.9800349431532,Granbull,31.847689835109996,Tangrowth,0.9842384570690861
Patrick Ewing,78.68718096657422,82.13173204091335,66.17886279786718,32.85257782941343,62.84741146385591,33.7586039217106,Golurk,8.263416716999734,Golurk,0.9986794949637678
Robert Pack,57.75224787085821,61.34698785053868,32.68214194395033,96.70230147280525,54.21131889648376,68.01416343410555,Houndoom,21.338714151415758,Thundurus (Therian Forme),0.9934785381403702
Vlade Divac,77.43139953727814,57.86675830809028,62.35705470210547,73.51463630679594,72.462775913672,63.62766703770152,Golduck,13.43836204818666,Glalie,0.9983155186951705
David Benoit,30.30523582257053,60.91377379046471,70.41225407025166,18.956917488178235,52.32260387584919,63.965045908600736,Gligar,28.359279875293748,Pinsir (Mega Pinsir),0.9907829210382327
David Wesley,89.3634759819966,62.707614721183646,53.3628746019177,80.17051168494257,42.36164716127467,33.28829393112338,Farigiraf,14.47899688864037,Farigiraf,0.9976595243688718
Kevin Johnson,84.90303434386914,80.13823880393112,22.981717071168976,95.5726392136656,40.57250157155586,54.61347470730699,Honchkrow,22.322784158837266,Honchkrow,0.9910516178863408
P.J. Brown,80.52825021224709,32.09688067626804,65.19676350311781,34.69183800438213,60.83393292331344,16.030026138542333,Lickitung,17.0775024175296,Yamper,0.9968329115338922
Vernon Maxwell,57.853993381796215,77.46868763301897,38.00420539973471,62.2357830049928,39.6619398052864,47.05225864669782,Banette,18.468361287763685,Blaziken,0.9968382036698861
Donald Royal,30.63884661005744,18.909854041005445,24.02571767485864,21.0149124110829,40.69430721720686,51.63185439116607,Skiploom,13.756219990186729,Jumpluff,0.9938647469740612
Terry Dehere,40.2996889987086,57.93521157389984,34.74603579807938,83.90597354118768,33.29849940087095,39.06396721917351,Combusken,17.771233112416223,Combusken,0.9942931240920738
Tracy Murray,54.32404273229463,80.13847709730024,35.101739833876366,28.1936151372602,44.472744510701794,60.70006487949959,Zangoose,20.02714124068856,Zangoose,0.9919454137267746
Jud Buechler,29.420771995060324,17.343617846219864,77.9539111277091,43.903182563697946,51.329593268479606,67.53901501657664,Servine,26.228644602454796,Wooloo,0.9959023652017829
Jalen Rose,84.95753304572423,84.79062838477627,42.72136578695287,77.74926794341158,37.24313804524,42.794106172857695,Emboar,12.753536749450321,Emboar,0.9990177931539641
Antoine Carr,40.61221370931963,57.71920612253247,41.9806870534499,36.50537208997336,25.388547990407933,19.8889079402665,Pancham,16.82307861540273,Deino,0.9893178065069294
Derek Harper,70.21657553446357,39.66431264389168,27.640520198441447,85.45503412868507,39.63382702841768,19.008778283549983,Dewott,31.954816087083326,Flaaffy,0.9883135603023119
Chris Childs,65.29156989459375,16.912222539414316,77.12897047178782,92.48398646267744,44.1249716132289,11.871470531769074,Vikavolt,29.118544645322636,Vikavolt,0.9836354322767675
Hakeem Olajuwon,79.38666172998406,81.67643235405679,56.42649993417946,53.51297316410261,86.69066851535848,33.00953452960396,Muk,14.502455735810933,Muk,0.9962442677151114
Ron Harper,67.12691208881579,33.493141531722685,72.01201909791584,71.5785131501388,60.351332190600864,27.403606933875405,Dipplin,26.7084905873033,Ampharos,0.9931743736329007
Chris Mills,77.57028597429304,53.88812839887601,62.51338134183631,51.40844476998327,48.33486584761561,25.563448934605702,Quagsire,16.607068351443708,Dudunsparce (Two-Segment Form),0.9947148527155311
Joe Kleine,28.32274246687828,10.2655023633753,25.753720840991004,32.21205393194231,44.31840105394165,46.29118737208852,Finneon,15.725442222366057,Ninetales (Alolan Ninetales),0.9939099952102924
Keith Askins,49.02938965488423,8.54087756601226,75.38969235249324,25.00924078526725,52.74086220533085,17.49121145561733,Naclstack,30.500635562105817,Shroomish,0.9765616179434595
Muggsy Bogues,63.438315953337785,18.498673741150867,48.71516304948443,93.90018733603122,46.41815315023387,29.8467982644178,Crocalor,30.055815321535267,Flaaffy,0.9886141180941213
Olden Polynice,68.3632161918701,35.37314086698538,36.439673526869456,28.91679043634296,50.22835453276014,28.54269652628117,Nidorina,29.26150390755244,Oinkologne (Female),0.9957194357764132
Bryant Stith,69.8072956245265,44.71455963749079,33.09989431602692,56.65328215224794,43.121335267437,48.86207165906436,Dewott,16.392282470778344,Basculegion (Female),0.9986297779444784
John Crotty,35.68110317794261,44.66021713090646,68.97323598659341,88.49189469072563,25.525624824397728,50.06715356026611,Seadra,28.733110458864072,Duraludon,0.9864162066397523
Billy Owens,67.14639381739708,43.52506312940225,41.183056178064994,63.80521815906509,64.22497765788974,53.48542669887132,Ludicolo,23.729152448906795,Meloetta (Aria Forme),0.9968395255690721
Bison Dele,76.36241685024201,82.64000167241403,53.934665140137454,37.31805655867671,64.07157115800959,9.317685105147657,Crabominable,26.806659081325495,Mudsdale,0.9910456703640332
Bobby Phills,83.82721312421832,57.920359276902175,55.996343173451805,71.7178603407274,55.12967842509465,25.072161979862045,Gastrodon,21.985721543602384,Exeggutor,0.9946175453718661
Chris Webber,94.55863736889108,91.39135118052566,48.440850318131695,77.84834964097028,81.16329653119669,66.2526778601274,Centiskorch,24.64780883618127,Centiskorch,0.9966514053922183
Terry Cummings,46.09722660217637,74.86698365955478,56.86120296877095,39.62979571414156,71.49338377835379,32.20198663772035,Druddigon,28.334507148829015,Druddigon,0.9925396776499363
Duane Causwell,24.252162060877883,17.684481930186525,37.60079011742498,11.479734970495644,49.24788586912837,24.461373021943515,Swablu,16.983165956644367,Dustox,0.9865466905114322
Dennis Scott,68.98527310697989,53.2754534262029,38.267218919311446,48.95241206435632,33.46582190391355,22.897724135136976,Pignite,23.364553984332595,Dudunsparce (Two-Segment Form),0.9970876589988128
Anthony Mason,95.77875870953274,40.33554150032394,40.55899593025946,73.11914756976962,57.08859831234783,24.352755924485557,Gastrodon,20.73256016433639,Amaura,0.9939539164580568
Lee Mayberry,60.71196357426432,8.985251493389137,13.829570914744304,88.22079716838229,32.55921813211098,30.17903546367986,Duosion,29.105206325549403,Mareep,0.9935429688548044
Scott Burrell,43.23194619547776,45.94854850167118,68.98347178869142,47.8006631519218,69.63799813536444,54.7860961842985,Eevee (Partner Eevee),20.13255987451143,Uxie,0.9952103048364976
Danny Ferry,56.00349911315516,34.422656397766175,69.33389455642843,40.443875926515794,32.96564564435038,27.69369010120971,Carkol,23.32738484240742,Carkol,0.987636685253275
Chris Dudley,41.22070602975749,4.898513827833107,73.74343459205572,9.928726626827546,54.25159646447781,21.35406009233484,Naclstack,28.327029039295173,Kricketot,0.9725376099580935
Nate McMillan,51.59476253670187,10.887116160773886,86.75682685460636,88.66774776266566,79.1495475902237,9.218202960388762,Rabsca,27.350828055628885,Magcargo,0.9874006567389886
Jeff Hornacek,76.39867219389394,78.94068747588871,53.77774383438756,78.47336421193918,47.46745776163228,33.0710699555314,Heatmor,19.36146779904951,Eelektross,0.995121141524845
Sam Cassell,82.35155482408078,92.20192488746234,40.10686693082437,95.93653844502025,44.71313791026033,50.56066619141164,Emboar,20.897070968294603,Seviper,0.9971557095449282
Dell Curry,52.87542257843063,82.98089559938691,37.83680155771697,56.35151670665592,37.286041809050296,30.23957383594877,Banette,22.553945896375055,Teddiursa,0.9943549946573931
Terrell Brandon,89.58377374866612,82.09341627200027,51.55270417225608,96.74959987597649,62.14824325509787,37.14041414087917,Wyrdeer,18.02977040041331,Wyrdeer,0.9955907058984198
Antonio Davis,79.15789994241669,49.02592389451094,59.50184444340911,30.298600696239298,48.59815548565916,23.00847802015221,Dunsparce,24.718000368266953,Ting-Lu,0.9907313205753197
Brian Shaw,52.07804916995698,21.112389561145832,46.56740853091478,84.72297336740272,53.33552410786688,51.61928810571922,Masquerain,21.70727213006844,Glimmora,0.9921339508084361
Vinny Del Negro,64.91445958740027,39.55456351864144,36.17558016403217,77.57469565637932,33.7517578467568,23.1680255207115,Dewott,22.462848067529784,Flaaffy,0.9902454949847724
Clar. Weatherspoon,71.80622920674432,38.792788239206736,44.65122948853249,27.5154534316993,66.6968055122067,35.46644950729509,Raticate (Alolan Raticate),29.95969408390733,Oinkologne (Female),0.9928782368628909
Bill Curley,23.54593773491398,19.126893312134623,54.7337111810055,18.539161505044564,56.23800460020123,74.72024431626238,Pachirisu,25.05267543420847,Trubbish,0.9942611271593312
Eddie Jones,89.51533785537363,72.57028364572973,67.41552696698227,66.2207736861734,59.253282042664296,25.87404426281124,Dudunsparce (Two-Segment Form),12.795840674666131,Dudunsparce (Two-Segment Form),0.9972536614248264
Adam Keefe,44.93239923197002,23.506690057688385,51.140260250421214,26.976978540355013,56.24219316552482,28.293972122760312,Vullaby,20.5314521609138,Umbreon,0.9979567331950303
Khalid Reeves,58.86000503808545,53.32870443601812,29.551704734463605,82.60217049323306,35.00303954859632,23.99712486356021,Dewott,25.287534043222927,Numel,0.9920718973286385
Kevin Edwards,32.428453340692485,38.54336278092895,55.01677515368391,65.63382497851485,53.92568872974185,82.79027646904349,Whimsicott,18.16790152639256,Starmie,0.9985376296841401
Tyrone Hill,80.47864241871557,38.80812066828781,66.46007298610313,17.837652936680847,65.70802893896206,24.339778952215276,Audino,28.797247502492237,Audino,0.9837967239002295
Darrick Martin,52.37280839140291,62.2431289044031,27.033527212661248,85.9560269971193,34.26993089180007,53.00293904000464,Seviper,16.94111218780299,Growlithe,0.9947883302274442
Brooks Thompson,35.40427453254485,69.24394705180133,7.69466524681608,88.8496776444579,56.72618604897484,68.61215156078671,Magmar,30.01062068624407,Blacephalon,0.9874493478574328
Aaron McKie,64.6592084381511,34.59722408384726,82.73860753730445,76.45185979812317,68.2523584722288,41.4452606089267,Sinistcha,21.35293361573232,Swirlix,0.9932540552165257
Dee Brown,61.85845740722693,58.54940719404945,33.445383356250204,72.3472731325063,49.08539640430167,65.41699992233589,Stantler,13.297482492260505,Thundurus (Therian Forme),0.9965593543769032
Greg Anderson,44.42209096842667,8.483244642745689,4.348803866217652,11.412617781778446,80.11277462044607,20.499382342555496,Drowzee,17.377912920247486,Drowzee,0.9836266650511016
Joe Dumars,86.00068490184555,65.87354230433039,39.10221671008486,75.97118459996986,13.774426623817172,4.644251820410579,Guzzlord,29.876780956068682,Guzzlord,0.9838323955790127
George Lynch,65.41005562662095,26.41268432161922,74.53369333941664,50.87026477475085,73.34657998716733,31.41954125024845,Terapagos (Normal Form),20.206348355576147,Audino (Mega Audino),0.9966620821113759
Sean Elliott,73.65831729514662,53.21181729796084,67.7538848342477,59.1877561195117,34.657629841728074,17.07362023789015,Quagsire,18.6866132226148,Slowbro (Galarian Slowbro),0.9924116205033985
Karl Malone,91.59191878149426,95.77862894284335,51.888308973002886,81.63140569173645,79.2921592649483,29.76391501203492,Centiskorch,25.66565038099325,Grimmsnarl,0.9923727347630085
Grant Hill,85.45246659585706,80.29496230406153,37.878943400162505,73.92658872556441,63.29691354826674,47.99613436562171,Grimmsnarl,12.584203042351474,Centiskorch,0.9975047816780677
Brian Grant,74.3180210255852,47.22309217204249,65.30600229201205,31.019588785975035,57.09715661832392,13.574509983901883,Grotle,23.346542874553528,Stunfisk (Galarian Stunfisk),0.9956111015697441
Michael Cage,37.092448517765646,2.8050525717752484,42.86823476843752,15.85276364397134,74.77738345627655,54.853357553151625,Dustox,21.035077821920563,Pachirisu,0.9854656975847567
Harvey Grant,44.96263013217927,7.503790515012943,64.14495991581634,22.573272293352108,46.52643648346805,49.41479523231111,Vullaby,21.162115501476066,Vullaby,0.9802416540640211
Horace Grant,83.100696367141,27.88548947350142,52.61674897588897,44.06391181486648,55.24007325076389,30.293481054275144,Sealeo,17.422444579537242,Swalot,0.9945417218498789
Johnny Newman,61.582963681647605,67.07507463897998,37.90136984025612,42.320305695850784,34.73798982137693,37.8345401097068,Quaxwell,16.877183569040614,Veluza,0.9962512036421044
Duane Ferrell,36.783745763458,37.88525810635928,44.7589305451532,44.14068217786902,42.27941225612575,47.77365478435631,Spinda,17.742753681927773,Palkia (Origin Forme),0.9970303838709992
Allan Houston,90.99759563300611,88.88129802852387,59.44213566492796,59.99760361787445,20.19221375754933,22.70506229310876,Granbull,27.856860209999883,Granbull,0.9860420118641896
Stacey Augmon,40.86420118675917,24.02642225145979,74.83061648901138,53.08222059184708,56.12783024910752,34.98018294958858,Bayleef,19.341312142396536,Wartortle,0.9881109257998939
Felton Spencer,37.78148289483957,15.777363171663932,45.32633218444786,6.447633574027717,58.23515367166299,51.16474624215119,Dustox,27.790956523912858,Burmy (Plant Cloak),0.9876892936261913
Scott Williams,44.09756775401629,36.66273371415655,49.113574487576926,13.416125217866693,68.11686895617109,56.67595444734826,Volbeat,18.252716256866595,Volbeat,0.9950323803969322
Lindsey Hunter,71.34772000384244,47.29719181441871,54.346658969514216,67.857746650285,51.6710884498242,32.61478545156038,Dartrix,15.3188816313827,Dartrix,0.9959411222821438
Armen Gilliam,60.604334285974346,63.659401927384486,37.15957983266021,28.56894490498325,61.96572833256341,25.369016058264545,Marshtomp,23.1887861535095,Muk,0.9948028042373372
Rick Fox,72.27132443340815,49.409423619067454,49.04368232887726,71.62420644377563,54.43572755568512,63.32131806682707,Golduck,15.962129080511577,Golduck,0.997317562533819
Alonzo Mourning,76.36559367777221,86.66814698481181,79.44927390032078,26.08544058487037,49.8477153024936,17.8953236260947,Golem,20.637968134969263,Ursaluna,0.9945295124470986
Glenn Robinson,91.75567700508422,94.85070746151118,31.808803736011537,61.31850241080113,58.13220791129287,42.99137476700185,Grimmsnarl,20.408314834356336,Grimmsnarl,0.9923754591204387
Mookie Blaylock,89.46696146142756,51.8419358343861,57.382775183245776,92.23939666226356,66.65514090475008,33.3809373879186,Ampharos,18.36742278327556,Ampharos,0.9939687461228254
John Stockton,77.11940030912388,68.08167787619685,63.59207595606647,99.56054164528516,57.07734666558872,24.624283872904307,Exeggutor,15.036741182361306,Exeggutor (Alolan Exeggutor),0.996427994811283
Bobby Hurley,33.09028118494838,22.1589664332486,25.742014919070225,95.22556078198691,32.061143595041685,69.07087362930362,Drizzile,24.078437425531117,Toxel,0.9880384128641648
John Starks,70.04481653187715,69.32152135209951,60.13911266585014,75.18946129231504,45.37273947360935,36.09176304364686,Carnivine,19.825150623472986,Samurott,0.9967870283196313
Greg Foster,33.619862547953765,28.50017738547817,37.58503201435366,29.509249864800875,38.82289012257399,23.9523720179936,Clauncher,16.929490765062013,Terapagos (Terastal Form),0.9970644098939021
Anthony Peeler,67.66466849136604,53.33269336228426,39.42188959192917,69.57336719312066,47.09617462735903,49.95196761450323,Dewott,18.346807608115284,Dewott,0.9977389362740651
Rick Mahorn,24.55358036628954,10.262010844984538,75.60036386130948,10.675978413355509,54.42999531414002,30.387284372074657,Whirlipede,22.502104025064533,Aegislash (Shield Forme),0.984980108440905
Danny Manning,55.79188349988886,70.53079444607113,54.12728576170356,60.19245860203078,68.62266085156291,43.04015964078064,Seaking,24.26661138232481,Dragonite,0.9981794183909202
Tom Gugliotta,77.53956111307888,62.99436948300436,48.739846111326806,62.04884883265998,74.83620139916941,46.91336450347879,Abomasnow,15.602609216087913,Ho-oh,0.9962499787193511
Joe Wolf,21.391326355198235,5.005381719481551,40.72469062870689,28.386276088912005,61.243305652973696,34.76427271109615,Swablu,18.101887448546083,Dustox,0.9887187082895057
Dana Barros,53.033107252545015,73.80093169690848,56.09761257703988,83.93580049381646,43.97779125742824,70.64568222967497,Lucario,12.672194635822281,Lucario,0.9976121073589426
Terry Porter,55.70721488903212,57.65764038300748,73.83431956215061,85.98457291545327,47.613932341751735,38.86588203365029,Weezing,29.107886536366014,Volcanion,0.99264741916783
Mitchell Butler,26.653571168586858,34.86138915196792,83.75070951387896,52.748445423189295,40.77439747626633,53.77960130054986,Hakamo-o,20.59475576446645,Jangmo-o,0.9899388327994451
Mark Jackson,73.36313564209274,24.25703119075708,45.02055199410962,99.0847601304243,49.96929232796104,30.76076052390519,Vikavolt,35.2162549908326,Flaaffy,0.995592623468553
Darrell Armstrong,68.8404885802973,59.76801529450426,61.35582764354599,89.72197335039455,60.10786853495307,58.42631169575454,Xurkitree,16.91343380975369,Moltres,0.9973410483415027
Vincent Askew,45.363714281778265,19.825135053984276,72.61081933938608,70.95016059904626,37.5129942872537,52.68518372792622,Pelipper,20.11690895303734,Sinistcha,0.9906711661817713
Chris Morris,28.204912329004166,51.25735112014301,37.200539606285496,32.27468216447152,60.994566024186064,24.855522118184744,Scraggy,29.09949460746091,Komala,0.9876383698370557
Anfernee Hardaway,82.88614450269333,64.18820144064972,63.97777826298785,79.74899759645258,60.18059224670187,38.97922575980466,Exeggutor,13.931793977497245,Exeggutor,0.9974880309176377
Chucky Brown,42.71174355018413,36.81449394749583,53.42802216020917,34.6578722100348,36.45889388310332,40.00155727046036,Nidorina,16.6325517872272,Pecharunt,0.9980930819078943
Clifford Robinson,82.06079382201594,64.05274312775384,59.429983816413504,61.5157778392496,45.03469155317329,38.15359322312638,Veluza,19.996251155890807,Dudunsparce (Two-Segment Form),0.9971276756195663
Christian Laettner,72.60827279978083,60.6216515725472,50.99767091324685,64.17740289590934,71.56287070360348,32.42866023366881,Abomasnow,15.375303386675697,Abomasnow,0.9981126808363601
Rex Chapman,73.74195986011618,76.91370090219534,39.94568941703476,64.38758760342971,33.1885237455911,55.47460788458841,Shiftry,13.663726428565257,Shiftry,0.9966680925021856
Derrick McKey,55.542185761194204,16.281152360216666,61.96245325046679,56.22198754975657,65.43373814307864,13.573152748153092,Lileep,20.681072781431773,Regice,0.9947840820618161
Charlie Ward,62.54985327303437,26.999626047720675,77.41457749971542,90.9753928108504,66.70666179106415,29.09207515868368,Vikavolt,20.226378393600037,Porygon,0.9921614340620999
Terry Mills,56.77573338661146,48.20041276545632,50.465190550140136,34.502508758230285,51.98468782862468,39.83847721462104,Marshtomp,16.356224224926617,Poliwrath,0.9987916828039799
Isaiah Rider,81.303836280571,87.37559473454954,39.96979691428904,67.12954308471187,27.11131152837681,35.32172944098771,Rampardos,24.041610587249146,Emboar,0.9941173189031439
Eric Montross,40.616586810326616,6.557268452596403,36.93038586785262,13.516599680066138,50.55981592511511,36.367759741317954,Seel,18.752693298125944,Scream Tail,0.9825784774966484
Tony Smith,45.95178736736251,22.4110053940227,16.919687174599428,73.9980573254034,37.022678454948405,32.433241307088615,Flaaffy,19.42970283476767,Mareep,0.9843280985873198
James Robinson,45.51624693264128,71.80326803495764,14.593247244785257,73.78009460743273,32.24064135365806,54.38360161988434,Mothim,16.35893184264236,Growlithe (Hisuian Growlithe),0.9955867182214831
Kendall Gill,77.93288436041814,62.88321683932313,45.01056596876825,64.069900771253,64.5638527884855,52.57453214274382,Seaking,18.61672380090148,Lunala,0.9968540679568311
Calbert Cheaney,67.97471237514709,35.62658918429321,47.27556308892781,46.615073200389865,41.85816140500261,39.25243668838787,Dartrix,18.90955573545009,Calyrex,0.9970475569630541
Elliot Perry,44.15131288875177,48.14747266645464,47.33682520386608,87.29467792959073,52.6421818301984,44.97936374173079,Maractus,23.03497978902141,Piplup,0.9901895762978302
Toni Kukoc,68.63756435736158,71.15335195269522,60.6945696343936,84.32478980048147,59.77191561470888,38.28879386540073,Eelektross,17.24061349924936,Eelektross,0.9957410632575476
Sasha Danilovic,81.06878908470722,64.75270039795338,76.69130187606595,48.20920977828311,29.88914155770324,13.928368391131324,Quagsire,18.017236687718565,Dondozo,0.9968337281447941
Rod Strickland,80.71515912288409,64.85738080461844,41.655903071186174,97.642723264091,54.05730518869152,41.05480827231249,Heatmor,19.329555219638145,Maractus,0.9954381292899651
Reggie Miller,87.76618231707808,83.07479927399685,54.99582459281379,61.815718850092416,28.811429513333653,28.14717649220396,Granbull,24.59281552274625,Granbull,0.9878031796146572
Sean Rooks,35.03012746453256,27.94546965285112,52.16549028211711,36.818150923283376,46.16697295893072,58.74171818035912,Medicham,12.862208314418895,Serperior,0.9980566525824369
Derek Strong,59.276357997957085,54.57848239047649,59.04293975270885,19.69621787535217,55.48441655885669,13.76417993213837,Grotle,21.36323459198211,Garganacl,0.9954632127223542
Shaquille O'Neal,86.71029246618887,96.79515714547162,54.31197254601196,62.31413650760236,54.185593185105496,45.12759719008024,Ursaring,14.469928412582677,Ursaring,0.9975099837474997
Sharone Wright,41.307600956464526,62.074777583079246,24.774647995621308,21.851698465455136,32.43913825603731,14.943677214788712,Teddiursa,16.977320406779924,Golett,0.9924211379746773
Sam Mitchell,55.93927817306564,59.82892502632404,36.715221898940094,42.68248564490039,39.93906231340613,50.57224330983292,Quaxwell,9.958377688298635,Quaquaval,0.9968722253616639
Jayson Williams,88.78859171037918,47.3848227854044,39.875395053421535,18.57071650707728,57.41549412936188,48.77104131536672,Arctibax,27.364756782453203,Lechonk,0.9913720225089067
Avery Johnson,73.27005929591914,39.88810590208211,58.60872266408678,95.5464041280828,30.17085637224452,18.485410599412248,Crocalor,31.123832699599195,Ursaluna (Bloodmoon),0.9819126170617055
Chris Gatling,55.64199514568675,85.88974531299611,45.56555205460276,25.614520883301385,74.02407622709283,54.99532160078678,Heracross,25.285233194095493,Ceruledge,0.9943893009283841
Terry Davis,51.83083009725026,7.8676995344219645,41.86992323408108,7.934728111359993,53.28358569244929,31.535675490574945,Seel,22.93437499142826,Mandibuzz,0.9797127555332931
Sherman Douglas,61.87044181308893,45.41473096495944,36.029129884559374,89.92124687877781,33.902790467398034,27.941981605613588,Maractus,25.59233952808898,Oshawott,0.9876175074372308
Shawn Kemp,72.31858157224153,82.70167063379692,58.58444866001992,46.6093226334468,81.90634767109825,43.44587445244266,Trevenant,16.440739761557623,Trevenant,0.9959255978563178
Pete Chilcutt,36.049283654618186,21.486904401366758,15.166381091937142,44.87461113674765,65.10039746081713,53.833505501594686,Spoink,27.20092670568495,Thievul,0.9924854764195558
Buck Williams,49.8212165222572,32.80679870961603,74.97742404128732,20.33231883709791,54.84726562015699,22.52386166716137,Naclstack,24.530421501635917,Regirock,0.9863316082220592
Carlos Rogers,51.313523699986895,56.72633122132808,27.391204722994857,19.667580560385183,48.83927048952599,57.44641141509612,Beedrill,25.160550155407616,Roaring Moon,0.9989652938245512
Juwan Howard,82.18570708049612,71.13864835040775,35.78518711217842,55.8016519742276,48.72374427274765,34.9197245518366,Pignite,21.757465506990393,Grimmsnarl,0.9951944793909825
Zan Tabak,37.67058638482255,35.771799567058295,53.39459909767223,35.004947268633856,47.499397214395856,38.27537809952141,Croconaw,20.946528748223873,Meganium,0.9965141922969217
Lamond Murray,68.4821507095974,80.40657973123378,32.68617666150906,45.532894051537845,64.41273396194865,46.04137745036797,Seaking,18.279902166593562,Seaking,0.9919287899588594
Wesley Person,76.22319881312325,61.88311879691265,41.59052599490807,48.01587663071784,43.071400867102014,49.25986536349823,Bibarel,21.184745149305144,Basculegion (Male),0.9973800059742436
Lucious Harris,54.03846432618867,49.37065390089944,65.99435025755216,55.569526486559376,44.53641342245212,45.43160531047972,Dartrix,21.24387679693333,Pecharunt,0.9952490259730657
Bo Outlaw,67.61496068722765,15.30530219179101,72.09866431977026,53.291523481813705,67.54860344538447,34.76522180262355,Terapagos (Normal Form),24.246539622082775,Audino (Mega Audino),0.9931901148182474
Vin Baker,82.05549954315136,78.28092537982391,35.07312044818432,39.99103406531858,45.488490827622336,27.59528678097457,Gumshoos,13.388110619934814,Gumshoos,0.9963682340451895
Chuck Person,52.47507019155995,30.839524503997147,68.13165963341622,47.14034498781206,38.4037547117113,28.799641822361025,Carkol,22.469511040296183,Swirlix,0.9883133395266016
Andrew Lang,46.20365648368614,12.809544331387569,37.19001595197968,11.363650544709218,53.10346899291204,18.41575551243685,Seel,14.944174277969907,Shroomish,0.9887789983091555
Howard Eisley,57.9891560511396,41.16628239139674,45.68888072493376,90.68789340905349,39.56494403122573,32.36026706475123,Maractus,23.294921387485783,Maractus,0.9876945523569831
Popeye Jones,59.96200152582518,24.884063243269267,37.249017830915065,34.40950790111617,61.22393174958322,32.97901599821133,Seel,29.686987950828893,Dewgong,0.994763896375389
J.R. Reid,47.44684701684017,43.05889620963393,53.37279889899181,29.898921262864285,61.8883334747081,46.57247339920973,Eevee (Partner Eevee),23.913385577740453,Zamazenta (Crowned Shield),0.9946991077071047
Jason Kidd,91.88332633943864,46.94515631891717,59.304029675794254,96.88326984648018,79.60881292004409,43.93137067433419,Ampharos,20.18455187415106,Clefable,0.9969568583084757
Jon Barry,48.786251223796846,45.289967237488895,76.51066331778254,79.49369736214938,58.17919536851898,47.58894263371542,Clawitzer,22.950262912910553,Magnezone,0.9925396471028657
Jamal Mashburn,93.63995190797172,82.64051251821377,67.04289504430686,77.54074335456637,50.74340668157692,21.075973578180367,Exeggutor (Alolan Exeggutor),18.88282543462488,Exeggutor (Alolan Exeggutor),0.9940440659329126
Matt Bullard,38.88089702312497,49.79602096494511,32.1460662471748,37.22278110730321,33.98758127013116,52.51348761019951,Nidorino,10.998582379236597,Nidorino,0.998314828697509
Alan Henderson,61.26888350823221,55.826317518518,38.58127592274375,16.698307424044142,49.671123961255,44.57137833672048,Herdier,20.634726364271554,Annihilape,0.9995099250532452
Reggie Jordan,16.479827040368843,21.761860703700123,75.89893223692788,72.82580805037831,63.79979018882883,75.75078853725203,Rotom,19.406476268849854,Rotom,0.9927900324364621
Eric Williams,64.80324270120728,48.17284033858776,56.047445440063385,48.7355527481828,49.76575925756745,58.63842247029788,Castform,17.829558460399134,Silvally,0.9969028921964126
Jason Caffey,56.25376312534098,58.21499395027689,44.27906514084291,33.16335397520333,46.64028110501516,46.791294281751085,Mightyena,16.101281377317495,Baxcalibur,0.9987577713068874
John Amaechi,45.350540502229336,61.853002079771336,59.099704237388906,37.7971170439239,35.112598546914455,67.87454222728486,Qwilfish,12.516967943314,Qwilfish,0.995920766977988
Bob Sura,66.00526267872756,52.96965264502031,50.7007082479549,88.21667163072728,61.25025700075923,48.94659261918177,Maractus,20.2309995467385,Xurkitree,0.9939444380659325
Cherokee Parks,45.11042160568754,26.010828172400068,28.766511748251453,22.06461888532453,57.85398771700974,44.08274169328263,Tinkatuff,19.337222928512876,Eevee,0.9933553720273441
Antonio McDyess,72.94876735749556,67.41428725577126,44.26564643393232,37.633485049349005,66.12846319992674,28.99241451786436,Trevenant,23.125935732297098,Muk,0.9984788025523305
Michael Curry,52.58977894410915,15.832494199339658,65.7954170082977,49.43098906813404,25.50960093022333,33.14802801615852,Exeggcute,27.490510551901608,Swirlix,0.9841018170408111
Theo Ratliff,71.12230257506837,30.95861916215813,62.94159759213888,11.352734216139469,46.39403532194995,19.47608149321735,Vullaby,31.78267086630215,Relicanth,0.9776431165252945
Don Reid,32.46315147615276,24.999683356726948,70.1629015668443,16.70382136023136,58.18752107503303,48.41404275716263,Vullaby,30.28349331183495,Binacle,0.9885188265150954
Andrew DeClercq,44.856095629707866,29.77460474631331,59.86919731681359,19.660721395852395,72.20847786184169,56.04770574886713,Volbeat,19.33531280282467,Volbeat,0.9900362784538115
Joe Smith,69.84578900526772,67.99713292823353,45.50144166151988,25.510868184827576,50.37458283863784,47.028941188995454,Arctibax,13.071111560485344,Braviary,0.9985121556702125
Sam Mack,55.26114586973804,62.82338824699741,37.50394946375688,49.53277468774629,40.571716366720295,49.11424585310233,Quaxwell,8.587976557090588,Salamence,0.9983900174423009
Eldridge Recasner,46.97724812569225,45.92225669457764,42.846771954999234,69.66363394593648,30.96459684831149,23.660525634650547,Combusken,22.36356207449731,Maractus,0.9930496982241123
Travis Best,60.11210324294975,51.10272528267417,64.50588304145725,89.81398039557014,47.25727747642145,23.01867679237545,Vikavolt,18.9048546491069,Vikavolt,0.9943587472398769
Fred Hoiberg,52.140432033906485,32.30599164394187,56.09446066988996,61.652192161565466,71.67595756816347,28.138297609345123,Prinplup,20.21300577005563,Bellossom,0.994598687139228
Eddie Johnson,48.23456833442929,77.16584100389538,26.07625785147117,47.99576572140046,26.81938115313744,44.43061455413713,Luxio,26.419722943937757,Luxio,0.9966739064824001
Brent Barry,70.81974466673414,51.07529302376902,44.25912695446817,76.08460474626108,57.25275315558271,38.18413450660852,Maractus,18.66490672532474,Snover,0.994985601924159
Voshon Lenard,72.83989061932711,75.59866289215792,47.9663846227567,61.95281893146112,35.16085632835124,37.86160968276738,Veluza,19.190453269590783,Veluza,0.9946720222262321
Kurt Thomas,67.31289953959609,42.57504122908697,60.57221657403693,32.845468088423644,66.66507141558698,32.97222693115465,Terapagos (Normal Form),23.82387341259532,Terapagos (Normal Form),0.9914253579481288
Shawn Respert,34.44952185337303,55.44332755518642,21.79888331798333,55.93915282826256,43.85025869719495,70.16486578233544,Ponyta,16.96618461573431,Raichu,0.9960565171642043
Mark Davis,48.93785480137146,48.585550251137086,33.59545280204957,60.15421312105829,68.60670602673062,83.70433169911007,Electabuzz,17.918696525634573,Electabuzz,0.9948822620767879
Kevin Garnett,90.73293119812097,87.13358198582237,62.40497372491988,76.2093105737288,81.76301413612697,28.0808777550341,Decidueye (Hisuian Decidueye),19.356124569483246,Decidueye (Hisuian Decidueye),0.9950036436714137
Jerry Stackhouse,82.61868404875311,89.17437086507687,46.36093015303852,76.34838057123152,32.41862428212237,53.52003909270501,Emboar,18.547197684438796,Emboar,0.9946448407314838
Chris Carr,45.04941813665591,77.82792172265265,45.51578088538981,52.988695238142114,36.08918882801513,68.00287250973038,Bruxish,16.855516312565133,Pawmot,0.9960980842403631
Michael Finley,88.22988237104742,78.68724736621698,42.82768846000402,62.32086516499192,39.99139253702292,40.3294623111277,Veluza,19.213047222298975,Emboar,0.9971876548108275
Arvydas Sabonis,64.44508186893923,83.50043465891036,75.78267255554826,65.14305785925106,74.33005971644707,27.85072834342548,Lurantis,14.445321120859402,Lurantis,0.9977681647222154
Gary Trent,53.71896437995732,76.62904156459422,33.8011427802127,42.53215114748987,50.36758873866935,36.33072413048263,Zweilous,24.946268706674598,Deino,0.9938735603373572
Tyus Edney,40.54783179894531,60.24331499115189,50.30836817271064,90.94697050602404,48.37017523721873,71.58752271660055,Xatu,22.47297274026745,Sceptile (Mega Sceptile),0.9926243239759528
Corliss Williamson,62.984189709824406,85.05372765206236,57.60009288182084,42.58207158133321,39.64831235491506,49.754498064777,Mightyena,26.299955326881953,Mabosstiff,0.9931540009906792
Cory Alexander,46.83148481398672,51.76266452385844,31.502570023350778,91.0784290668631,62.51832930212629,40.448571959567815,Frosmoth,23.579621595725897,Magmortar,0.9873583957826075
Eric Snow,78.34640796445751,21.81046426078979,73.23008313476235,91.69679641846162,48.04791701125988,29.7645732409148,Vikavolt,26.825907070916443,Crocalor,0.9953090354056753
Greg Ostertag,54.343475411074,15.861683660967053,74.6998610116236,19.596278521883164,48.40558793138938,11.698881498429555,Naclstack,25.763745563326882,Shroomish,0.9738979361746154
Lawrence Moten,45.895760785135785,56.114312360614505,12.676862109952658,74.50060318796595,42.25002811402622,22.62226011602154,Combusken,28.252056815240156,Cacturne,0.9788220761478422
Bryant Reeves,78.825688123322,66.76055960336681,19.606174996147264,43.35558922076801,47.22890456765438,33.61918662702627,Pignite,22.274570255786333,Basculegion (Male),0.9884632791435419
Rasheed Wallace,84.93123583374373,76.70080444872082,69.15255141810574,44.93936246475805,65.67196625380083,13.874533951842096,Grapploct,21.01709553265442,Mudsdale,0.9940664472109381
Randy Brown,55.584079968567664,20.927952948753337,61.83430618386264,80.62931361971783,54.86454728588188,38.534916827205976,Chimecho,24.081865235440546,Armarouge,0.9955525842277994
Jim Jackson,83.77278147046201,59.24219705514157,51.57966697257879,70.07312357619945,43.46707114718645,37.75561555190126,Whiscash,20.831648282783526,Farigiraf,0.9972485489789032
Damon Stoudamire,84.93050140530875,63.57670505812566,42.03538443851163,92.08973213657364,41.89020389201266,25.44624163586821,Farigiraf,22.714926910168607,Farigiraf,0.9918724850095587
Jerome Kersey,51.52255742639978,22.965034681179034,77.36157372193017,38.6666051887199,78.67930838822032,38.63096777956692,Minior (Meteor Form),18.410730886913345,Minior (Meteor Form),0.9912600622488126
Matt Geiger,60.70911445241431,77.45135867742063,55.66277655750054,25.52389387592268,58.67399162905981,32.1193700562289,Golurk,23.53624253009439,Golurk,0.9980418837907683
Shawn Bradley,59.97639991530605,45.01357334162827,68.67558052689658,13.928324798444274,64.89627125729366,41.02906769624443,Raticate (Alolan Raticate),27.329043648487538,Corviknight,0.9918672699708816
Tony Massenburg,45.57043760206992,44.954757405501965,26.43418711768979,10.147483633141244,52.48036863653268,43.17884580433101,Herdier,19.17294226524142,Roaring Moon,0.9921707192069587
David Robinson,77.45608205349951,82.14114765522572,90.40782526680188,44.97134911551991,77.55179558776408,17.237130592136946,Golisopod,19.469154630712875,Glastrier,0.9971730535145958
Hersey Hawkins,75.80519532751201,46.72671736410033,50.649101904888354,63.25522412114644,63.96039597816353,30.939019353861937,Dartrix,20.143357864982388,Lapras,0.9977610692789514
David Wingate,26.99932685176585,20.9596249016715,54.98725850030453,59.04500810942383,49.66389854354789,56.16586161823978,Medicham,23.565684253561958,Rotom,0.9914635810994545
B.J. Armstrong,43.12980641402736,47.49845321143106,35.63546599135088,86.05361048861499,31.196674714031747,45.61241105697816,Beautifly,20.61820182259044,Oshawott,0.9948746351210475
Mark West,26.71749565239876,10.657380499899476,85.78145989569079,10.950621350033412,37.42665972492045,13.676313876218414,Cubone,19.956846836815238,Cubone,0.9859673838349505
Rex Walters,36.3323567830474,39.7665624579557,43.707653403389976,78.55081714171789,28.466102316341725,57.62481162980005,Beautifly,25.610535349379997,Psyduck,0.989917184987254
Glen Rice,86.10430903637952,81.62060735105146,48.65791805305169,42.86692866044738,28.118357163667064,22.117733772754946,Granbull,14.021045162071683,Granbull,0.995391560758128
Will Perdue,54.39425945118676,21.02358373396703,45.59852616277816,23.367199256157644,54.69217587609655,21.388647642695947,Seel,22.91047495392993,Umbreon,0.9951933614717109
Mitch Richmond,86.83807695453463,92.32742838079116,33.7968654794125,70.13597590542547,45.21588916388159,45.93277778289494,Emboar,14.939396349963335,Emboar,0.9971182792780767
Eric Murdock,46.23534437007988,48.05257098172788,69.2046169337373,89.8057873677169,64.69654133667032,41.32269988413761,Clawitzer,14.5573499740496,Clawitzer,0.9960932312306428
Gerald Wilkins,60.390530354681225,51.67584722737269,26.115139345008817,60.3628328499699,23.01095971558664,12.235329125651347,Loudred,27.35423907013509,Guzzlord,0.9900590967959947
Charles Barkley,88.58853824547407,83.61741393565816,30.203378512357297,76.25181307199037,73.69814254143616,30.2006254373945,Centiskorch,20.61813190832476,Centiskorch,0.9929932319466812
Kevin Willis,59.25908637025643,68.19190959373289,40.03019868282534,22.3261266506378,62.36787296606288,36.38128768449298,Marshtomp,27.569447680576594,Gyarados,0.9950762292623715
Charles Oakley,81.04060869926748,19.27688262095145,61.94254782971511,64.11060466680208,76.62936993971115,25.3781047202507,Tropius,22.46546082423354,Oranguru,0.9927421769094972
Michael Jordan,93.56520005686612,97.48855304725764,54.39509517186888,80.38775208147992,69.72330881978124,13.031746236487535,Eelektross,30.22302702834688,Copperajah,0.9898544358994684
Ricky Pierce,46.03849671102286,80.45627405949045,16.21383468524143,56.65985356573745,21.72532221683252,34.909385458687446,Weepinbell,22.250759260023674,Cubchoo,0.9875734177765056
Tyrone Corbin,74.20456902625524,30.35392786338848,72.83369632119233,43.03096037610079,55.27132789271644,16.53838186464043,Carkol,14.968069267646765,Carkol,0.9936181305083565
Tim Hardaway,86.80699919132529,82.29830123163133,68.34921592750015,97.12200560303754,45.80045939492259,19.06330836500879,Exeggutor (Alolan Exeggutor),14.376661873884725,Exeggutor (Alolan Exeggutor),0.9967276012092008
Blue Edwards,59.08935386462591,60.33870181195973,14.159675501914911,69.12179790613672,49.53811210995658,27.35046735265846,Dewott,31.15591945766578,Grimmsnarl,0.9820495257261899
Mark Price,63.94949752040196,72.10467429110177,19.56074234725037,93.54277855273322,43.5566613781337,53.20289831034118,Seviper,23.284557555203765,Growlithe (Hisuian Growlithe),0.9937248472691086
Otis Thorpe,72.00566997339662,51.474935291041376,34.73261011916048,50.28694489001751,55.30100490354695,26.754087047159743,Dartrix,24.129837142249965,Lapras,0.9930635250745747
Bimbo Coles,57.815259799577966,31.81932043916885,35.092166706721265,86.07945712474682,32.73133498750082,37.92895431996923,Dewott,25.65002603324689,Oshawott,0.9925363016302798
Chris Mullin,69.5962678756468,70.6967588484067,40.233725952325415,64.80189591813217,60.58280089244348,40.03635987667119,Seaking,20.36483426130975,Centiskorch,0.9979879750363342
Dale Davis,69.5219846189417,27.535829798102284,55.56396709657104,20.22351148401534,56.71452611317592,17.28855382866791,Lickitung,25.0867343028338,Audino,0.9922363064346807
Haywoode Workman,55.6361508301597,18.340827417598877,43.5322536511176,92.24615465498871,58.18292866631834,36.59404495079839,Frosmoth,27.49879046527558,Lampent,0.9902461530255938
Malik Sealy,69.74406614082051,64.22563372442518,51.25155017789182,52.77628090337269,54.30157739787586,42.70533924166482,Seaking,15.966606943359967,Zweilous,0.9986180709383822
Ervin Johnson,60.43539046303672,10.375208729978624,42.498479456497584,8.865411124171825,67.42529802918945,29.59320014044936,Seel,31.09878829283293,Seel,0.9800386719513169
Larry Johnson,84.39571332368712,54.28509198677635,71.50435701610772,56.238126812822905,36.5475603676074,9.45820772237115,Quagsire,12.55624196509252,Quagsire,0.9960204297624492
Stanley Roberts,46.087054667158974,53.41405123857911,67.50531154109227,11.701898682912477,53.507369540700864,44.25094960141044,Herdier,28.15605338945531,Barbaracle,0.9925835584144063
Rodney Rogers,66.955285193763,73.12088051412763,53.47737853516168,63.3334258935265,65.09037819756753,54.33585624222327,Nidoking,18.141644245285168,Dragonite,0.9981739392905401
Corie Blount,42.50987791852647,12.626531402038427,69.77888740942106,25.42260780081521,69.47239380437507,54.78191615547454,Dustox,24.5622219768688,Burmy (Plant Cloak),0.9922375195490658
Loy Vaught,66.43464548485242,57.682692864820645,26.245709468220547,26.1611276632168,72.19084754745641,40.59725998203448,Seaking,30.76857539391201,Oinkologne (Female),0.9847563298446632
A.C. Green,66.74381260404581,15.559830667747107,46.35023289279811,21.0226931161978,60.97315985695781,20.667311793604167,Lickitung,29.375262127376498,Shroomish,0.9921169969518692
Elden Campbell,68.83408859738624,74.53601900947322,61.66004932806026,39.21910780317279,58.66739786851477,31.23691402450596,Trevenant,16.63969270114386,Machamp,0.9975151526271971
Donyell Marshall,72.89276698890741,73.6651728372339,42.83991225213731,42.056174136096544,72.78807004171996,50.06950803911312,Seaking,14.247444579829367,Gyarados,0.9968624998970984
Anthony Goldwire,55.12818680437744,43.77352808696974,15.882925920237948,85.6158373119327,35.94778673720395,33.034582380747004,Beautifly,28.763838910001336,Numel,0.9914906183411705
Don MacLean,44.94081183852583,82.19672500583353,19.28961898035832,38.78600020834075,39.20231327361592,74.19599351795887,Primeape,19.638266622686416,Patrat,0.9933993687755727
Oliver Miller,52.94499546256602,21.83952968910132,45.29956150871049,59.77420813338489,71.99135951075519,59.3799123379505,Illumise,18.38200873542418,Indeedee (Female),0.994528537844463
Derrick Coleman,81.33651386098478,74.73413415103018,54.45744454528568,54.301175869684606,58.51344191453745,37.5149207977608,Trevenant,14.561355472800534,Swampert,0.9960900330286573
Bryon Russell,72.61934127239901,46.84213346075533,62.34164960289383,41.798558298150645,64.27856633860335,26.637692770867066,Dartrix,21.537028424899447,Lickilicky,0.997950698745021
Scottie Pippen,86.78596239591691,63.13573339574063,61.40609005733472,84.927519016861,71.9656952288959,25.829034752663752,Exeggutor,20.11467271591607,Exeggutor,0.9930239673991236
Rony Seikaly,81.95387001064795,82.90553918807964,25.964808187862797,30.854687094715903,49.8184061447689,10.552997134612868,Gumshoos,21.405648114613403,Gumshoos,0.9872847967395717
Allen Iverson,98.63346037156178,96.91257815758009,48.71943915246628,89.88126562738313,53.24152265929795,56.89329000208205,Emboar,20.935553714025282,Emboar,0.9986027742158661
Marcus Camby,77.0046966003678,41.39080341779202,47.28326980567397,46.28688733809988,77.36025607701828,49.31143696293535,Dewgong,17.575811412007063,Dewgong,0.9961287603587998
Shareef Abdur-Rahim,89.17880284833728,89.09755172712607,27.647687552388632,62.78686693971013,59.567221804466016,38.67831996865143,Grimmsnarl,19.72744718943522,Grimmsnarl,0.9928983733308434
Stephon Marbury,94.80599339952524,87.25556025713612,29.83795707202749,96.04965854493132,33.093107644283954,46.31156972477444,Honchkrow,19.44339030386573,Honchkrow,0.9946043489365822
Ray Allen,91.43624603788678,86.61966763192882,42.10951384167078,69.30569129932158,43.317119046763246,27.416621152388068,Grimmsnarl,21.245714480677695,Emboar,0.9935872314195988
Antoine Walker,90.31961579511062,85.3457127904312,36.2947127132778,73.46214565135176,70.2393018848724,52.62590829899012,Centiskorch,10.392377037199292,Centiskorch,0.9981968160080957
Lorenzen Wright,64.227265179975,45.5447071697483,42.5634944991732,22.198787105999784,61.09929403067907,35.69824139044345,Raticate (Alolan Raticate),26.48234447875764,Oinkologne (Female),0.9948378073467168
Kerry Kittles,85.04129679610647,72.09884774423837,53.39215271515254,60.350032638145095,58.982645607714986,54.47959061414475,Seismitoad,11.389453319779557,Seismitoad,0.9981018366743363
Samaki Walker,45.85820205787781,37.79012080882616,50.45423675790301,20.6310009122824,53.535559029110935,34.71033051619534,Vullaby,20.900684765893658,Corviknight,0.991360846751405
Erick Dampier,64.74448896538239,35.94916579365274,47.7682966880431,19.60916319144647,46.82509760491924,35.15914003757657,Vullaby,20.73951707287278,Corviknight,0.9931603322462526
Todd Fuller,24.96409503363905,44.0773550215138,55.36141560748744,8.517961481835428,46.60824126013607,70.28040239557279,Raticate,31.825406848282057,Goldeen,0.9841466556873433
Vitaly Potapenko,50.90165398162766,48.043120713946536,58.74955910152131,25.470143980002494,50.76058635143538,36.38031905980215,Croconaw,18.23593955501899,Gouging Fire,0.9956183378920103
Steve Nash,82.73148197269894,76.13509768211875,34.51167970730374,97.0072493847056,26.005978051769016,69.31639857304029,Honchkrow,26.872675055510253,Mothim,0.9937803010158706
Tony Delk,57.68170101073715,71.57033947733875,56.80234980711258,66.84025094805281,49.99379730739824,66.50277734859081,Nidoking,17.146295132354425,Landorus (Incarnate Forme),0.999778089579586
John Wallace,46.59847056685465,83.5529745273536,39.3211712334064,37.7458852110387,41.31504896090218,60.207700513176654,Zangoose,18.714381250612803,Larvesta,0.9986943786891034
Walter McCarty,51.52914580789609,31.48437361638579,61.30086899894033,50.494459481439904,57.82441228395344,72.62107387769883,Lumineon,16.70858944639632,Serperior,0.9978392593604414
Roy Rogers,49.60940452299477,28.084278060525357,12.952993959335386,12.495995014951385,36.358183131013945,29.154166957066806,Venonat,19.57591961588681,Lechonk,0.9883620640358677
Derek Fisher,68.22167438438903,41.77256204625525,61.08549513700723,72.84635613950934,44.980366094012574,56.5762370241392,Slurpuff,19.114571361225842,Walking Wake,0.9952844551478135
Jerome Williams,59.884743690881855,34.091464580365795,65.27036891356435,24.861439325620545,85.91890543524605,35.03826607770023,Araquanid,25.437154459089612,Umbreon,0.9930924689410884
Brian Evans,26.195834139782512,48.28858598357182,47.789004138313295,54.34333052334634,50.33406586553731,64.48462141556499,Watchog,20.196317558011135,Medicham (Mega Medicham),0.9961987489674992
Travis Knight,35.13917657140925,28.83656218972902,62.21856263094173,33.54345941198014,61.91518102295672,65.5175732173925,Servine,10.841649287544547,Medicham,0.9964925849650234
Othella Harrington,55.10703459907691,57.45280175582437,57.99588655612742,20.3276786299324,41.39715983589069,36.2274779383358,Croconaw,21.76482478672859,Okidogi,0.9968485003583883
Mark Hendrickson,35.445173811321744,19.909330796921136,35.489548444493224,28.146089148776984,62.21163346979418,71.15843690200558,Tinkatuff,18.13031166384067,Jumpluff,0.9939775184053576
Jeff McInnis,76.64930395907811,47.45838649840921,30.40519184810904,88.48903555184499,20.97792205202084,25.89551824796755,Wigglytuff,34.468183868046545,Numel,0.9902579498892463
Kobe Bryant,93.56568886841424,97.94035667642817,44.30178164886058,84.5062140635742,61.11289570274378,51.92726267243694,Emboar,21.189819304668546,Grimmsnarl,0.9991390597750883
Peja Stojakovic,87.02272499625697,85.77445210106922,46.74267198300248,38.47947833465228,46.13081490969227,59.95991493966652,Braviary,15.067401519913764,Braviary,0.9973150672191798
Jermaine O'Neal,76.82446585268849,79.41507988302172,64.64181406919457,43.15355957024435,52.84935327122435,25.960848477096366,Pangoro,19.51440921152653,Beartic,0.9969192807499074
Zydrunas Ilgauskas,71.17951249154426,81.61093445847162,57.33938681184098,32.19300034904157,49.47721357345764,23.094218569449307,Machoke,18.577567338764883,Golurk,0.9965954351298034
Moochie Norris,47.2519811901208,32.50774161446604,53.3052781804608,89.8723205919368,54.57828801364269,16.608928567627252,Porygon,23.513355873846262,Vikavolt,0.9935365305089964
Randy Livingston,33.3742412846137,32.32740974248521,64.15921957869361,84.58078769399657,51.723956357033295,52.485731194809816,Magneton,18.984082150344147,Magneton,0.9916328930968485
Malik Rose,44.167012473705896,56.88363468668543,70.05650004175537,40.44243200890901,71.13087021747342,44.7712901156982,Klang,23.670982977817932,Kommo-o,0.990634829377862
Jamie Feick,61.7155373563417,10.805420989335266,29.13700543071377,16.86331682188862,66.64118053905943,59.04114858619623,Tinkatuff,21.804344674992358,Tinkatuff,0.9818287883272246
Chris Robinson,36.24800273130006,40.15531674064767,16.71247666308465,69.82843681115989,52.63385725891492,43.39442212460308,Braixen,24.411145614194616,Magmortar,0.988443100493085
Mark Pope,26.346493716605117,6.198260727325464,71.1454410802076,19.76170742135707,30.895651606261623,77.92177436824564,Skorupi,40.48505683459963,Cottonee,0.9851029213011593
Shandon Anderson,59.70324424154703,45.33751240164361,49.574450594030914,48.76609481627277,53.75083771674288,33.24651558680912,Dartrix,10.618961337261576,Terapagos (Stellar Form),0.9977804595023169
Walt Williams,65.92773302692846,68.93219184323671,42.69259272745787,56.712857849173645,51.128395040684026,41.9587037123373,Seaking,17.96518501881572,Luxray,0.9960279826699443
Emanual Davis,47.0002237478179,26.763033971135528,50.31582004537793,71.17452288841324,54.37595616608,54.80255991958649,Cherrim,15.631872995824382,Lilligant,0.9966799483851496
Darvin Ham,33.39380868513277,12.634809369885962,73.82287036420259,29.806271825695426,37.23372265420237,63.73118766986966,Medicham,32.854971666983076,Wooloo,0.9932151279652792
Stojko Vrankovic,36.8233624684899,10.970812840063724,9.473454521796796,14.187965934373926,44.40755775641789,45.12446712979562,Tinkatink,19.37979895409018,Tinkatuff,0.9846796391445729
Dean Garrett,59.37523966460155,19.96810388270024,34.952966861115,15.453121045828516,58.78369505968846,31.271070714455977,Seel,22.625545053752443,Seel,0.9904987390878272
Erick Strickland,54.02150951767596,56.38201306139682,54.46573828137953,77.57725893707361,58.99983649061444,56.05337350081157,Golduck,20.86656074314745,Moltres,0.9971076408832573
Reggie Slater,40.95803196273972,65.95552913847432,28.798036891646596,27.166788952352075,46.220672885821344,65.29371060479887,Raboot,18.3953371401942,Primeape,0.9971069599078446
Matt Maloney,67.68002045137064,31.24553548947788,46.84079733859373,74.51493291466636,31.932910336088437,36.02282915671825,Crocalor,18.464315776983785,Crocalor,0.9893701448040529
Henry James,39.95241255321993,62.96736838695998,23.35116532304178,11.413505943796162,11.146741686451458,27.143845010397868,Darumaka,19.228557395825757,Fraxure,0.9821297100189962
Chucky Atkins,66.71933446844301,63.77141929240872,44.922806795316575,83.78858447547928,25.36643828913163,50.311960185655295,Seviper,20.63093959642025,Seviper,0.9897930937647105
Ivano Newbill,24.47645632115189,5.5873855004468105,54.79493413969214,15.250568904714353,69.09669198572408,53.30937154174658,Dustox,22.82817267727475,Burmy (Plant Cloak),0.992588660528274
Tony Farmer,37.03389465676729,63.36888751709903,29.421800463552177,40.01393288180788,81.40193721264549,89.95618906838465,Furfrou,29.720843594153713,Raticate,0.9848695290953131
Mark Strickland,30.927787967637563,57.27102358549477,49.25421915211756,19.24532329924264,50.7638699160073,57.36998534769971,Watchog,22.790475473223946,Lopunny (Mega Lopunny),0.9987407284926865
Ben Wallace,80.1183088012263,9.397698826865737,72.98668437603048,29.60527432418984,87.57650286327986,25.16714267949044,Audino,29.06731705618465,Shroomish,0.9957651539674804
Jaren Jackson,54.21540368239672,40.36233449683648,79.75585315690554,50.322884466476125,41.860231508069575,38.02915348578473,Quilladin,23.990923081409807,Pecharunt,0.9900453023739058
Dominique Wilkins,71.47566462964852,96.55295749823144,12.067069992739569,56.56950732665748,42.48532721485688,12.50173052908904,Gumshoos,38.07025084866476,Copperajah,0.9692586394011596
Ike Austin,60.176518673958704,61.77955874016256,49.668765220879855,54.62567211705039,59.548200804572325,32.134165184686346,Zweilous,13.191583845676478,Decidueye (Hisuian Decidueye),0.9994475857418953
Xavier McDaniel,44.647423948301736,27.924872028740825,46.132985129134056,37.25903881296295,59.78443577952477,74.7883674789685,Servine,16.68856161355608,Lumineon,0.9932735961575251
Aaron Williams,47.15119731409112,48.22035182630796,60.964842335404654,30.56459533006854,51.85204656051441,43.58172100975512,Croconaw,15.757201677820703,Gouging Fire,0.995617531088802
Zeljko Rebraca,36.37052803511615,62.16620667416391,64.78337456420627,15.648878319928542,45.25324147734393,23.33612171677616,Charjabug,27.94154705567692,Aggron (Mega Aggron),0.993649640959648
Lawrence Funderburke,38.67669981904276,73.60253812505503,53.07707525626705,26.96018388860135,46.20721167475964,71.48671521376127,Togedemaru,23.10365973649035,Scyther,0.9968008580381478
Bruce Bowen,73.70252421794629,12.567059135850569,84.2636914584023,29.809470586485013,36.36016273074387,15.160470585735826,Carkol,30.16548711648629,Carkol,0.9710371893087526
Tim Duncan,87.99133419591223,91.38692641364106,83.13322200741698,70.49563258988113,62.261365207485206,16.496941557369006,Slowbro (Galarian Slowbro),26.13011011851006,Grapploct,0.9946521903733962
Keith Van Horn,81.73742488973022,88.39751262984838,46.231838043325766,39.54573018872848,57.09470691985138,50.50385854190839,Braviary,17.11220653798501,Braviary,0.996402028335372
Chauncey Billups,82.16670004263759,82.20133306295992,49.08433483515624,90.23460771462469,38.70032998135522,25.783169641053217,Exeggutor (Alolan Exeggutor),26.634483608511523,Exeggutor (Alolan Exeggutor),0.9894829497029899
Antonio Daniels,60.97715599338157,45.33961772066344,37.66931919894983,85.13712054957384,31.95949177543662,34.499378492957334,Dewott,21.101152506903173,Oshawott,0.9927733204840485
Tony Battie,56.15995795201678,30.01374973433729,59.9425584915561,17.158306619453988,56.05388612166051,38.97830077553316,Vullaby,16.10720573856256,Mandibuzz,0.9942204830564492
Ron Mercer,82.57456751307059,75.21483827282495,44.67708205083735,59.50029841566603,38.70645672401209,42.81214790385759,Veluza,14.56021037182865,Veluza,0.99620068439914
Tim Thomas,67.69845202295335,77.63093107731984,38.15548582213541,47.093644019510776,51.33747574933336,48.337054066211095,Seaking,18.08712342454807,Basculegion (Male),0.9926324380333059
Adonal Foyle,48.894545762508535,14.048336499358614,51.36318223330478,12.278286800112545,49.85563532210179,64.2576999014419,Vullaby,28.211690307758573,Scream Tail,0.9796495947559415
Tracy McGrady,86.68820630239746,88.59287499415038,50.00987989987987,86.78819733447716,64.8918633981921,39.604101581381165,Wyrdeer,16.16414908751902,Grimmsnarl,0.9979388832619678
Danny Fortson,56.16807891199928,67.61214703690416,21.243745795743656,23.92511696319949,58.708407105201566,49.48704859005923,Beedrill,20.20533644623085,Roaring Moon,0.9892895182203493
Tariq Abdul-Wahad,54.41053094540014,59.52752681489154,48.44981046729647,38.920934018117016,53.65041101648657,79.88618934881352,Golbat,16.18739790236352,Crobat,0.9963544316226027
Austin Croshere,47.956832181114834,62.46179372731878,65.8865928669758,44.926006965938086,53.93136532450141,41.00267104536723,Croconaw,19.89045982650721,Metagross,0.9977548158102716
Derek Anderson,76.31199290207996,67.87599385209819,62.73225048869249,78.01384406710639,51.1853350577544,28.25741303103952,Exeggutor,18.443246847557806,Exeggutor (Alolan Exeggutor),0.9983677736056791
Maurice Taylor,67.21562087550377,74.82938872990887,37.67782371165172,41.22008864640223,39.93472264953716,30.21131511937288,Gumshoos,16.066281180004232,Pangoro,0.9966756891535491
Kelvin Cato,53.95683307830263,26.637042464649504,63.994996125359926,11.951266398939511,64.51402862003272,35.65471124736893,Vullaby,25.191769011963167,Umbreon,0.9886029131784505
Brevin Knight,67.16953021637305,32.896283550336086,53.50041286607498,98.01112279210616,62.63718909610306,58.60978099238397,Lilligant,25.035484024639043,Glimmora,0.9902393851273944
Chris Anstey,34.41711403608341,57.86121596214034,61.50006385700882,50.63575698718549,70.65226087982936,49.68419146435011,Klefki,21.239517405000043,Kommo-o,0.9943870683040807
Scot Pollard,45.17078507975428,24.136268770413864,81.13605250434952,12.0714990429747,73.34333670436719,51.03892429481727,Minior (Meteor Form),34.26336155602753,Burmy (Plant Cloak),0.9819075892564908
Anthony Parker,77.04226007406143,40.50962146756614,33.81426309782282,58.37073140636922,47.98858768841777,38.92928289579367,Dewott,21.48504682447766,Basculegion (Female),0.9946757033548416
Bobby Jackson,58.5250703287311,71.98964878951084,61.93102945690341,78.22079896070393,60.00462429052417,47.59781240190662,Luxray,19.757152103411503,Dialga,0.9955929730226797
Rodrick Rhodes,44.91520332350537,36.40337978397485,36.73237442627387,72.33548634378185,47.05488902136746,48.62584490858034,Braixen,19.863341735941308,Porygon-Z,0.9950397978639968
John Thomas,24.91340429789755,20.051827712828068,74.45680239634034,13.03203883413784,48.08306003900602,51.79745485350562,Skorupi,26.81946705081093,Binacle,0.9893283492524403
Charles Smith,37.12868548536916,56.68434805196088,62.14320287681985,51.70267445931832,49.96212384993903,52.028597816807945,Hakamo-o,18.571719460738525,Metagross (Mega Metagross),0.9982521926241402
Jacque Vaughn,42.92636099030407,25.270150339904983,61.50847638896981,86.33743562133084,37.12468077303672,36.54858763811283,Pelipper,30.391159716457537,Sinistcha,0.9852494037467396
Marc Jackson,53.07755264311113,72.62423927894037,45.69838278526645,31.42854998110267,43.96772158012509,53.78008228833845,Mightyena,15.973898185211054,Lycanroc (Midnight Form),0.9967655234823697
Anthony Johnson,54.208516845104384,28.380037452295685,55.39660076664461,85.85265724366165,39.05127307093075,34.118307605899616,Crocalor,26.081543529860916,Vikavolt,0.9871873030790107
Stephen Jackson,85.38386618686786,80.3450780878168,46.32703252837426,70.71135025867666,56.09193330784348,48.847758379651154,Grimmsnarl,12.676967400209163,Wyrdeer,0.997220813053753
Cedric Henderson,65.97853202657767,34.659526133811035,62.974324983968295,54.60790174876788,52.41036828818597,39.44191573746364,Dartrix,15.368677150897456,Walrein,0.995375836511354
Eric Washington,57.20486048875775,37.07751730697496,11.545319970945886,38.0069985289238,34.801730471917665,37.341628273301446,Skiddo,15.139558988680541,Skiddo,0.9880674456421533
Alvin Williams,74.3618571994543,43.34188964940382,52.53198982675049,86.09526573530964,48.12103967827622,30.078472961003943,Maractus,24.925067338504114,Exeggutor,0.9927205557246521
Predrag Drobnjak,51.23123035851871,64.79300063668391,39.2606891112939,30.15110701268628,46.252456680080506,33.26443643321325,Marshtomp,16.971899132137864,Machamp,0.9949787984308247
Chris Crawford,43.96229931165258,67.27814180268051,46.00807977528848,29.0352019315638,34.448473625190005,51.99260254958969,Mightyena,15.665759837336438,Haxorus,0.9993175127540745
Mark Blount,63.20969348818417,51.31757172414021,41.79654621394123,25.23458891484651,48.919209384178174,47.01869077664417,Bibarel,20.28837234389487,Annihilape,0.9972990362600826
Adrian Griffin,49.02433339346041,17.276565760942265,62.00666181018605,58.724401522823705,76.42969352470492,62.91552001136589,Illumise,11.98871704249101,Illumise,0.997335416596245
Gerard King,39.69780252253307,36.46581638479984,52.98868361683515,34.30431138313535,57.2140274130271,64.97308460056601,Servine,11.864341161001022,Serperior,0.9975288069495337
Kevin Ollie,41.74235521696096,17.402628837537872,63.15135120373659,84.74151033635059,44.19971313009172,30.27398982779341,Pelipper,27.773060758458627,Sinistcha,0.9877320811415018
Michael Stewart,36.83280541652764,8.622549232473775,53.20870565039217,14.948275122001691,49.89809255500224,60.466809938426,Trubbish,29.30234464859037,Burmy (Plant Cloak),0.9924955141622265
Keith Closs,31.73336417123381,34.70860646415929,14.837506290741487,13.742990568035289,41.40595173892712,82.05706794145617,Buneary,18.12576046389441,Buneary,0.9929039635573753
Rick Brunson,39.521632609606485,16.870349930914788,50.68632560017218,93.4805892423094,52.44021807709963,39.587754769350894,Lampent,31.27867003715346,Lampent,0.994652699457144
Kornel David,38.732358338849686,48.87915925550676,52.04096236957364,32.7618318442541,53.62244218962216,52.12379072426148,Watchog,17.349465888049437,Zamazenta (Crowned Shield),0.9986990845318703
Rusty LaRue,42.51934971167609,37.68646494298271,39.82786209355382,70.36965581090442,42.692557241387696,33.21875743577589,Prinplup,19.21146754866146,Piplup,0.993611589496248
Troy Hudson,59.92700081983959,67.01111760570832,37.39686835625229,87.15966482594919,22.989953210095816,55.14018898464699,Seviper,18.872627368007013,Mothim,0.9940310574230421
Art Long,32.641022187675695,27.93924624225111,55.77241072687892,24.627418701823565,52.702188081593526,29.01530984239342,Swadloon,22.761466676485494,Metang,0.9900661076086312
Mikki Moore,50.812637970239145,39.170140988413166,39.28292739308626,25.946214740323686,42.12216337978461,54.99324218043564,Corvisquire,19.48602497793374,Crobat,0.9952949579036809
Michael Olowokandi,70.71915349653074,38.23126038919021,42.85686296000669,13.997401037837555,53.40903304828705,22.339528240067047,Vullaby,34.88299177299114,Throh,0.9852942925629031
Mike Bibby,87.53333511433196,71.26118136112352,34.919161516123175,87.49092823158898,41.80283508438526,54.77601812266746,Heatmor,19.03309234443804,Dewott,0.9947591037889139
Raef LaFrentz,70.03690695170687,63.1047894560091,35.46823528525459,27.679593532491392,49.98181889405228,58.77927296729095,Bibarel,16.633653024336216,Roaring Moon,0.9944992428576436
Antawn Jamison,90.66547879138191,90.03825303709796,21.77677350023363,37.53446352307366,58.06895676947576,57.59535254265785,Excadrill,26.105029183468954,Excadrill,0.9873482008291695
Vince Carter,82.10073368763392,85.45291659902793,54.272897958298906,73.73547256872286,52.02976612844511,36.26194933074079,Grimmsnarl,14.553327528911348,Grimmsnarl,0.9960740052290465
Robert Traylor,34.87952325726911,44.41965051887976,63.40081758167507,37.73402292432667,79.92051146433563,41.81614010124624,Bayleef,22.72590500773827,Claydol,0.9918543125551534
Jason Williams,76.71210867719275,52.14793459673013,39.85028497005133,91.98042756115868,44.281065143220495,62.37515678926033,Porygon-Z,19.385810272355506,Xurkitree,0.9957747030566257
Larry Hughes,80.22005359912343,78.0784913741825,39.099802365593845,73.720592563133,64.50446974181084,60.331283444505154,Victreebel,20.373494737094447,Victreebel,0.9936154444866958
Dirk Nowitzki,89.16874681958973,94.47408575339382,51.81713408085463,57.745049176696746,60.91886999607642,44.78066249268956,Ursaring,15.292790623384198,Pangoro,0.9970843700236981
Paul Pierce,89.81331858633729,91.29364957907072,60.72156801138917,73.78044230811966,67.79925406029425,41.35938297281196,Swampert,18.676104859796304,Ursaring,0.9962377510786437
Bonzi Wells,68.09056579509425,82.2415039025742,62.41573055538576,66.09491522911337,75.59750878293451,25.61090475003531,Lurantis,19.365847594108786,Ariados,0.9960522199232897
Michael Doleac,36.462872875464456,42.28738957538994,64.54167286460068,26.75234441408536,53.32420818375133,49.89300326413073,Croconaw,24.523612168376435,Dubwool,0.9966786748799354
Keon Clark,58.74682503219047,53.9087361068998,64.50792473270417,27.95451445113437,56.772799525420986,54.87505084336828,Garbodor,24.474454938454652,Gouging Fire,0.9978771427828873
Michael Dickerson,90.35425942027906,73.9613607501241,33.552088883850274,59.91019017910939,27.490140471305807,42.40348076630463,Pignite,17.927918264537865,Pignite,0.9987979693185366
Matt Harpring,71.60198222848132,73.79459485931008,49.6077444053644,43.14143672058681,51.32956249174198,25.728125762821545,Machoke,22.31075023423213,Beartic,0.9995213394903145
Bryce Drew,46.7450207972306,25.48482591413421,57.58658351912083,80.56720887036153,31.824001645794755,44.42090328493988,Crocalor,32.70016002027327,Armarouge,0.9838110500736503
Rasho Nesterovic,59.20340833525876,35.904544475828345,70.14663984865192,30.21858383274833,44.78786146144943,34.21192208030356,Carkol,18.544589164461815,Corviknight,0.9909912605075938
Pat Garrity,57.537766245354725,53.932416444893214,46.90111624486059,26.34994113419298,35.94646456300703,64.8144292371455,Thwackey,10.22334090924122,Thwackey,0.9965215706182314
Roshown McLeod,52.55630860096363,60.82448592569726,59.7908828647404,50.02246769231156,33.645254891698634,40.706077918189166,Mightyena,18.740634104483405,Dracozolt,0.9951201083072289
Ricky Davis,82.43450417260922,77.391391859837,28.376783257101263,77.55565331415121,46.44041246296372,54.75964123286558,Shiftry,16.39425948546528,Shiftry,0.9949635263694513
Brian Skinner,47.66111817836734,24.680687148275723,37.26434503555579,14.282709720501092,59.41418498282536,49.27568292918704,Tinkatuff,18.544628663130517,Raticate (Alolan Raticate),0.9916712296062326
Tyronn Lue,61.98146100084076,57.46983477181752,26.40862408549509,84.40019930794597,21.91757304315837,28.366121020066277,Mothim,26.93956933185577,Numel,0.9933094444943326
Felipe Lopez,48.458961697634784,49.9002474615589,38.71710293282548,50.09254246069701,55.56763054800972,54.00604957361734,Dragonair,12.769659992617786,Palkia,0.9949978575269497
Al Harrington,76.56428879873769,79.38762634607579,40.00852984300692,47.6034412513294,62.02947247994307,49.06862871631287,Seaking,15.994503765130997,Seaking,0.9957918567458554
Vladimir Stepania,36.0451517348032,33.12018216598501,81.72499016427409,16.23184416248187,69.9523711224456,20.69445452944126,Swadloon,17.66924069914278,Rellor,0.9928370834215297
Corey Benjamin,35.701989442192,59.86889233720528,52.99038783225521,58.33821688173577,42.24560397909621,42.642668443927285,Dragonair,18.620176341434984,Charizard (Mega Charizard X),0.9969470019556449
Nazr Mohammed,44.373033355319166,54.004812061615496,50.05100186769082,12.187977265633345,65.99744859295463,36.23764335843843,Herdier,24.54792990131858,Houndstone,0.9931340118403398
Ansu Sesay,20.402543039567178,39.19541859005615,74.46416215401975,37.90424300548181,42.02695187833508,54.26132793026096,Hakamo-o,18.593345709393187,Gourgeist (Small Size),0.9930395854422763
Ruben Patterson,65.15246811600345,73.7638176637626,40.729688951947736,58.16400470538452,58.67234679375448,35.636158224298484,Seaking,20.528521085445977,Centiskorch,0.9965029248977108
Rashard Lewis,86.29699753908935,78.02394841923532,38.4310009025097,41.12201618950832,57.2242904506172,34.75421348133832,Oinkologne (Male),24.119477974658942,Oinkologne (Male),0.9907530835297068
Jelani McCoy,39.01938385885531,38.45046743046844,46.53340987182939,24.928045690841884,50.18591325558925,45.27861077075808,Herdier,23.025169446741547,Zamazenta (Crowned Shield),0.9979676373342439
Shammond Williams,43.71565755400085,51.06871216108596,55.3949208527569,85.72795265574611,43.83193089642621,58.05332111210334,Girafarig,24.063218860064268,Xurkitree,0.9887811477960982
Jerome James,34.31902363904107,39.97163161746184,58.62308571131656,13.711460988965836,46.37445147726892,15.980616482181343,Pumpkaboo (Super Size),20.774331594154475,Regirock,0.9981718420655881
Rafer Alston,79.95987494516983,50.233510643247484,57.94761757377232,89.4536433619171,54.0837642588288,36.82383325011969,Braviary (Hisuian Braviary),20.55297971851062,Exeggutor,0.9954022291545385
Cuttino Mobley,92.38607565785642,72.50272163800709,43.70973283579485,60.4287283155355,42.338781687217626,33.48055612974989,Dudunsparce (Two-Segment Form),25.331097278702554,Pignite,0.9942534857577253
Jahidi White,46.88852389491017,43.31151985029194,32.127060035786194,4.319265686101221,59.28202775026563,40.277984077865945,Herdier,21.097633889051615,Heracross,0.9857532883474015
Sean Marks,23.416883613021707,28.584637891714475,58.33537564268688,12.705308725275962,43.4333556280497,34.78751050085051,Pumpkaboo (Average Size),20.64998539552543,Binacle,0.9933594394837068
Greg Buckner,49.31394345793032,22.89264956800092,54.56005979518716,48.84121945136865,61.53398143624322,60.18737747931082,Medicham,17.33976625141579,Iron Crown,0.9937378991769501
Tremaine Fowlkes,29.83336934533105,19.77465881731625,70.70300507481572,31.79322219900037,61.93865425462397,38.1316903207658,Bayleef,20.11307063147557,Minior (Meteor Form),0.9957795122708292
Ryan Bowen,33.215448892763355,10.555698877727396,75.51129567383438,24.184865081567544,57.65160364732803,40.86555769613743,Swadloon,30.53140407527125,Aegislash (Shield Forme),0.9827664335269363
Damon Jones,56.28688068210869,40.24189102125293,46.07390646563635,77.47837211316481,18.96637901947768,53.38703959475152,Dewott,28.449101992567886,Yanmega,0.9927907944720024
Brad Miller,76.48773936070252,64.17160197133597,45.948550197478674,68.93583841910043,63.47312864872988,57.28178819251335,Seismitoad,19.603405081550136,Lunala,0.9985070772671615
Tyrone Nesby,68.13377231859305,54.315943404324976,33.48351701521521,44.87056839670302,55.32537298774621,47.13823654887569,Seaking,16.648737809120917,Seaking,0.9975919681818289
Anthony Carter,52.876052726357,18.177482027357467,60.0735760565448,93.24561666722,58.26841693901714,50.15158099463789,Lilligant,26.138866933515544,Glimmora,0.9913799885337209
Earl Boykins,54.60217510785763,76.38487862244008,41.14015834064722,90.79423333557838,28.728775437868705,62.90799178408489,Scovillain,20.200972070879683,Grubbin,0.9937042812093262
Charles R. Jones,32.85904798099271,22.13671037132475,21.770124547347148,77.49806836781572,47.55172210992911,53.39755302880758,Braixen,12.204804155402881,Braixen,0.9944161159785536
Elton Brand,88.15476730470375,79.16851152938052,42.6055907340472,53.09350567308605,61.00930295005696,28.385095380996678,Ursaring,22.54096490979974,Beartic,0.9915756598764681
Steve Francis,94.027516178005,83.28820297751587,44.14127554256006,91.1380820454153,58.55311702124328,32.65223562201731,Wyrdeer,19.544453931166395,Grimmsnarl,0.9943266090753887
Baron Davis,89.04598304936734,78.1855847604354,44.77317048619861,96.66863871745738,59.85116804674566,46.58033224357301,Wyrdeer,16.47584370983159,Heatmor,0.9977018439969374
Lamar Odom,87.25256259347928,63.876078986030805,51.47940061077189,74.65609982243404,64.25167940037163,41.473231808851146,Abomasnow,10.921172876056973,Abomasnow,0.9976837397119726
Jonathan Bender,39.702064310857125,57.45245716838479,67.62261082861087,36.02373321680589,26.20931386327155,58.57678987410784,Qwilfish,15.157333912023981,Qwilfish,0.9967581075323746
Wally Szczerbiak,80.75403645804661,78.60476548469636,46.11600302570214,59.37771640115023,28.96078068280638,38.43483191190232,Veluza,21.902984794100036,Emboar,0.9937414104121176
Richard Hamilton,83.49309859812708,90.15267758141634,54.36918084523155,77.13967293110446,25.63391639804094,13.790832807611908,Copperajah,30.992446595320654,Copperajah,0.9814983656414594
Andre Miller,82.66305202736416,64.71122744589633,41.88261233948771,95.73197820826567,50.46642751467084,37.10850190731807,Farigiraf,18.74590829415615,Heatmor,0.9936753710919172
Shawn Marion,89.4998465564378,72.32458825533963,48.79313708418504,41.121167898319065,81.50991135734742,56.04498050189463,Oinkologne (Female),16.18310626718631,Oinkologne (Female),0.995933773735286
Jason Terry,80.35226514514424,73.27775591158877,48.08519310640168,80.23869834141276,42.57078428354527,39.316567422288216,Heatmor,11.354366062431302,Wyrdeer,0.9973188230673308
Trajan Langdon,35.81459253755115,56.63954380018605,75.75186089128842,64.03772948666402,38.4131485703057,64.94173456900317,Falinks,23.071586114822267,Falinks,0.9878323427636642
Corey Maggette,75.4323192884386,92.52065808361816,32.6203166640142,59.83959019783645,50.04872589829101,57.08549913601523,Toxicroak,22.745907479330512,Basculegion (Male),0.98981055516686
William Avery,14.877676456022984,38.04334619085353,56.82938726226086,89.38404545922376,29.130753685497147,75.85813379762081,Seadra,32.17632707034539,Iron Bundle,0.9847281916697116
Metta World Peace,84.71260476207527,65.10489311049632,63.23779688570302,63.46811378069783,66.71520461197748,35.277072138005444,Abomasnow,14.593180162676019,Swampert,0.9980397523027335
Cal Bowdler,19.057702015185026,35.6336039318818,56.305012980260095,10.629988410508954,56.71749950296918,77.07099918377195,Volbeat,33.55470009636368,Trubbish,0.9835301795213593
James Posey,69.57496185508315,38.775725237355935,50.62456557071671,45.66375241667208,70.11018433602794,36.21641791573542,Terapagos (Normal Form),20.683455314409283,Dewgong,0.9969652639577765
Quincy Lewis,27.08738016999623,35.21502807533425,76.12902558593477,41.05774731752117,36.76887327709398,44.32631092548959,Hakamo-o,19.376548212258115,Jangmo-o,0.9959199636129024
Dion Glover,54.82294581577487,63.91558886049107,54.45481751781556,61.53970333373251,58.28233185917835,57.2444828499412,Glalie,22.06369986589291,Rayquaza (Mega Rayquaza),0.9989195516676673
Jeff Foster,55.70780454749592,15.967862757094998,67.87044209173091,28.130918331718533,75.17416975174872,43.78866412674558,Dustox,27.57632925834773,Umbreon,0.992536293488187
Kenny Thomas,73.24407280764922,47.440839808604885,44.23631003329743,44.70982573263189,67.61110430095691,38.69305873718824,Seaking,22.102522176271357,Lapras,0.9951559820851237
Devean George,49.94045860097453,34.099011174667844,61.62779657981526,32.414014620020055,62.20512535819186,50.57102102382797,Bayleef,21.98032649427176,Dubwool,0.9966322729106931
Andrei Kirilenko,79.24284403525927,62.09635874110792,53.26957411151978,65.55015945146883,71.9528917536676,32.83036482237746,Abomasnow,11.570858827016124,Abomasnow,0.998141401279155
Vonteego Cummings,54.0357258565691,55.1457302886635,29.35083997992364,85.20549601663288,50.95760991688381,77.40147833455045,Houndoom,18.54145519639646,Houndoom,0.99488436935723
Jumaine Jones,60.61114631999387,46.54364706287809,32.957628834342216,29.53681157523046,63.80909014402284,52.347181291262366,Raticate (Alolan Raticate),23.437518215022493,Fezandipiti,0.9913963786852178
Scott Padgett,31.069804752856616,44.74623149819987,79.3049451813335,48.19045717814667,64.56441099471338,35.599093360621765,Klang,13.27213057589339,Klang,0.9960224695199353
Michael Ruffin,35.86250118424029,2.601342633875721,46.82079703140468,27.709630945616087,68.56444614526768,42.694010510632445,Dustox,16.792795742054494,Dustox,0.9909787141465082
Chris Herren,34.73771072847357,12.710732082401002,44.19174369776372,86.67579458888498,28.79255075919997,75.0800813049992,Drizzile,26.779834291626578,Litleo,0.9813436478471091
Evan Eschmeyer,35.959114067245004,8.946825717278225,71.63391997290215,19.05850673954124,68.36563497247126,62.66508748798061,Pachirisu,28.508196900011658,Burmy (Plant Cloak),0.9986823332364767
Calvin Booth,30.69188035897292,25.105726986361358,53.42926563834734,20.37748805049698,52.66489084120981,58.77828653489204,Medicham,22.128984494109634,Trubbish,0.9986225310105208
Wang Zhi-zhi,18.071028638859023,84.13227384528552,51.36159842980789,20.129432480785752,44.404817066362256,68.52640562218846,Dugtrio (Alolan Dugtrio),34.390485865038244,Crabrawler,0.9878265674757001
Obinna Ekezie,27.801251554227115,45.60237484090173,35.66513573002119,10.1398678677646,58.84858908408448,39.644734401546906,Scraggy,21.789091621300983,Hitmonchan,0.9866337384855558
Laron Profit,27.73578747803154,30.762084048502967,46.66304224666688,72.11263499979016,60.88559210526523,79.65337622453507,Mr. Mime (Galarian Mr. Mime),17.733889543881812,Gengar (Mega Gengar),0.9983048593169426
Gordan Giricek,60.713018078299605,70.9529303928992,43.84173538572264,55.62599407404359,35.417422501079336,40.75018092765919,Quaxwell,17.961327041797414,Veluza,0.9962379012332274
Francisco Elson,39.38253244153972,15.753661254438429,64.73608098200907,20.905011096549597,67.42481338493768,51.23371286169705,Dustox,19.693679090990372,Burmy (Plant Cloak),0.993033150910479
Lee Nailon,54.71490594890081,78.35761164311523,40.4782590444583,47.243856304464366,35.780628420861056,27.5854639419118,Ariados,25.868231455447408,Teddiursa,0.9974458303523224
Todd MacCulloch,44.39812480417933,65.98291277395515,79.8997046349719,21.374414126078392,46.07508391105635,73.36526603559503,Gligar,24.350504163534303,Gliscor,0.9953706865466434
Rodney Buford,52.67924681329794,50.42201205128628,38.95925942568291,34.429745869276545,48.38038031235165,43.958668254787575,Quaxwell,20.26133886692558,Regigigas,0.9973668361553462
Manu Ginobili,67.27391624769929,85.47258966193831,80.78179153656417,84.85115964526867,67.78258042493684,47.79921254410168,Volcanion,17.892330256230995,Volcanion,0.9977130049823659
Eddie Robinson,48.85538383180063,53.58653978353848,60.84532389451447,37.02971891139944,56.63104772378786,61.71974469204576,Watchog,23.046744349754956,Zamazenta (Crowned Shield),0.9992495759595721
Raja Bell,78.27754063844587,50.3499108857157,40.86685292115376,44.25970481306864,28.703918271999477,50.95140167646599,Bibarel,20.686833955241347,Skuntank,0.9978610043495455
Ira Newble,57.26536608697438,20.22598986903327,39.62460196760533,30.77596583936734,37.827783196038204,43.630778509820814,Nidorina,16.86389909554825,Bounsweet,0.993936046517897
Milt Palacio,48.35769708045452,24.561327511247164,58.998444060233794,86.13228655935654,46.60144671341464,45.09352065309259,Pelipper,29.42423363358788,Sinistcha,0.9908968273026136
Jermaine Jackson,19.64483492308789,8.79152511718867,50.81892699656333,81.89506441003847,42.39500518089612,54.17007990659664,Rotom,30.215185753042142,Chingling,0.9880775456058443
Zendon Hamilton,28.447697902250297,57.956521127138,28.19415628965827,11.193993213726827,60.552594347835885,43.22796595653067,Herdier,27.590755491991626,Hitmonlee,0.9828120364880517
Kenyon Martin,79.4324767270833,63.88190950945423,59.54584196374624,49.15838988285957,75.7532307600714,53.59566948181445,Nidoqueen,15.9481593847331,Nidoqueen,0.9961057663901173
Stromile Swift,51.12578807995882,71.49692839457137,50.49382979420086,14.863042773477243,65.48892842821823,49.96821457463836,Sawk,31.11427267033055,Heracross,0.9975715230176428
Darius Miles,69.42477763225972,59.808706945500425,53.3480557347166,59.54636929371129,60.36139543718699,36.61974359960918,Dartrix,18.800401882928167,Abomasnow,0.9987541467299402
Marcus Fizer,54.32921243635997,79.51510929914834,34.689599043579975,54.52881641649864,55.41360647362956,35.789849324236016,Banette,26.563265972880693,Deino,0.9921991846323039
Mike Miller,74.60061625642616,61.91428639312054,39.220623032953135,67.7836295446163,44.10768781642992,45.1747165520628,Heatmor,17.98848076605996,Wyrdeer,0.9979551230583434
DerMarr Johnson,44.54499183045674,52.52032670307504,60.367442788322286,38.62036187232579,49.96724295371431,72.8360899565827,Watchog,22.535515835957604,Drapion,0.9927976659923985
Chris Mihm,53.64443984487953,57.58758327643583,39.01205673765346,14.269358596674168,46.31464273901243,46.540657269449845,Herdier,14.083803433941327,Annihilape,0.997406795251792
Jamal Crawford,79.38205420341053,83.22444397182909,32.68628863218531,77.9538927401246,32.264524515077426,46.52253623810319,Honchkrow,18.112849366731748,Emboar,0.9963409727366026
Joel Przybilla,53.04028504288259,10.373316918161263,43.69438816859882,9.897069384463094,52.20917398431432,16.613504298527157,Seel,22.650847975328407,Shroomish,0.9906959786963554
Keyon Dooling,50.34537338713701,51.3835184816323,55.694024571427946,77.55263772780806,34.29969887390632,27.737044165498823,Maractus,26.137210836992804,Exeggutor,0.9894811079856076
Jerome Moiso,21.641988263272378,27.38002768676481,89.99480758970677,18.23184996332488,74.24110726958168,32.79699865212826,Whirlipede,23.727288874479658,Whirlipede,0.9948295346916376
Etan Thomas,45.566415257193,43.27127153742929,38.8678587608249,11.992606298247004,52.827185012870174,51.25496486611424,Herdier,17.054109596949623,Raticate (Alolan Raticate),0.9953751964152728
Courtney Alexander,54.98033770270448,70.93381723158977,42.35017396154665,48.86621005017643,30.63481998520946,45.02497723070079,Quaxwell,14.252116312760645,Quaxwell,0.994351049324243
Mateen Cleaves,31.55944699854781,42.83975915280389,71.82550472716356,91.15755273551792,42.697101295507785,88.47607324573636,Iron Bundle,22.779202254861552,Iron Bundle,0.9943228614799026
Jason Collier,38.94330947188256,61.21609140021084,22.564456409845224,12.170811594723354,38.953874978817375,47.70043693067098,Larvesta,22.88743980598996,Sneasler,0.9931338674967789
Hedo Turkoglu,74.25474763743222,65.15436150614276,54.48692406038872,71.1053622068109,50.071658413171946,42.09866146073792,Heatmor,17.27508120559508,Samurott,0.9982134796575687
Desmond Mason,79.11801880976317,63.05978097058372,34.48669379348911,40.7404197475136,37.2613776631468,36.08820796077071,Pignite,16.835519647933364,Tepig,0.9939884811011271
Quentin Richardson,70.65951212050602,59.242387354110114,34.5020268735338,42.34257836330126,54.907710523241605,47.663795331487,Seaking,14.323685672844853,Seaking,0.9976039996033867
Jamaal Magloire,62.11905644622543,45.814880952371794,56.54077011358714,14.623987461984072,53.9134530644754,17.969307385197112,Grotle,28.810170808737034,Garganacl,0.9934271789616679
Speedy Claxton,66.92026168519357,54.32547048419522,61.27629252174558,91.85146746862682,57.66460206472642,31.31334445901976,Vileplume,20.98637117895462,Exeggutor,0.9947923590427603
Morris Peterson,73.49714665666562,63.7241958416686,36.29833430381838,43.85115030308659,51.626796177566106,36.34548994736307,Seaking,19.871812789863,Basculegion (Male),0.9941238179428313
Donnell Harvey,44.01100594564091,48.30054013452733,74.80775057762524,41.66624027539249,65.80039169945499,40.3241002953776,Metang,17.529502421861903,Mareanie,0.9919859859888605
DeShawn Stevenson,62.82820167245694,42.35765048414906,28.49732778907852,54.81649735464416,27.098718982876584,35.93860736510854,Dewott,16.446985723917567,Dewott,0.9953681830659405
Jake Tsakalidis,41.61798228835271,32.868064147176895,76.47199036352202,9.02390981944494,44.80028180114672,39.301845000606,Naclstack,27.94377711548918,Skarmory,0.9939281777888331
Primoz Brezec,60.30409810469475,63.94815620663771,24.27148621390224,16.876831423213677,35.05719073227455,57.08946384748082,Bibarel,21.40694450665448,Excadrill,0.9953927360706211
Mark Madsen,27.813146652815867,8.6652899509367,71.26293100395021,17.887583684395217,39.757331283376494,44.03052222533428,Skorupi,26.771102357275222,Binacle,0.9685692329001784
Eduardo Najera,47.51102891357187,24.64577099130985,58.65521893668901,26.57761390451298,65.90524397815264,75.56910781311913,Volbeat,21.557272856058248,Trubbish,0.9944760570029109
Marko Jaric,67.73192236484655,27.87284547648272,40.93065875550047,82.60814138604486,59.34148285222707,30.95262128726253,Lunatone,28.37719525308138,Flaaffy,0.9961514271082907
Dan Langhi,18.767448367749363,38.95828032859187,53.351982666078094,19.365728724269665,44.26748457569428,41.02324474678113,Pumpkaboo (Small Size),17.517280559466336,Dachsbun,0.9921579218791389
A.J. Guyton,39.09699771239242,52.23950789584139,53.02040166992304,82.58006832446382,9.559144924588184,21.23853873193788,Combusken,38.86043564058372,Meltan,0.9606784378101851
Jake Voskuhl,38.24920178360397,28.108481172662152,58.90216959566955,21.707312321900154,54.20576443754915,67.03173317748488,Servine,19.772717460630407,Trubbish,0.9968275803043598
Eddie House,43.14969255908397,71.69372636744055,58.997589774516285,68.66622740982453,49.13187371266759,45.49090802670116,Flapple,21.13227899526884,Charizard (Mega Charizard X),0.9941097124242854
Hanno Mottola,36.508000483831175,33.69557424087672,44.55963972115348,19.025120776165057,36.42265335987047,70.52689435773456,Poliwhirl,18.456691913901558,Poliwhirl,0.9849179430193862
Michael Redd,85.70266975386077,94.9036898112248,22.973141575079797,56.75473409037431,40.53312452372723,47.58399011069348,Rampardos,25.77027020589518,Pignite,0.9876989210017317
Brian Cardinal,39.94634866705938,43.28447804404183,60.526412426941405,55.57791822256089,66.54818442448537,34.67982117884925,Wartortle,17.067166717819102,Venusaur (Mega Venusaur),0.9969812506413089
Jabari Smith,24.07302288997869,36.94730565617714,63.1832621444352,52.14965477556412,60.15725286593599,71.45154736128826,Servine,21.140376277533655,Starmie,0.9925878685985369
Jason Hart,44.28711132823922,35.87125571932626,54.580216887521495,84.66093028523083,61.35124801794748,50.98893093574127,Masquerain,24.829311719522163,Piplup,0.9919028798987123
Chris Porter,57.03736853882301,61.84828820765272,14.880286417543074,41.58648467218617,55.63884537927947,80.23047661669277,Primeape,28.917653439121665,Aerodactyl,0.9859190343005508
Daniel Santiago,25.05898746787772,31.02630379305616,77.58290411617757,13.6014350266511,53.064998417454674,70.3666698892716,Gligar,27.600320918845235,Dachsbun,0.991631167194817
Slava Medvedenko,34.04776022425259,69.35493866073577,68.40038211589946,29.23126630581352,48.19832038482685,54.7780631584986,Qwilfish,25.465591517066525,Pinsir,0.9976648603875095
Eddie Gill,29.9211350242737,27.560900687318057,64.54388020042141,79.92955441916288,57.73786463750909,22.703984111227992,Gloom,22.213458631360048,Magnezone,0.9919099086399538
Malik Allen,42.66691422119516,41.08116576640995,56.333151217117006,19.5664899006152,38.106167198133306,34.98622603984205,Croconaw,22.108786381202805,Gourgeist (Large Size),0.9973266872036356
Ime Udoka,50.34386159208164,29.08138742701268,50.63166486803637,40.02476130089316,63.385985902605896,29.17909922720573,Bayleef,22.500425296644227,Wo-Chien,0.9952399855276249
Kwame Brown,59.64751415782615,33.33929420732257,45.30783499408016,27.98310559561225,59.31667470528538,30.901573947192706,Vullaby,25.625953221095312,Dewgong,0.9923506283590225
Tyson Chandler,74.35212689085441,31.279368908478464,50.9271744570949,14.586743186052162,58.39593394527331,38.09305289721287,Diggersby,27.42462847335523,Mandibuzz,0.9888181638576917
Pau Gasol,88.52382493519663,85.71885728106743,48.63975687413031,71.28290703777459,49.18989274392418,43.52122142709351,Grimmsnarl,12.613548170529427,Grimmsnarl,0.9970471347412192
Eddy Curry,68.0920026742019,89.24573219894872,29.041776605354404,12.859056204999778,35.64254793850273,38.65875512461128,Gumshoos,28.879811930160937,Gible,0.9879255725613294
Jason Richardson,87.95577033686138,84.28277016266888,29.25008175010052,60.44425885058167,54.311508968009946,57.40169888818414,Basculegion (Male),15.717834138414055,Basculegion (Male),0.9969615136808325
Shane Battier,80.73459077362907,27.05350895603017,63.932104251062405,40.59174857859679,45.86562288072273,29.80452524655068,Carkol,14.769793143662595,Carkol,0.9931652624123217
Eddie Griffin,58.220998621666695,41.67827301913,51.28798089528871,22.78541738505833,51.10253418612305,15.870153663910449,Ariados,28.54873176746159,Ting-Lu,0.9887448998073272
DeSagana Diop,34.53165278842664,3.5864746407124937,65.27205399094285,18.482986465478938,62.19784994901334,28.10188130999704,Dottler,29.09150659721565,Kricketot,0.9909296683875175
Rodney White,40.49126634323631,78.73036627465726,80.13454318059442,63.74929186998875,55.25924718056764,67.39943311889017,Kabutops,19.05192754030963,Kabutops,0.9932679092610757
Joe Johnson,91.45523762341644,74.27652510264156,38.45083099093252,76.3422723475521,33.13419532987665,25.839946017954706,Guzzlord,17.68016759962896,Guzzlord,0.99331488776159
Kedrick Brown,33.80736621240031,22.58284874607412,75.99172856944219,40.8356782305583,65.69137571742718,40.07415598063984,Bayleef,16.54254324203925,Minior (Meteor Form),0.9949067339543558
Vladimir Radmanovic,59.01742854747736,53.77352891759456,39.87221344687987,46.93406423074593,61.57442073632974,46.49154814421271,Seaking,16.24207914198759,Ho-oh,0.9981753490089027
Richard Jefferson,80.56836086234766,67.96184172466393,55.894431955126855,54.008397403288015,39.27621679403223,35.01379979421704,Piloswine,18.536484217354214,Dudunsparce (Two-Segment Form),0.9955690533113413
Troy Murphy,73.36702416975389,63.685355068184016,24.28968906944325,40.57531268810583,63.63860216845112,71.24154757925628,Furfrou,28.110643418997633,Roaring Moon,0.9869084081565835
Steven Hunter,39.9947979230719,34.234596978812846,42.165072875043776,4.964564305937612,30.91782474666024,58.8472119387071,Corvisquire,21.485452725256202,Tauros,0.9917414605204005
Michael Bradley,35.4183503994529,17.0513851640094,34.321408924532854,35.01389103969073,50.13381105806037,37.68938839133363,Lombre,16.210193357444545,Altaria,0.9935135494986105
Jason Collins,57.883540370386335,7.697747815867785,81.35926072545551,26.2488264436934,46.2349098596627,25.014795733725244,Carkol,29.479118097390757,Carkol,0.9738575637191741
Zach Randolph,85.3003045900432,88.81036829614031,39.452999514780345,51.36848213052208,63.47318542049364,18.032920407879875,Copperajah,25.81655224161831,Beartic,0.989239848758841
Brendan Haywood,60.716311068986805,32.390810385890084,50.79317158279204,10.476856192396854,43.90816135821639,31.29394264426645,Vullaby,19.69799478583771,Corviknight,0.9924339088699852
Jeryl Sasser,30.635185494202755,8.06627509378746,56.08330602900657,52.63136170618327,69.64341628460858,56.54926328590427,Illumise,19.040985450668632,Orbeetle,0.9951040835170648
Raul Lopez,47.34459413321157,47.40550068052074,80.77938561267104,97.62037639337056,51.16757954625592,10.463046488423275,Vikavolt,23.91328807009888,Vikavolt,0.9881771918626203
Gerald Wallace,85.88255199208149,62.7619990146526,50.96726378388634,54.70862652969069,79.11132802851075,30.528360242045704,Muk,19.15290970375297,Muk,0.9957792928144927
Samuel Dalembert,65.94891403040654,36.011351141699706,46.97003694084906,9.241164045434648,59.50035590213032,29.37707132980517,Vullaby,30.93869931103774,Corviknight,0.9801135076340944
Jamaal Tinsley,70.62230536066035,41.04039112108834,57.2123190297762,97.41369246892503,60.24634655220144,49.458411692440485,Xurkitree,27.08227502641293,Piplup,0.9912102194759175
Tony Parker,80.72968540744084,82.7753183028631,74.37729944784405,93.81264149221208,32.12616181560299,21.98525596154386,Exeggutor (Alolan Exeggutor),26.73711880308585,Exeggutor (Alolan Exeggutor),0.9879723622166954
Will Solomon,32.21026323232224,55.61421314897274,45.86915107575516,85.17585244746829,45.09431285179675,60.42995903902048,Xatu,26.047261301044415,Sceptile (Mega Sceptile),0.9882361764397538
Mike James,66.71122380197568,63.416685109356095,42.0097075746577,85.86671820447613,39.704469506295744,33.98100526772481,Maractus,11.676144803213008,Maractus,0.9966480367721274
Maurice Evans,50.80032293307124,46.613842791651805,32.739685358219724,23.66468091209047,31.66349508751429,45.31684916858942,Nidorino,15.75136641717886,Krookodile,0.9974490754139912
Trenton Hassell,67.17211948448995,16.089798354199576,34.70756344717609,52.05624670096612,20.5723960377436,28.21326635358619,Amaura,25.759708004493486,Fuecoco,0.9875671486778967
Gilbert Arenas,90.24780986807104,91.3531192074062,26.154387695303907,88.14261960436438,57.69786596154291,69.2603669893015,Emboar,32.43948935647546,Shiftry,0.9923630065030287
Terence Morris,33.504875221281466,17.42587032302111,29.41236570848324,36.98511107684873,40.39906042165761,15.793027658353337,Piplup,14.228990273629819,Oranguru,0.994609431432286
Brian Scalabrine,33.625802600294485,16.246499069434922,74.21449440048048,50.32901500706082,41.01899000633703,45.0737665234572,Pelipper,27.71627391302513,Pelipper,0.9904574752900166
Mehmet Okur,76.31531509752254,79.93504862203973,33.873604651157,47.96948229544651,52.84664007893058,34.685658030568675,Gumshoos,24.6978079342773,Ursaring,0.992178621446513
Earl Watson,59.31923093403261,32.054467475875626,49.17345652292912,93.1998066609341,50.88032601452528,49.80124732020297,Lilligant,27.056787780026138,Porygon-Z,0.9875034699813207
Bobby Simmons,69.88303633502986,54.24092520341346,37.81057289179249,48.83683193389919,56.829068282567306,31.260406363766663,Zweilous,19.511056819405546,Centiskorch,0.9952086061476522
Loren Woods,26.06955407939846,14.038084596470418,54.194109800264734,16.59361541523103,58.0820983620791,48.68700948165964,Dustox,23.52311367271015,Burmy (Plant Cloak),0.9967962329629786
Jarron Collins,43.49776130811744,19.158583662062608,68.22325033475454,35.869479675513375,34.42351504357899,25.96429830390589,Swirlix,24.70707125810616,Carkol,0.9845474768144106
Kenny Satterfield,32.90335443763787,34.26948980309107,72.6800064019418,92.42534352829593,49.07397128763999,35.67305111365285,Magneton,22.280388431398126,Magneton,0.9877929565299841
Charlie Bell,67.4146060265977,47.37149645269848,29.130586721660805,65.13792818051529,37.1484398981324,54.96404428295664,Dewott,16.477598974110975,Skiddo,0.9944803087804625
Carlos Arroyo,50.69297467103103,50.00231347932901,53.31619397232542,90.07840458213732,30.90255861742448,16.8621265938826,Maractus,33.79451285891161,Vikavolt,0.9798278583060417
Oscar Torres,37.11206463955155,56.9615000385697,25.63637067714233,25.87615668457185,26.034518682543855,17.843006496664877,Teddiursa,7.846635710067378,Teddiursa,0.9981340769156098
Tierre Brown,27.74070137707557,39.59350603605832,44.06599130727977,90.37266345027868,42.72342949388505,34.2846677530649,Brionne,31.55300244285395,Popplio,0.9913856495695353
Chris Andersen,44.870783785782606,32.90507714954764,70.564011799221,15.364122462317038,63.32142264625498,45.54069144615816,Vullaby,28.89975378976813,Dubwool,0.9840489999414813
Mike Wilks,22.52539765544689,24.14758532702587,67.88593932837192,79.00260808154566,43.807032370837845,34.214597636840715,Magneton,24.218498355949137,Magneton,0.9951096902966529
Yao Ming,82.7245073212057,93.78203673233946,72.02261887909027,43.79174443313936,50.70128747397985,19.197061980486264,Crabominable,14.779127527549484,Crabominable,0.9960951933455104
Jay Williams,66.68158424703513,54.84448422465877,27.19847840680242,93.42134705750728,54.47527411053927,80.40948758111435,Houndoom,16.524692482168643,Morgrem,0.9963252467988055
Mike Dunleavy,74.8650939396119,62.07616606470555,52.51238395242609,60.5362244683092,48.311118697236296,58.07107043505593,Veluza,16.5828118481732,Entei,0.9977874264190884
Drew Gooden,67.76635863029078,71.65243213002906,31.038904509429,32.52546385008593,66.1776654142111,33.66632686422135,Seaking,25.9070001452542,Muk,0.9875669579298102
Nikoloz Tskitishvili,29.657307062219488,22.44682559570716,79.01530332039852,46.73664685797412,37.77095131702702,74.19254214083267,Servine,33.03296784693014,Wooloo,0.9977534120818367
Dajuan Wagner,60.21721598915669,76.25137193189373,30.38875242773543,70.51088388798668,31.32115334830033,56.62099060613154,Seviper,15.539387993732264,Growlithe (Hisuian Growlithe),0.9971793426624053
Nene,71.28175769261104,70.6428343289593,66.35774783445339,52.12148191022138,77.36404128107405,56.17718148277592,Poliwrath,14.475703664589249,Regigigas,0.9970691388261874
Chris Wilcox,54.12756493980014,67.75579066231569,32.292425100928554,23.416918645567048,60.66658842905057,49.974641395585984,Beedrill,26.791164612806522,Gyarados,0.9941393571489336
Amar'e Stoudemire,82.79621183920695,92.57970995789968,30.131642733283314,27.57796559621306,58.001173234883424,57.83857177842895,Excadrill,22.949723609474827,Excadrill,0.9911368360913242
Caron Butler,85.23373507161318,71.82234002622535,34.298139673160016,53.10511745827295,64.0284192712681,32.58541561515914,Seaking,25.797334734827775,Centiskorch,0.9951949290153512
Jared Jeffries,57.20691799798904,13.104595560164835,43.41719042043191,41.40349697357427,50.379318765766925,55.02402562715896,Espurr,28.85653490037718,Scream Tail,0.9899418593257839
Melvin Ely,41.97656252580592,44.01990965221548,59.356836773446126,33.14066723674101,37.78160656742473,39.50270930727751,Croconaw,10.248562767678063,Croconaw,0.9979236461073036
Fred Jones,63.95665702837448,37.18284951785708,43.04612241899894,71.63197938051907,41.35334268474221,34.912432925672405,Dewott,16.02007160046503,Braviary (Hisuian Braviary),0.9948947092155782
Bostjan Nachbar,46.65811009998203,64.80371503137508,47.20443168087142,44.25911999528542,46.85677535832683,47.23282872967786,Mightyena,14.038054940219391,Larvitar,0.9986128955172522
Jiri Welsch,52.81695951849836,43.16976309559297,48.7419492657398,63.21262624212018,60.92357442137106,77.4996153535166,Xatu,18.463298521609016,Snorunt,0.9977303766523223
Juan Dixon,51.19977463673886,73.47270292823073,32.52413198354018,69.375066559954,48.84994551062306,44.99501040487284,Seviper,17.84195603658837,Victreebel,0.9956845409407588
Curtis Borchardt,30.71829092436557,13.791786609087165,39.3575479686824,46.74453778321541,48.13214248625204,9.107272389678426,Dolliv,20.76328108941771,Arboliva,0.9964446561703968
Kareem Rush,45.8624784244634,57.01779444614002,38.66294607223831,46.87471577620464,31.251458480687333,70.39507984154321,Floragato,14.381904494143237,Chien-Pao,0.9986933793083744
Qyntel Woods,34.396117540912904,45.34682357243145,38.39607329642869,41.69799190221583,65.94410458756339,39.22667575201098,Eevee (Partner Eevee),24.92349492935187,Eevee (Partner Eevee),0.9919216225231413
Casey Jacobsen,49.20522534418889,27.220302979333795,75.3683888246762,43.036869409290986,25.9458607240611,59.69783468333007,Quilladin,34.69369298182068,Cobalion,0.9834786110581213
Tayshaun Prince,83.672349297129,51.1146697024972,55.56664763816905,59.96397487995748,30.93652797726586,4.099575640628251,Quagsire,23.885973333190233,Slowbro (Galarian Slowbro),0.9864897249549501
Nenad Krstic,66.05951775437313,63.81369160316787,54.63945522781642,21.121589334656345,40.52474399886766,37.316336007580006,Arctibax,18.668471167305885,Drednaw,0.9970201727297253
John Salmons,74.48896502187368,47.06841675822847,43.38938377431742,68.51515768231066,45.57465109393996,45.33232115925685,Dewott,19.15134776188926,Braviary (Hisuian Braviary),0.9974294105039722
Dan Dickau,47.6259671148772,58.852903009822285,29.824819300078552,91.572454374889,42.90792998224037,31.716401010526432,Maractus,23.97729653503394,Combusken,0.9872303898206949
Roger Mason Jr.,50.117849899829466,51.27083799878988,44.055547664360674,57.27241327300457,28.94194802358317,25.08027380620745,Combusken,24.495128138986,Samurott,0.9946000248440378
Vincent Yarbrough,59.43164018796151,30.476616692772435,68.28149474155292,71.40299843365406,60.86372790333409,42.15708212127993,Chimecho,21.73631368906695,Armarouge,0.9954197728228678
Dan Gadzuric,37.05649483659612,38.6865644823423,36.23784119721496,12.362214106569636,71.21533065883521,52.931893203159504,Tinkatuff,22.939022582694,Volbeat,0.9858304055008139
Carlos Boozer,82.06153417140122,86.44159260312331,40.82618086272661,59.72163359801933,72.3875234172793,40.38092616555453,Centiskorch,15.05908102521648,Centiskorch,0.9975969474560522
David Andersen,27.672347202917425,62.94076775951345,49.98440362910277,32.32043815827563,48.92723513372356,54.502625589713226,Watchog,14.478994113911554,Pinsir (Mega Pinsir),0.9975929726378443
Juan Carlos Navarro,66.03266950100694,73.0140971134482,5.124188856567464,63.48176325799957,28.64175430745133,87.82725441933319,Floatzel,26.622289637167952,Regieleki,0.9906050092570452
Flip Murray,59.951196506513945,73.26584086747374,34.422988368699855,72.73247211210884,43.45503941575558,34.52193394641737,Seviper,15.730933921991465,Victreebel,0.9953792976200843
Lonny Baxter,24.850961661334463,46.06820406857896,78.78053050902355,11.508843927987725,49.545612354811865,54.65981246711221,Gligar,25.04723518138644,Dachsbun,0.9919976383930132
Matt Barnes,64.41919882839714,44.54822100907708,46.66210151220201,53.88345692799192,61.99919711756118,52.87270387441514,Castform,17.23679755090289,Glalie,0.9966795264832204
Darius Songaila,47.46311240011156,56.68143137492487,38.74310631710868,49.83840612327483,61.70172210663323,51.81446584146472,Dragonair,14.621852922906571,Slither Wing,0.9951658468929717
Rasual Butler,59.88006983958367,49.91762125996527,50.96278197120841,25.17877564631419,25.25996757212864,26.74624644802801,Pancham,21.01754965533054,Piloswine,0.9950513743191677
Luis Scola,70.44058053676909,77.51508715062059,51.811836241878126,51.13243202672726,61.91075845679249,36.428597508357285,Trevenant,10.309062884627318,Trevenant,0.9988914648885769
J.R. Bremer,52.131849581415295,44.21902462673203,59.65999272120735,77.2844575097546,36.354744113658114,28.42732390390288,Maractus,29.440177349754983,Exeggutor,0.988774753140071
Junior Harrington,57.02430394594467,16.648636667797412,76.68220854804899,84.66071908907786,63.137187609253694,35.39609562291142,Sinistcha,23.252550973059915,Sinistcha,0.9931826924837496
Jannero Pargo,37.50348148722073,71.56800940642607,61.69201974929754,83.76953493807913,42.84500719796116,41.736787143215736,Flapple,23.51208631097546,Combusken,0.9900062131051972
Pat Burke,21.894439656432912,53.65312002302368,50.43556699524651,22.99888684080356,43.63944368436003,85.40060890967965,Raticate,19.692415845561094,Scolipede,0.9908424880923714
Smush Parker,70.7301151563368,49.92394375407852,27.22722061966376,73.88149730686239,54.50876323922569,68.74191244143385,Houndoom,24.33184612457863,Skiddo,0.9926072130291652
Mike Batiste,40.09845603043186,61.937793689863504,60.28194226896397,33.1170284179906,66.48579100469904,58.05549339897069,Bombirdier,23.28719084942186,Bombirdier,0.9974150948955359
Devin Brown,52.02471686809216,57.35483238785,51.82516028145809,59.78080498820368,47.8958480955093,34.03211642615448,Pupitar,12.395534480385615,Necrozma,0.997439762131931
Richie Frahm,21.47347303749161,48.06423188547687,70.9173329964692,43.2649347193951,36.794217778949,70.4928519032662,Hakamo-o,28.865954869558898,Gourgeist (Small Size),0.9901114197856855
Reggie Evans,50.50860369567841,11.544619700307535,37.86692883611682,13.30589550697012,83.4685532058377,18.55518205769102,Drowzee,28.6902205297333,Drowzee,0.9729488617850123
LeBron James,97.9343948526424,97.87894399842934,50.35263420771901,96.3017647903238,75.57010530454806,33.82225036348238,Wyrdeer,33.6825640340879,Grimmsnarl,0.9954475563360238
Darko Milicic,52.37860444754948,39.715785566235816,39.000600975417264,34.47807671187205,54.06733003119975,45.49501660341963,Castform,23.24155173421808,Fezandipiti,0.9971397693388763
Carmelo Anthony,91.31533288527471,94.46594238483576,32.49870575719688,61.17608551880355,52.48755529610503,53.48811201669299,Basculegion (Male),18.109366183216892,Basculegion (Male),0.9943007739920807
Chris Bosh,92.95801162406173,86.90113153732086,47.40386058316391,45.82195553418556,57.70415428937494,25.956051601288063,Crabominable,19.198749648120472,Beartic,0.99282569324375
Dwyane Wade,89.8466969025073,95.41614431240602,50.54883461848378,91.08794138515388,61.2916849521914,34.3401058164585,Grimmsnarl,22.133870480545593,Grimmsnarl,0.9968847889882495
Chris Kaman,72.20686045070832,65.22483142531702,42.34990878773928,36.70917368163912,53.52492185029993,33.11997936893013,Zweilous,21.861020069702185,Oinkologne (Male),0.9962335008447488
Kirk Hinrich,81.4101089015963,49.11492872530006,61.80854053598208,86.96904128539428,46.71136185445426,41.18029070658695,Braviary (Hisuian Braviary),20.15921406384969,Exeggutor,0.9934284162212718
T.J. Ford,72.76763131606197,62.60726883289239,41.43099542589998,94.91553764427876,55.399557309555554,57.49476184243069,Xurkitree,14.780507517266477,Xurkitree,0.9971811655277436
Michael Sweetney,40.7261511997988,71.79885590714005,52.84537647006815,28.63226357910809,55.93545644698676,40.55208386282887,Marshtomp,25.36533458873727,Scizor,0.9941016704766079
Jarvis Hayes,61.28833103171544,52.67692321289069,35.600269047347155,35.10951545078494,53.03394396900013,54.314711259272926,Bibarel,18.588154309818833,Seaking,0.9936417501637776
Mickael Pietrus,55.84858651595899,60.25947191213092,50.10817655361508,23.247908290340387,48.05775205527893,59.66796814757092,Thwackey,16.505096445036425,Kangaskhan (Mega Kangaskhan),0.9966350836522527
Nick Collison,55.29060002157781,29.444426860063874,52.41453364477843,33.25756561264862,53.65318966629621,45.08932206724066,Vullaby,18.151697508510246,Cresselia,0.997463996947518
Marcus Banks,42.28733957991734,56.3378184773005,53.80918397593451,83.0911440635761,49.76024038687592,69.47046195484604,Xatu,16.25674667473781,Houndoom (Mega Houndoom),0.9943701772672517
Luke Ridnour,71.30260264105719,49.18521250290726,29.21503967066609,90.2802732951535,43.476296221086194,42.193130858669655,Maractus,22.65492996599256,Oshawott,0.9914495040154601
Zarko Cabarkapa,21.248460326881823,66.81142492305912,39.83043991645683,45.05476646205902,46.76940086857635,75.35679579137,Ponyta,15.585981889014185,Ponyta,0.9947857794923636
David West,80.74193610229737,79.26829243542923,53.9885780321413,60.42913559028539,59.4405514490732,21.509585206873496,Ursaring,18.91130874799493,Beartic,0.9955263520853685
Sasha Pavlovic,39.677957586998296,38.216610136824166,59.69850425790735,44.96609435164154,43.86356375259703,36.37211865603357,Croconaw,16.706578154854288,Pecharunt,0.9965681690585654
Dahntay Jones,42.46910714410855,45.26711959474006,45.802964069980014,41.22536793748005,34.318923917895134,55.52456589712567,Floragato,15.466719367614978,Flygon,0.9962281542092204
Boris Diaw,73.09447833413918,37.45262519995049,54.78719522756934,78.0551131532412,40.535503931372986,43.36879714916334,Crocalor,24.808105816693185,Skeledirge,0.9935868681982225
Zoran Planinic,21.203219745302704,51.3549166843728,88.89845626004546,80.20353219476709,54.01572071743789,19.80446588148266,Gorebyss,17.418742107584784,Gorebyss,0.9945354703506406
Travis Outlaw,58.26418122375825,62.66590789616863,27.256708828127486,28.742809570146875,44.48088912643772,26.820092723178263,Marshtomp,26.784843997764945,Machamp,0.9890301623574733
Brian Cook,33.990050929149724,67.8136223327328,47.11770710262832,32.3340732763122,51.54838193800611,56.51849904766283,Watchog,14.13740337938893,Gallade (Mega Gallade),0.9966702438762622
Carlos Delfino,64.92513478125397,48.583183655872126,53.28523182638398,59.61865728294548,69.18578795625017,29.52077294231213,Dartrix,20.256158429698147,Type: Null,0.9970901493101804
Kendrick Perkins,60.36884509775704,19.899541629217445,68.65045555222768,28.52425545767663,49.28076571071675,34.520768575692685,Carkol,18.420047644028184,Carkol,0.9927841357082761
Leandro Barbosa,58.668572299645085,81.42457589340488,36.89208023105448,68.86604301576375,42.54109824305395,73.31969910099231,Stantler,14.819310123741303,Archeops,0.9976945007659968
Josh Howard,78.75457823574284,78.5548044160354,48.18999659874967,40.91299511920552,62.54940155884778,37.386945172493526,Trevenant,13.832179176599505,Trevenant,0.9967550241187719
Jason Kapono,48.405264616141466,57.75145501314084,38.93772896151454,34.037718239854506,22.504969808730056,55.66305918806212,Gabite,14.80444973349687,Unfezant,0.998687930585499
Luke Walton,49.014213897555706,26.52294638096196,50.40188754319679,79.26852413367037,53.68133693904495,59.236341454571416,Cherrim,15.112028874302572,Lilligant,0.9985189392984739
Steve Blake,63.88440837786279,23.98045418990062,43.36325920185956,87.07950033920481,32.37445998508866,32.287225529560075,Crocalor,24.495645478685603,Flaaffy,0.9893720453432718
Willie Green,52.596801061472014,65.12691719188048,50.63657945196008,54.52430681828119,29.79053119634542,30.2045373191568,Quaxwell,21.798993706883415,Flapple,0.9902846524368297
Zaza Pachulia,55.97272426230664,40.61234619111075,49.82801816291976,44.307178949168,73.88279488871015,29.36484313638028,Dartrix,28.556139806596214,Wo-Chien,0.9935900628025367
Keith Bogans,56.49253756443672,31.2215212875107,45.50518532935845,43.92083798833784,44.56511785134238,46.0012050730287,Castform,16.96333661445842,Calyrex,0.9978169273173981
Matt Bonner,44.47190787473286,46.19206452742276,57.15728038206637,24.41082062968196,44.575889488974006,33.19652827459607,Croconaw,16.382791613938043,Gourgeist (Large Size),0.9964024384750274
Mo Williams,78.76557087296644,75.21889310908279,34.84371719418161,89.33336183275097,38.05976085825426,31.64258607913063,Heatmor,21.51579845864594,Heatmor,0.9901785847874177
James Jones,41.85064264852416,42.34752872166472,55.25446742593718,17.643734519954997,28.559427320082136,37.06568852200584,Pumpkaboo (Large Size),21.54595785347651,Gourgeist (Large Size),0.9930559292984893
Kyle Korver,70.28655566005689,56.086997731081375,60.87627382192841,49.63663470465114,39.89887873476603,54.1517774528803,Malamar,22.418233906404254,Dracozolt,0.9977496571201441
Marquis Daniels,56.60726259645735,54.36781840512688,53.41736515068325,62.620875902008606,54.65782233197587,53.51086340830199,Castform,18.028649241316383,Hydreigon,0.9994140994685692
Udonis Haslem,70.45557929515265,33.83829516833797,52.7446910380261,18.97874021530784,55.75367334340712,26.72708635962433,Vullaby,28.191396271494384,Audino,0.9874703332759467
Quinton Ross,48.02792624129929,12.418065255775442,53.2496771965815,36.836998944214905,39.85896702532408,44.70405209604979,Vullaby,20.09007709056576,Swirlix,0.9875421432912407
Ronald Dupree,31.34099141647035,38.15454841253134,70.63326517976279,47.70100734865462,56.29442353923411,55.59608517140491,Hakamo-o,14.10465603201566,Hakamo-o,0.9939232104684698
Linton Johnson,34.754505214580384,26.598164138295797,59.82940434774351,18.50475397234641,74.11215234476981,49.085253831853066,Dustox,16.953066368557355,Dustox,0.9900065705753844
Matt Carroll,47.79912440989563,61.753877364761,39.02185834642213,29.678688370314983,44.54894584092943,56.59832368809021,Thwackey,16.127908739479565,Aerodactyl (Mega Aerodactyl),0.9966276222480689
Keith McLeod,49.40218736795746,32.054714599180755,40.69559203123268,85.08385561334909,43.39603552953928,27.28853196874729,Porygon,26.52342255151033,Piplup,0.9900078632051993
Josh Powell,29.861090543326377,34.80650971296878,22.43039588199492,27.9137570367248,40.943016476920064,53.17638804179378,Nidorino,20.804862860970474,Furfrou,0.9945901629388926
Dwight Howard,86.33377412875525,80.46344471665327,51.610083155928464,29.573763373286827,71.21973188986125,38.9166500628132,Oinkologne (Male),17.67931229979117,Oinkologne (Male),0.9938037221079744
Emeka Okafor,81.10003924938286,59.753000862976926,41.20003718818178,14.757171728478507,61.53157086749574,30.214953070770974,Arctibax,24.797001702699074,Oinkologne (Female),0.9881453216258279
Ben Gordon,73.45381785513374,88.4886341076225,37.53648647084732,71.58547504727788,27.64049621724234,45.92584557861986,Honchkrow,24.438384548023212,Emboar,0.9925057527895462
Shaun Livingston,54.56223394054184,30.25692185987013,57.357930045168025,82.44924794005831,43.79175436783808,40.01012921790814,Crocalor,28.188250909134656,Armarouge,0.9910766262291296
Devin Harris,67.09251969649871,70.88072821252568,44.72951970782752,86.6239826167608,49.12524591254241,43.704693782070656,Heatmor,9.498707154458474,Maractus,0.9986464088489183
Josh Childress,73.136917864332,46.79680157218268,15.8288103634573,45.88708986860381,53.66628207889984,39.7913567254482,Amaura,30.910661598025023,Gogoat,0.9896621980981477
Luol Deng,90.1320058987115,69.69725638217938,60.245260693045104,52.173741228471,52.12948031305322,37.38423067982133,Dudunsparce (Two-Segment Form),18.314744349419882,Dudunsparce (Two-Segment Form),0.9968530775870034
Rafael Araujo,24.26655622349977,18.07268366035068,38.06567922899061,11.95931086344918,73.57869763118933,70.07322937362798,Pachirisu,21.124016132103122,Pachirisu,0.9910029906470375
Andre Iguodala,86.61537616225,46.696894833815406,57.50927721951024,77.22604940656089,68.61439800094337,45.1144120185409,Clefable,11.684630149394826,Clefable,0.9975210539926852
Andris Biedrins,60.58862592343958,36.08394478632734,27.56983776275577,23.771613555800123,72.67719226418907,76.68869935382659,Tinkatuff,27.40499369665141,Tinkatuff,0.9923731134483627
Robert Swift,43.62027259922935,27.316641480036957,9.63032257191911,5.484379132159535,49.1230355735573,69.15542469241743,Buneary,28.51957995810148,Buneary,0.9593585037656512
Sebastian Telfair,57.45429021342973,45.954399216092895,27.89630242263865,89.25628913626264,36.84940476226191,37.83692288631563,Dewott,24.93381323960492,Oshawott,0.9965907039819677
Kris Humphries,52.33045769383086,53.23483850388017,44.50121418693016,26.381341476936225,61.30389621829344,29.15133520612171,Marshtomp,19.306171903674457,Gyarados (Mega Gyarados),0.9937652246909332
Al Jefferson,81.45083265101634,89.71749631017073,31.89278607097519,44.92792297336495,64.40039463386586,29.519150755844493,Ursaring,29.056282118954403,Gumshoos,0.984984017947983
Kirk Snyder,42.39451198451689,58.95873913244563,34.92818081172965,54.02837808724984,38.24690119981844,25.685717534901908,Combusken,17.678305120959863,Carnivine,0.9959661578419345
Josh Smith,86.85547708162238,74.14373428246945,42.50216800372048,70.2305450837338,75.54904250621773,30.290370787187346,Centiskorch,18.95229542692542,Centiskorch,0.9951309948367297
JR Smith,73.49991035106369,72.11981354803395,38.00693363840654,59.48969304052412,52.12734196457881,43.185385247593246,Seaking,19.583153057938166,Grimmsnarl,0.9970255441534377
Dorell Wright,65.33423289756462,52.57844767261746,40.145908039102274,52.42485095436629,63.13323589237435,33.596766505569306,Zweilous,19.263248984787015,Abomasnow,0.9966441641924718
Jameer Nelson,75.23417971995417,61.79160870532253,42.03995464525558,92.17409664866476,41.80994455295542,37.47569781035923,Heatmor,16.0673376602252,Maractus,0.994998789564265
Viktor Khryapa,45.79599537128915,24.110709491707976,20.7693086799194,46.50921253201661,70.36690866034243,29.856311684848706,Lombre,24.164368585916975,Lombre,0.9923033897038032
Delonte West,73.35665577809873,50.54274355841373,53.0453751770981,80.84778939964522,52.71633531202848,37.83178547366538,Maractus,18.74593555003465,Exeggutor,0.9960579375422552
Tony Allen,59.61819242704158,51.03513494231579,75.59946674388792,45.13335254923073,68.70596176334048,34.412015644937114,Eiscue (Ice Face),15.505249145760176,Eiscue (Ice Face),0.9974166682116623
Kevin Martin,82.88511398096259,89.64855344833609,29.56844889110995,50.69140428400305,40.50543368160111,63.46907935644981,Toxicroak,26.97653000421209,Kricketune,0.9958460101277596
Sasha Vujacic,40.19748541462057,45.82450045064501,40.86745771085617,61.20894817564286,53.19950462660373,52.01598391806775,Poipole,12.279749619452831,Charizard (Mega Charizard Y),0.9986231920531101
Beno Udrih,63.41827222891629,56.88098505623307,43.38087547198305,86.55681954193588,38.77303994802304,46.3203347933093,Maractus,10.965406885508138,Maractus,0.9970400057235177
David Harrison,34.523387119684045,51.16498414067532,74.64183198021266,8.194688482692937,47.53977500230811,50.31596705604212,Gligar,23.593512994916647,Skarmory,0.9930717941422016
Anderson Varejao,67.83396300845318,31.489828033364365,64.4369053210591,32.773508051171824,78.60104922815454,23.35220499528736,Audino,26.53374886008313,Umbreon,0.9937759897665729
Jackson Vroman,29.65556025827735,22.91599827691256,60.062642992346376,33.73478526668222,70.10758459023525,34.060845451743404,Bayleef,17.597877600173977,Minior (Meteor Form),0.998444238893193
Royal Ivey,30.18283305384793,22.089172984006048,39.64895112021552,55.99215766343065,41.98810814684657,52.88140064271573,Charmeleon,17.69978437218215,Lilligant,0.9967158142595148
Chris Duhon,68.66375825699564,20.987723861595462,50.81042258428212,88.96391887134013,36.22774109896435,60.28582690554018,Lilligant,30.567194378110475,Litleo,0.9847825790322283
Justin Reed,25.385841759695936,43.03402751069448,58.33529646957542,35.92915576446911,24.792508207014503,73.60602909529709,Poliwhirl,28.118944683402372,Scolipede,0.983989368650462
Trevor Ariza,83.34245169806141,45.17860241857773,46.8588256352498,51.08765657445922,73.09400533619745,49.97116941416767,Dewgong,18.491660953940976,Dewgong,0.9937591796235815
Bernard Robinson,39.61267820422105,34.14812022059395,56.79862360339938,52.87516499474187,73.4483045795049,88.22898419707309,Lumineon,16.830041999355235,Finneon,0.9970052048576273
DJ Mbenga,9.826807611024543,24.2417382926516,69.01199899429427,13.840245016057374,47.82932554623897,58.58503218884025,Skorupi,24.831839494346145,Fidough,0.9921156853291125
Andres Nocioni,61.29793162713605,75.38622080731396,36.53021293796591,40.03192942435388,47.30361967769909,70.07640928039723,Zangoose,14.770441719818242,Sawsbuck,0.9959119759320525
Earl Barron,40.778723920082186,40.31840411452158,36.61554465387994,19.87692476528165,55.11212662458965,27.08474853358654,Herdier,24.202818731968534,Gyarados (Mega Gyarados),0.989724503636966
Damien Wilkins,49.2278033428676,42.02088773758005,23.65280879807139,55.76482524557854,51.492720824463824,55.54220062165962,Poipole,21.927998909357036,Mewtwo (Mega Mewtwo Y),0.995662097892202
Andrew Bogut,76.48485348312978,45.04250956124532,61.17946947309269,57.86968161126873,61.49322127153059,38.82195306721746,Swalot,14.905078691655,Walrein,0.9993813470364872
Marvin Williams,75.16725599740411,49.82923513605422,36.53237462347008,29.64505373797727,54.80732665293132,34.146873630924794,Arctibax,26.05838735157379,Oinkologne (Female),0.9992780714950686
Chris Paul,90.33876192001874,79.99635197725271,49.904144044066506,98.83739195459825,70.28862747537362,31.754928813363595,Exeggutor (Alolan Exeggutor),25.479972233550043,Snover,0.9934794142785303
Raymond Felton,82.45050041397069,54.9619324660001,40.15361473091561,90.88757701446625,49.895064047347965,35.57928223649393,Braviary (Hisuian Braviary),18.864053572538833,Farigiraf,0.995051745171132
Martell Webster,65.15299006718337,50.88814220224039,35.97619436987387,27.37863782783973,36.01303447838557,22.84632462684787,Stufful,25.666592809890755,Oinkologne (Male),0.9944438666372993
Charlie Villanueva,57.15967487909775,84.64432878569193,14.770161807028774,28.660444695345458,58.786037974129385,44.69814266629878,Beedrill,30.403413725000757,Beedrill,0.9747792887805422
Channing Frye,62.6045849860616,58.46255901609196,36.3951613887845,26.64104646398069,54.03245534161598,39.116578092209714,Marshtomp,23.84045746051321,Gyarados,0.997229819334839
Ike Diogu,28.256925733489723,83.25175877186207,46.55138473591188,16.263796980115014,40.224434971536745,64.32152967917676,Fraxure,30.09637051966032,Crabrawler,0.9906791305488426
Deron Williams,90.1712532284983,79.5445183841823,32.23302545037803,97.20385504226286,37.02297804427898,33.15991588015144,Emboar,26.822670849052066,Numel,0.9890416020922422
Andrew Bynum,72.77807834416647,73.91478947350983,58.8244250134075,32.644754559735894,49.33743547519398,44.38778966276508,Solrock,16.12776598124198,Iron Thorns,0.99557989844985
Sean May,43.785487974717824,73.03899320304981,41.95679982416858,52.00480475624183,65.58905760901072,54.72814589513434,Arbok,14.48215075118147,Arbok,0.9948052856096721
Rashad McCants,53.110507666482825,83.67629577051957,30.12163699689385,56.065292781066645,45.56446320499418,48.075836269246366,Absol,19.165939228891723,Sizzlipede,0.9958391164881648
Antoine Wright,51.44515495525367,28.044323495455217,30.39948246218773,37.55467097192597,34.95513018380652,53.48193747150896,Palpitoad,17.453261064548705,Pidgeot,0.9952341982235879
Joey Graham,41.27790883436664,54.61985148111374,31.754966494156573,19.532055673055183,45.748208824236194,58.9727932137341,Herdier,23.666723475071986,Lilligant (Hisuian Lilligant),0.9952561538570559
Danny Granger,84.33756707615734,82.12395705202906,43.49269554234475,48.33919501332602,52.090973960487375,58.40608864663996,Basculegion (Male),19.400623713545013,Basculegion (Male),0.9962981446925125
Gerald Green,54.87538770192831,79.67234127949354,50.158154547334405,34.099886458487624,37.90054861029037,52.98105024221489,Mightyena,18.28373665111697,Maschiff,0.9959333700586762
Hakim Warrick,53.74084866372961,80.24921379122097,20.25991405333795,28.0968958554604,44.95430028761947,55.02613098362318,Zangoose,27.923342368799663,Zangoose,0.985149528737205
Nate Robinson,59.407887300717405,82.41036525925225,41.418562099208,81.91305385385225,47.42541076420069,45.64212998055684,Victreebel,13.60586706862521,Seviper,0.9967550272708271
Jarrett Jack,74.73019566088233,57.91007046161997,28.680243795710364,88.60095658664034,39.1987948796661,33.96102173722928,Maractus,23.573467984163884,Numel,0.9929920108366641
Francisco Garcia,57.082120241101,51.124651804982896,37.97668517032206,49.05111533677129,51.40981596676471,63.21155251058905,Golbat,16.501642707307536,Golbat,0.9969892041095471
Luther Head,59.76923709116931,53.70590916272918,59.56920675899092,72.13655276573,47.17476976132417,33.480439989432774,Dartrix,21.293236426482544,Exeggutor,0.9966574481800545
Johan Petro,37.73041710775656,32.231162914754755,32.2870415475142,19.54336405592446,63.49763539285011,51.19022843496847,Tinkatuff,15.99439389967221,Eevee,0.9939171751012223
Jason Maxiell,48.77404003708264,33.500919509029075,42.87719808090934,9.353771966929129,44.4053978021654,11.14709299791045,Pumpkaboo (Super Size),26.963739766352464,Garganacl,0.9921720007559944
Linas Kleiza,54.59204224406837,73.40401490407525,45.1375583659966,25.29084408475498,39.77268593670962,68.70275827480843,Gabite,16.94043680750788,Gabite,0.9971439296396521
Ian Mahinmi,44.71789724274457,30.85844595697221,74.44424512603392,19.071528321128472,68.4898371877964,41.83164831425464,Metang,27.502001115377368,Minior (Meteor Form),0.980729954262528
David Lee,81.81436548267514,74.93403970078013,34.49344858439393,56.37884653325842,65.47621616238936,54.50935142373454,Seaking,19.657092762628892,Seaking,0.9958365423517466
Salim Stoudamire,43.00008004406085,83.49678534115449,20.87330942562012,55.0726411078594,21.878028712904182,68.46098304427642,Archen,23.49647623780004,Luxio,0.9927921732581354
Daniel Ewing,30.22281644319901,19.415139505071004,78.28436315190514,73.3248506532347,49.35227651952645,42.05964172304964,Pelipper,8.422564698715355,Pelipper,0.9990047199037927
Brandon Bass,62.05728786207246,59.91899773760563,52.99889148282572,23.06874554944106,41.2168449544298,30.76182869665211,Machoke,18.416371534188226,Golurk,0.993516180185765
CJ Miles,55.45201789742265,76.91120232895047,54.50757322439987,36.9742094140832,48.863214244464295,51.977357253314025,Mightyena,20.18369292789131,Mabosstiff,0.9962470575289754
Ersan Ilyasova,62.99944977356758,70.27424987025593,53.03597700421543,32.108504860342805,64.36686929215995,52.83446820588128,Garbodor,17.499284990375145,Gyarados,0.9984974078594865
Ronny Turiaf,43.76659782378209,26.9085816099145,40.944892241127256,52.9512465034559,49.935893854019945,68.99008470188582,Charmeleon,21.55143836854662,Noivern,0.99612095568173
Travis Diener,38.68764853037799,40.51359869583869,20.7072236365437,85.9501400901933,33.62326814356674,83.3365994877788,Manectric,20.981457068827748,Impidimp,0.9916627373730754
Von Wafer,33.919252593620456,66.40803714362306,68.69397458157492,51.78741035190686,35.636886173119386,41.970041482818594,Falinks,24.027187988716385,Falinks,0.9954884711898313
Monta Ellis,92.48046836768688,82.42342227863891,34.290790645794644,81.00635213364636,54.63836487715559,61.119432948306375,Basculegion (Female),19.287601123283757,Shiftry,0.9948149555454472
Lou Williams,67.75149945698548,88.65766107645962,37.97948147176977,82.59759553235459,40.2769020444231,56.24476711534202,Victreebel,15.946752431527345,Seviper,0.9978027530543873
Mickael Gelabale,40.05418085935573,27.16547036259092,41.61775243919582,33.2920037103586,31.116480808930618,48.870820950051055,Spinda,15.05355814782555,Cobalion,0.9947370329629488
Andray Blatche,62.60587052572164,74.60963874962391,28.698137192007177,55.3254835490516,75.9866866468963,30.8674728165139,Seaking,29.437814503684038,Centiskorch,0.989610590156338
Ryan Gomes,73.09590289994344,54.81819340003376,14.52969241266843,39.61692670015927,49.05277819318286,46.46044311743549,Bibarel,26.771178013573905,Basculegion (Male),0.9873355357229133
Orien Greene,30.692293628675976,10.59229572649248,87.33537605143012,72.64921161174267,66.66014490151716,74.45674937268119,Orbeetle,30.443515721469232,Orbeetle,0.9841333314878216
Lawrence Roberts,38.11722253947802,29.27271192364128,31.115470410548028,15.27187290221526,78.37693324220123,71.83757497597718,Tinkatuff,19.361341709230917,Tinkatink,0.9981208744822031
Amir Johnson,59.32958489934124,38.49752656559011,59.052285157159744,39.59927433355787,60.71710908620409,33.693886431999125,Dartrix,20.50334044293776,Terapagos (Normal Form),0.9946743753377968
Marcin Gortat,74.55596565870117,53.499659876033775,55.84126741589756,25.874298940437555,56.174864559957605,41.82323977650961,Arctibax,23.278406551653145,Oinkologne (Male),0.9940149882835505
Fabricio Oberto,37.31286239586521,13.612541727080629,65.37885615106521,44.62118742869159,46.92638173951418,25.45518217548714,Swirlix,26.56721909401829,Swirlix,0.9816248650997837
Ronnie Price,34.033039950515494,25.371194579899345,66.16045192287454,78.6978766667076,53.925082987865416,49.79750547629597,Pelipper,18.658204263684247,Chandelure,0.9947972893509276
Sarunas Jasikevicius,46.11365515140951,56.220452662695,69.3640661003643,90.67740507604854,29.590266369455527,69.32538268713172,Duraludon,25.774279397826046,Duraludon,0.9910776969636663
Jose Calderon,73.42677360757041,41.90358213929626,22.07965303654543,93.31382088770224,37.343519916970415,33.991348691175666,Dewott,33.316376121459896,Numel,0.9921734787908981
Shavlik Randolph,16.786742094191546,27.1158133835193,76.99622286154425,15.785868920623235,75.67869054517796,58.87864901569125,Whirlipede,37.618581782308695,Binacle,0.9865166603666861
Alan Anderson,56.21321905472611,44.98042720064072,59.372307922802754,40.84789924926531,34.05105696601498,26.962161179951025,Croconaw,18.927330908807367,Chesnaught,0.9955123646241649
James Singleton,33.921246696231165,31.007247039182637,51.57206351122752,19.88822929948052,69.38308661349959,45.85865673420512,Dustox,17.136863919664503,Dustox,0.9883270448753766
Will Bynum,48.05542486584156,71.17689802355771,22.25876879448548,93.3297843154474,44.19874134528239,20.854725406571248,Cacturne,24.598914532024313,Cacturne,0.9864453212271168
Stephen Graham,28.638388200140728,42.85614911781671,47.9792381853872,26.32680764841568,38.51309168833432,48.99214033472364,Pumpkaboo (Average Size),23.92775788679742,Drapion,0.9957230336367152
Jawad Williams,32.000243700236446,28.899708453632854,27.693973499132763,35.9244140321911,28.866704426156637,47.68071938320848,Spinda,13.69895901253966,Froslass,0.9988434636176754
Kelenna Azubuike,65.27217278955443,74.87716870956582,11.057164530035289,30.136633908629918,42.92609625959892,94.52832694933971,Cinccino,31.214259580423178,Krokorok,0.9825709989033169
Chuck Hayes,49.94580218246897,10.807482420110867,63.94698596208008,43.98582336764806,80.16993148259685,33.10434898743022,Gothorita,27.13608341985513,Regice,0.9872271226521772
John Lucas III,26.721905774985498,55.46976346792048,63.00268552276159,80.51279437863612,30.21972187928718,15.092632928853462,Eelektrik,37.40536537433271,Gorebyss,0.9790320759910052
Jamario Moon,59.57322753793812,26.19145794598143,39.68441281865511,28.415539769864026,71.36947619236186,31.567050663360675,Dustox,31.35691853436475,Seel,0.9962552041341897
Andrea Bargnani,78.34665453841792,83.77165089650812,17.780623766510526,29.203724846867164,35.57665441978535,36.38647502353005,Gumshoos,21.64187537856887,Cufant,0.9884176719748581
LaMarcus Aldridge,90.60725066475732,90.30696704179668,45.04308856805218,47.78496095484447,50.732342230571504,20.16061204840836,Crabominable,15.442207394406093,Crabominable,0.9950607454402193
Adam Morrison,61.33348901969655,55.13413427612979,24.908914758200083,57.416987686193,16.830698064895532,55.06704528800496,Mothim,22.852464844449152,Shiftry,0.9936095793498698
Tyrus Thomas,52.6085199036752,60.44830215846379,49.8158115116355,31.177043405834016,80.58801623283672,53.67471612286714,Eevee (Partner Eevee),26.33257713031785,Ceruledge,0.9919464621647526
Shelden Williams,39.73991336320819,29.606226420703337,36.010688278510145,14.464027990597168,72.26439204791757,39.44208506605874,Dustox,23.74102050554985,Dustox,0.9789925207799016
Brandon Roy,90.61376993166436,88.4556204589755,24.76568801988799,83.81901700225669,43.64751921070497,3.680884851070588,Guzzlord,29.727901360248058,Guzzlord,0.9829273201393969
Randy Foye,69.34447876355722,61.19108890549816,29.693866012981943,73.17324149071987,31.825901816049043,42.86734828841033,Seviper,19.110607867215062,Heatmor,0.9950831050247585
Rudy Gay,85.63458667412024,83.96585826217047,39.925070626629854,50.4907930628188,64.69260242139742,46.55388609154075,Basculegion (Male),22.63040953135268,Centiskorch,0.9933297152139716
JJ Redick,72.17485920300567,80.72269837805598,53.24858853736646,54.870124574522265,14.936127900288184,54.61543073096796,Unfezant,28.627401525951807,Mamoswine,0.99044759155891
Hilton Armstrong,25.65024225272007,22.155772661036178,62.072178675361855,15.93584687026982,54.24023088917879,29.202105607460023,Swadloon,22.08870549179377,Sewaddle,0.9927870131873773
Thabo Sefolosha,60.48806669949168,19.98911672893452,66.91316104805524,42.48071692852472,73.75278880953562,58.08287892660911,Diggersby,27.13326277570107,Cresselia,0.9925462503930187
Ronnie Brewer,64.6626007094164,45.59951261758663,49.05661994025336,52.18002318446207,59.55387110935597,47.67474950921964,Castform,16.80150695385211,Giratina (Altered Forme),0.9973193482079136
Rodney Carney,37.19120929867369,61.83704117421137,32.958105651195176,15.688842912252657,50.108467533331066,62.46514751092983,Togedemaru,21.47629903647583,Weavile,0.9984853055875447
Shawne Williams,44.21237965505493,38.7866158841528,40.8087674917246,25.031059490433694,45.86950107553247,47.78695352630601,Herdier,21.62990210195847,Zacian (Hero of Many Battles),0.9969088410515958
Oleksiy Pecherov,17.219036882328204,71.80749908082282,27.743772739791407,8.855106053075376,53.1894081057395,70.3004784920168,Sneasel,25.702458330488863,Sneasel,0.9874325600177353
Quincy Douby,22.060329738747043,60.80439865292377,30.18304654987261,49.44061926059595,39.30392634508032,88.83219816020178,Morpeko (Full Belly Mode),16.129989709643766,Ponyta,0.9948485386584405
Renaldo Balkman,33.291753098076434,31.318245131394345,55.18504070840256,29.440186732366904,83.63878952419579,59.75670008305332,Dustox,22.121420272173527,Dustox,0.9924163603933206
Rajon Rondo,81.89425629588301,37.58393741385735,58.14199329606907,97.35162029409156,70.13981987783116,46.34126498620033,Ampharos,20.720575536506775,Raging Bolt,0.9948776046461766
Marcus Williams,36.98671710339986,54.66253568733065,33.288355691433445,93.82464490971114,43.48079597346064,72.30864600303237,Manectric,26.605021829336252,Psyduck,0.9930576964470657
Josh Boone,46.91235063685569,33.47611291626265,26.92220386022106,14.870908295950738,56.812863497078766,46.95880084941274,Tinkatuff,21.554291309279463,Raticate (Alolan Raticate),0.9900598557918054
Kyle Lowry,86.72603679216765,66.93348715614368,50.05354994477215,92.06874115215192,60.0597048615758,40.24224319875734,Farigiraf,15.539034901019829,Farigiraf,0.9958264280869695
Shannon Brown,49.901376335660274,68.2683359785298,53.84328029520956,50.86226458518309,46.456209245696535,35.670688743506346,Zweilous,14.288070579537214,Larvitar,0.9960601817455588
Jordan Farmar,50.86500225763374,60.0114175052685,49.175966610419074,83.25114159950957,48.6343914906188,55.33986828500304,Toxtricity (Amped Form),15.727949058408877,Toxtricity (Amped Form),0.9978649075212825
Sergio Rodriguez,39.16927984902947,40.966742564682136,30.306758350122124,96.89923957807126,48.664040017471685,45.66445448785315,Frosmoth,31.662185819737882,Psyduck,0.9864023251903387
Mardy Collins,35.58575991398572,23.32643471731535,27.53695167031653,76.98993220415002,54.30711657666669,56.43245402468057,Braixen,8.920825711137688,Braixen,0.9981696983139657
Joel Freeland,24.76149995847999,17.15336144102365,76.03854227716377,17.761489274021187,48.07894612606233,37.65936495544533,Whirlipede,24.75072743972034,Sewaddle,0.9863523096546752
Steve Novak,35.42333934437888,54.58738518383115,48.84597740345853,11.362899426026324,24.525823127239487,42.15414863625294,Maschiff,18.822925914884678,Kleavor,0.9965638408856727
Solomon Jones,24.435657471490444,23.695357594314643,32.40646534500515,20.840747213388266,40.54717741999275,61.74776191259785,Skiploom,16.535302048145923,Finneon,0.9900156020415303
P.J. Tucker,79.2209922796363,13.899271731799669,41.891583758988695,26.07510106445264,64.27183827845678,49.45769359104168,Diggersby,23.30005125979596,Diggersby,0.9855682082763269
Craig Smith,42.80763332013318,76.53908118123935,29.78834985112841,37.34338158232434,58.59460239315258,37.67695537551106,Farfetch'd (Galarian Farfetch'd),27.80321266202144,Komala,0.9905248502791268
Daniel Gibson,63.14934837023917,41.8187605304281,50.62961178726677,63.19093099897812,27.90289804492345,23.223897414306084,Crocalor,25.02111444668753,Exeggutor,0.9927190413663106
Alexander Johnson,28.248414481041305,45.47662427824508,6.944850302892566,10.61667682545908,63.91589109068048,51.61257946607192,Beedrill,26.791224840586313,Beedrill,0.9845518746055131
Paul Millsap,78.73350245703841,78.36067840294673,55.57397125481907,57.34400999705457,80.20445929411733,41.80432667069691,Trevenant,17.363374934897212,Trevenant,0.9960515064381666
Leon Powe,32.9402143801482,74.37664180365654,74.17884209509333,14.195505283519084,53.10296581122861,35.18689363718749,Perrserker,31.14894060418878,Scizor,0.9898325188315893
Ryan Hollins,27.40218487071333,33.54694583426645,46.65036781928232,10.877831298082471,28.81503720565882,47.85579834539498,Goldeen,19.95927837655184,Gliscor,0.9942783511440095
Chris Quinn,37.58044617268912,43.62323701772687,33.58364002683148,84.9006809399753,37.14474193761424,13.47278559604761,Elgyem,30.85867169637425,Elgyem,0.9913014422508999
Lou Amundson,30.71161054036871,25.898005386591617,49.27600872972554,19.731882840887568,59.112152975180095,50.6654159324741,Dustox,21.19055090526306,Volbeat,0.99332954238124
Tarence Kinsey,38.75298907769166,60.73514663665747,16.53604955967612,26.45816857866588,55.64344127598208,87.1742048250577,Raticate,23.46534993673021,Buneary,0.9924483149197122
Jorge Garbajosa,70.64941213201908,31.4927138972059,56.38087207249992,47.63310334850729,77.38053880492981,46.67015748061981,Dewgong,16.56774376833774,Dewgong,0.9986549527073754
Yakhouba Diawara,34.75656284029465,18.520654439972635,56.271387264513706,29.61440344265313,17.7444246603304,67.40684000241887,Poliwhirl,24.59750745621041,Scatterbug,0.9758575249173784
J.J. Barea,52.570636168534456,74.33195627541747,49.52386991248999,94.34052025950056,27.15120250691004,44.22503835336423,Cacturne,23.280611313991127,Combusken,0.9886665881687839
Walter Herrmann,32.96866417161432,70.62378370584071,48.9639680126138,21.81335266040372,36.52748382361273,50.06187047846032,Kubfu,24.42719605396131,Kleavor,0.9955909163396328
Greg Oden,52.18510104365494,68.92944675345582,27.191065376644023,13.712963634149189,58.93127766902112,2.949163637732907,Ariados,39.27530468438048,Snorlax,0.9696501539239936
Kevin Durant,96.68582987111652,98.25435532503788,45.724083199953625,77.23663786313003,60.00426617496606,55.60006533105876,Emboar,21.650898688222732,Grimmsnarl,0.9973551573583324
Al Horford,85.11660092190091,59.54499841234958,55.88854764987258,65.73505360911476,58.82406850864358,31.084081278755807,Abomasnow,18.251337815661522,Dudunsparce (Two-Segment Form),0.997305704667307
Mike Conley,85.03515680318645,66.75802532732524,54.21618502402874,91.13256635540677,49.71594254753667,26.32618365641049,Exeggutor,17.380034021971493,Exeggutor,0.9959474830731312
Jeff Green,76.10893859303705,67.88857153443679,35.27205543225365,37.58315961498126,39.03704569588312,47.72861232349669,Bibarel,16.251185594716308,Stufful,0.9973053066416684
Yi Jianlian,61.80589524721568,50.54432836305663,16.884068575296194,18.58402749583021,54.94312662452269,29.67531566789797,Stufful,34.8088798312602,Oinkologne (Female),0.9820889452950894
Corey Brewer,62.76735951006104,52.53805567676688,43.98093792479607,47.57022024760721,60.00195874102194,73.14575221857822,Golbat,6.062919359994473,Golbat,0.9990736000796427
Brandan Wright,40.68275001467131,66.65156424243534,56.95708102102798,12.684364974758005,53.97109523103373,46.074662992023896,Herdier,24.806043037875035,Heracross (Mega Heracross),0.9959809224483106
Joakim Noah,77.98867726873225,34.832724720314125,65.8289218622495,65.43257726990998,68.53813850187494,29.37985345356717,Tropius,13.657576033404577,Tropius,0.996089342351521
Spencer Hawes,63.01964448405948,55.40787988206782,36.830083805132105,61.605135367105504,50.04497802794733,48.72659456914419,Dewott,19.216156286406385,Kyurem (White Kyurem),0.9976700697876938
Acie Law,28.76092428559432,31.480089749119887,35.54467556355304,80.67915408322686,37.9049919071894,49.78102436990112,Braixen,18.765751931142372,Psyduck,0.9956418961462196
Thaddeus Young,78.98745430538571,66.88581970016659,45.428805905930446,44.134117965362805,72.28708697118174,40.89021569647214,Seaking,16.600357881702895,Seaking,0.9944023025847822
Julian Wright,29.666054101321954,31.6063758387552,49.85084439910252,43.21328915372759,65.01156940964572,35.87429867563971,Wartortle,13.751702736231747,Tapu Fini,0.9953010312241853
Al Thornton,74.34582522893352,71.4314910640923,14.931793792812034,32.169971614212194,36.48607834259082,35.702148759291866,Kricketune,24.531765322630456,Stufful,0.9879583283765874
Rodney Stuckey,74.60340873241289,75.36222192430932,37.4457464486,81.82546670876184,41.41013981519399,14.493692491823078,Octillery,28.967753602598197,Exeggutor (Alolan Exeggutor),0.9863116349229124
Nick Young,62.83208614817789,81.4741455345387,31.83157612461596,29.310750041641,23.957757314482414,46.11510005384981,Kricketune,24.94557214304483,Gible,0.9968001450735537
Sean Williams,35.431566184064486,31.73067195245593,32.56608567745133,11.819287335681468,52.88291514034614,60.32359921118533,Tinkatuff,22.008708928479415,Volbeat,0.9890173115784527
Marco Belinelli,62.25735625954318,67.24242603084102,41.21204359935759,53.93802583871668,28.847022887073027,49.11320817111467,Quaxwell,16.427506451241943,Veluza,0.9956739981447216
Javaris Crittenton,40.783634793558,40.03994512865187,21.45319443377479,71.70857633987383,51.25446255782688,61.15665775212791,Charmeleon,19.90201906630287,Houndoom,0.9941448866355552
Jason Smith,42.73501016544351,51.41948715265679,49.14971977811729,30.74895508118722,45.45990898021626,37.23930047256643,Croconaw,15.823217847400661,Gyarados (Mega Gyarados),0.9972660351791011
Daequan Cook,49.433236245430095,48.54472031328957,43.53372589417079,29.1158681168003,33.431846817536226,23.35226719889528,Pancham,18.257924779463995,Iron Thorns,0.9972078928687013
Jared Dudley,61.98695813205703,38.84801134378577,50.01488816943098,47.73923198686954,50.5672999393061,51.76078447057368,Castform,11.31921041074973,Glalie,0.9982903916115962
Wilson Chandler,81.50772022629064,64.15515186584351,25.217994198904726,42.46997051493914,45.92166010568344,66.5800586318721,Bibarel,25.404163235153767,Bibarel,0.9930357335882833
Rudy Fernandez,62.26124029656105,55.99737097480496,53.32549799957868,68.76961005738733,53.44175024446947,11.851091492076534,Carnivine,22.3303839634732,Exeggutor (Alolan Exeggutor),0.9956325823913181
Aaron Brooks,59.25548405914949,75.87137719196966,39.25464918449045,85.2305443164274,25.559039477509454,42.64124072538923,Seviper,13.892575656832642,Seviper,0.9954213597679923
Arron Afflalo,80.09432309267976,56.137180509681336,33.85092136326318,48.70356756766494,21.38051958378622,33.246824707386715,Pignite,14.831350300256409,Pignite,0.994439666406671
Tiago Splitter,51.388208120984274,61.81437346091097,86.10570057536765,44.47104735604063,63.164013736389,39.33143329120038,Gourgeist (Large Size),20.21467476255561,Pumpkaboo (Super Size),0.9932595748377313
Carl Landry,60.67607697494352,79.45829319151308,36.339414403269856,17.646702745924603,40.23900671519253,33.399711946527,Machoke,22.06853001841787,Golett,0.9961942264474382
Glen Davis,59.9318325267669,53.639454972914464,67.29044406669821,30.143471692790065,62.35842085094499,16.09929943094848,Grotle,20.59741859445153,Glastrier,0.9922644803720824
Josh McRoberts,55.84169412114622,23.77715278108768,54.07880182970703,70.80794586315079,53.87427016675393,29.773224999026077,Porygon,18.577720036035817,Ampharos,0.9938105363348816
Kyrylo Fesenko,12.83877612083595,25.42196225847536,89.67706582024964,19.762166629468304,45.07233287171741,52.96717718691949,Skorupi,29.5181507594281,Skorupi,0.990087400104679
Dominic McGuire,44.85243209231692,5.797786020410233,28.800626703424044,55.51949171968021,61.81173928794396,32.64632835837347,Gothorita,24.859398135101436,Grumpig,0.9927126120311357
Marc Gasol,87.97294256071187,67.08272929970956,54.47956983126934,70.77290790823928,64.77828031906444,20.604463087339784,Gastrodon,17.451251546910697,Gastrodon,0.9938632667351686
Aaron Gray,26.44951102233409,26.160574050001177,45.51328150727662,37.90629415877528,62.99883489443262,40.34363804259841,Bayleef,20.983290648362598,Claydol,0.9941750532975214
Ramon Sessions,62.939272088550965,70.67329387127687,34.12331077806435,91.14355637534904,40.67033799454203,49.40752423962633,Seviper,13.755477533460933,Seviper,0.997743278080788
Joel Anthony,39.96437716115529,3.97913086504011,67.63382501155249,4.945175649100959,33.29876198128353,14.056971850518796,Shelmet,25.79593913220316,Naclstack,0.9667245516417116
C.J. Watson,54.01007228117015,48.781498284142,53.114091088493325,76.75185836097016,51.31904381421997,51.12204317560136,Maractus,21.189981085240234,Moltres,0.9963754129915782
Anthony Tolliver,51.36673561427649,33.023975686194355,47.8730192046031,25.70023419246779,38.81034948340364,54.76335541175262,Vullaby,20.465597156525153,Obstagoon,0.9956623978747724
Ivan Johnson,36.85431846820647,61.77617923473355,90.52390353698688,27.245289459354424,85.87687242127794,28.145321045040145,Scrafty,14.959423845333529,Scrafty,0.9963701895224757
Michael Beasley,63.03076831983321,88.8087806432884,30.349173088812428,47.24535571925325,54.96524051984834,38.70652772482109,Toucannon,28.773164610418423,Teddiursa,0.990413950829253
O.J. Mayo,83.56843758792907,73.35341155157722,38.52576309478654,68.79447591788741,43.05410916163439,36.11582536248199,Heatmor,20.929534361641597,Emboar,0.9984258630202348
Derrick Rose,84.42306251519678,89.56856125355557,45.1174526783382,91.28692656525097,25.70089318624098,45.39647521354372,Emboar,23.757078630630197,Emboar,0.9902049700238462
Russell Westbrook,90.78784539023938,91.13047905271324,44.05201863243781,97.14782484478418,73.30101903761927,67.01802096001471,Salamence,29.664550628236046,Victreebel,0.9969214470980466
Kevin Love,81.50846535590695,87.10596637770477,39.81786699219998,57.35513639057135,61.70248638363727,47.88156930991564,Grimmsnarl,20.08593691811306,Centiskorch,0.9948679725057575
Danilo Gallinari,81.05666239950904,82.81009209637686,34.423964359742584,46.35671038805236,48.280159525485615,52.77452537863308,Veluza,25.110367501094135,Basculegion (Male),0.9953226100108264
Eric Gordon,84.79483335790829,77.4500471940936,29.20739213841822,61.224647939649934,24.98379092605841,51.35136005432041,Shiftry,20.628814434393593,Honchkrow,0.9939025634581805
D.J. Augustin,64.85127125947784,60.0830630649777,40.840510003817386,88.71349283672924,23.25375182739081,32.852180547729354,Maractus,25.576622333984957,Maractus,0.983943315472071
Brook Lopez,82.49581175291358,80.46887809600169,41.5681459769065,31.68213549733355,38.13125697305168,50.3359181781343,Arctibax,19.06277811151573,Stufful,0.9977825945603307
Jerryd Bayless,57.64184217007272,56.27621549778859,41.61450763769971,80.37913959758718,38.50450293794047,25.034138067881223,Maractus,19.000976128444783,Maractus,0.9948063960277196
Jason Thompson,68.58184269604301,46.37354720380771,26.662465802574623,26.00869739198735,51.756245540240805,46.83349095278789,Bibarel,23.816989672753994,Venonat,0.9915109329868133
Brandon Rush,61.88262651292882,34.54712856371445,29.6934438420299,26.520286323529685,35.80022219696046,60.3629814013682,Corvisquire,17.534189485344154,Linoone,0.9930243912872093
Anthony Randolph,38.367100780425965,77.93737327521445,31.658442669817585,35.565006397721085,78.889015039436,82.13180002957687,Weavile,29.31240708514006,Weavile,0.9857050867828246
Robin Lopez,61.8176754030467,56.93630274152604,43.13312970312793,22.364194075866852,27.13781109360777,43.91956043999674,Bibarel,20.89379526825048,Rillaboom,0.9967922664484284
Marreese Speights,36.28073207862706,84.46943633030324,55.75368701522607,31.25377502284321,50.49665125488856,50.16036466077394,Breloom,20.210366473039777,Breloom,0.9902141168049482
Roy Hibbert,68.89801578864214,59.9494754048535,61.37163628070287,40.01877834530601,40.69333359301007,34.20358236909652,Zweilous,21.394813832420944,Iron Thorns,0.9953322881291472
JaVale McGee,45.72352368978338,73.33167920578576,39.46177569835137,10.553465807091438,58.38606621855522,59.06163233412799,Togedemaru,21.70636543324545,Heracross,0.9954721211531496
JJ Hickson,63.20178869237275,66.86230764579034,26.52144446094196,25.05977723063565,59.67942183774268,36.49075180467456,Arctibax,30.01482612782499,Gyarados,0.9888594518156831
Alexis Ajinca,31.474707110260542,57.57658452308237,59.61284607921088,21.970325905258445,64.1995954396827,36.13133492070591,Scraggy,28.018917904586196,Houndstone,0.9952032601106491
Ryan Anderson,73.34772432083341,76.46492210854717,40.43294818618022,18.841573760559854,40.67333210551276,36.350519192497984,Arctibax,13.875222488759235,Arctibax,0.9945873546643762
Courtney Lee,74.59324983736148,45.44987894254315,43.252885203984064,44.87424205975324,45.627088766771074,32.95938263866472,Dartrix,18.40738719538302,Whiscash,0.9982347364911283
Kosta Koufos,43.783893190373405,42.173318376597145,57.0747677439484,16.42557879954021,63.16971483905311,40.89707588608125,Raticate (Alolan Raticate),27.322189630708255,Houndstone,0.9920255112978977
Serge Ibaka,76.75412357966528,66.90125382621812,57.3912087801133,14.270232657871858,44.83799280147286,45.57671753229204,Arctibax,15.382570222807077,Drednaw,0.9946921917462875
Nicolas Batum,81.46528705671493,41.60652480799024,43.42887384210298,62.02672286496092,57.196915057706455,33.22289426071276,Sealeo,19.525478343269988,Aurorus,0.9982928474301603
George Hill,75.06385414681861,54.220291469170085,70.30839611543624,73.63868072874575,42.87530033079574,31.59134431362961,Exeggutor,28.343769572010977,Exeggutor,0.9944174910143495
Darrell Arthur,45.45653546415294,48.89773287203011,60.361918861167126,31.42815965374442,62.040734721842895,46.9984426919244,Eevee (Partner Eevee),24.537276408761254,Zamazenta (Crowned Shield),0.9952612706763516
Donte Greene,42.155434645452026,50.40467990942632,35.93016380073878,26.569328597815048,41.16073113270298,73.73490811137891,Raboot,13.67105660529551,Ambipom,0.9956324707723183
DJ White,39.30670121432651,52.86388320872946,42.34058745521776,27.32586738136345,45.17464106926735,15.322335972185078,Ariados,23.212840568252396,Druddigon,0.9994530583742098
Nikola Pekovic,72.2792146270784,81.75671986856774,49.17555517107768,14.175923075056536,46.40209421449803,36.31480396095384,Arctibax,19.53334163980835,Golett,0.9923622334749461
Joey Dorsey,23.12832640977185,11.598831547381913,72.0780339100807,18.2977054981864,87.54933477616828,49.33348534515417,Dustox,30.65833168954627,Swablu,0.9896630430761139
Mario Chalmers,72.04542257582193,38.45784825196222,63.111083153603495,81.2289968461747,57.64173557265868,21.5656075148646,Vikavolt,19.901668493412487,Ampharos,0.9954028000806014
DeAndre Jordan,73.96456871875944,39.25622720352631,40.9273307453581,19.662700033196483,60.13113020034624,41.0193139349272,Raticate (Alolan Raticate),24.855098283851763,Venonat,0.9945830724762253
Omer Asik,55.900452042125,21.095081118066723,67.6255155315973,11.80593822420856,57.35183789144074,35.12804257946492,Vullaby,21.495908244853037,Mandibuzz,0.9867057594626162
Luc Mbah a Moute,62.70942222999802,22.156501580204186,69.91138252510778,20.794417082145465,59.58432308899727,39.208758337222015,Vullaby,23.639033586220034,Mandibuzz,0.9947469264587869
Kyle Weaver,48.53500436546695,21.36812113786593,41.97612702898284,62.290762507344674,54.727093618622426,80.36550702281787,Dedenne,15.950766547299892,Espurr,0.9944379073498132
Sonny Weems,50.596689346603874,49.85157034324765,13.568708226798512,58.354475126557645,36.46895998670336,63.59025762137635,Monferno,18.363828770650617,Houndoom,0.9923712015474627
Chris Douglas-Roberts,53.7173989142323,50.134963049837125,48.621613013725145,47.46982000319124,41.67069154197841,28.7367030843263,Pupitar,11.06247641802324,Arctozolt,0.9987260019428732
Goran Dragic,78.39943120557875,77.8369507355684,43.817372261873366,89.74788296409355,42.065073059044224,46.118473530043765,Heatmor,11.914724481733487,Heatmor,0.9983677258174717
Henry Walker,46.515186100805145,47.76095119677881,60.42105405423282,35.955883653998626,51.61143536706911,57.93424515678537,Watchog,22.12058174077208,Zamazenta (Crowned Shield),0.998118854168307
Darnell Jackson,11.83879955464565,31.618837007400803,42.57254770258535,11.198586158097596,37.95122017907844,61.8664543929452,Fidough,22.68426196182496,Fidough,0.9771991010693108
Anthony Morrow,61.45570129308104,70.42549714669795,39.22307976148951,23.684959741023658,30.01545540443033,50.07242666302685,Bibarel,19.07690970322933,Braviary,0.9929078993419259
Bobby Brown,25.620702315561072,67.21566268621682,8.78541156316785,83.73735254849217,21.27026689553015,68.88559821119343,Murkrow,23.697184491689057,Deoxys (Normal Forme),0.9900364841870033
Hamed Haddadi,11.025866708558484,36.31933384413279,77.78624987284422,23.92445297189016,50.4173409548715,60.57911470766847,Hakamo-o,34.62748707116504,Binacle,0.9925257312077784
Gary Forbes,29.17437300047316,67.21814371564798,47.30117808598309,55.49638374165431,49.24442554252512,45.71574916188051,Dragonair,17.996779711022167,Banette (Mega Banette),0.9971798478847242
Cartier Martin,35.358805864326854,50.63663769040193,70.73051759628856,20.03231792103662,47.7416448674655,41.24981247601696,Croconaw,22.99185098471162,Pumpkaboo (Large Size),0.9958824218659469
Greg Stiemsma,37.23547957131797,9.448457691179252,70.76961022985341,14.89280632035957,74.5684881944406,17.373268788938507,Bronzor,21.653371773879027,Kricketot,0.9921316057732398
Blake Griffin,90.04758379680501,88.96419938065299,46.44905145815376,80.1535668210713,61.20136930712242,34.445274978658574,Grimmsnarl,11.828100902685263,Grimmsnarl,0.9985833958185635
Hasheem Thabeet,21.578455630025967,9.551408277578476,53.18480558210723,3.657699798830124,57.13982409499464,53.207475389275984,Trubbish,27.856034684999784,Burmy (Plant Cloak),0.992624575247816
James Harden,94.469938522533,92.29429722055356,42.197667579814215,92.54619712592144,68.88697822442876,43.88583893742506,Wyrdeer,24.032009945009687,Grimmsnarl,0.9979600709316537
Tyreke Evans,84.96435030339028,84.36418235732931,30.30844404560921,88.3210589075326,65.25978017633496,35.30136050626666,Grimmsnarl,20.036498656472148,Grimmsnarl,0.9931919763809764
Ricky Rubio,81.96281356354947,46.057831229390125,50.61883471660418,96.92594464287627,70.53300263201807,55.40242178687783,Porygon-Z,23.881278470011253,Raging Bolt,0.9913152982407353
Jonny Flynn,61.71187701792368,61.043472352148655,7.141078515167556,88.99393491177959,38.62372810670061,72.70135928580984,Houndoom,29.72950827498465,Growlithe,0.985482487370022
Stephen Curry,92.37274574114473,96.12635816662178,53.3072090513913,91.6025739500382,60.83209804702816,71.9189200879542,Salamence,18.052819352809955,Victreebel,0.9981595631676061
Jordan Hill,50.967050566211945,64.6472813334809,34.135814583983255,29.129039902756364,53.81577402825283,42.40494282090939,Marshtomp,24.189204576409924,Gyarados,0.9970479390472669
DeMar DeRozan,94.96920439999732,90.76788797992565,32.46026533346964,73.72346552177453,43.04756141542475,31.17521687491444,Emboar,18.921682742397284,Emboar,0.9944587184750271
Brandon Jennings,84.78355690123264,74.26808665410562,45.742603346937074,93.03092848698024,49.23989211275288,38.24437040597482,Heatmor,17.31371623501027,Heatmor,0.9967807586196132
Terrence Williams,49.13587528232912,54.48433880944005,30.74316138550959,82.11227913407168,62.8646585405605,44.3511095246113,Maractus,25.9424491986004,Magmortar,0.9954533413819624
Gerald Henderson,74.58389247475876,67.5011264603097,46.99329035686647,59.41542283195445,38.21042061403261,24.98898376213273,Pignite,24.270876736547763,Dudunsparce (Two-Segment Form),0.9946645339850844
Tyler Hansbrough,44.20728359142985,56.9009787345451,67.4301020643333,11.757834207928903,57.29891890274366,25.67564150906685,Marowak,28.25992572474059,Greavard,0.9992146591440988
Earl Clark,37.404760962292826,32.94610927036286,48.400911538794375,21.86536484702046,50.976658707306434,39.81515360611263,Vullaby,21.175943897812935,Dubwool,0.9972319844716102
Austin Daye,35.356946427678324,50.26297390710827,39.58210035758791,37.91130978153595,60.25858050033596,26.13932125416308,Marshtomp,23.854018201798304,Komala,0.9880004588584076
James Johnson,55.38360374675772,49.64559730324959,50.91345021796335,68.37894747721184,63.79833987501315,41.08765402933364,Prinplup,23.54328477772398,Mr. Rime,0.9981904796526397
Jrue Holiday,90.30867091360054,73.00216071310695,53.9646595421904,90.12207418656476,54.875611618214,49.01152023910045,Wyrdeer,9.472852652866527,Wyrdeer,0.9985227816335596
Ty Lawson,82.18647331746496,67.72103518559229,37.65145604316611,93.18382792029612,44.54638030906248,57.33354496526744,Heatmor,18.179672598937128,Dewott,0.9972133619563855
Jeff Teague,78.77556565268108,71.1210740302158,50.88362978838592,93.41959088608712,47.96196241183702,48.41402347799334,Heatmor,13.355497649569395,Heatmor,0.9990115090878734
Eric Maynor,33.41751921225349,26.811766370944085,65.21698604039204,94.37862201092656,33.186541694163175,42.94553484969335,Magneton,26.583203717998,Magneton,0.98367596933976
Darren Collison,79.63530082290278,66.50777582485719,37.46709185102354,88.49277180639761,44.48986802353657,48.4520000698513,Heatmor,10.948652067302117,Heatmor,0.997609388274737
Omri Casspi,54.88378584374819,55.98219724912049,41.98904096148763,38.69970155569305,60.56415559403367,62.35177138613925,Golbat,18.058093875359717,Iron Boulder,0.9991067232207215
Byron Mullens,57.43468620560804,60.31121316603899,13.75234044371552,35.81533243449923,54.23469780662405,25.732907898283276,Marshtomp,36.51363702077731,Centiskorch,0.985238302259675
Rodrigue Beaubois,41.26904361102294,67.79917726107703,75.20655302890573,80.50013165347802,58.458105982883,53.735149161037576,Weezing,26.975924987416903,Charizard (Mega Charizard X),0.993077678404404
Taj Gibson,65.13721868911918,47.50286722744023,58.30765931145629,23.14376091641479,49.52427425892526,30.38710331993595,Marshtomp,25.81572467455679,Corviknight,0.9976866614647025
DeMarre Carroll,70.29616286740558,51.12843812379659,50.47260058103012,35.292662283172106,61.43227316478723,49.03005954601949,Seaking,21.202516656212794,Venonat,0.9978160436348653
Wayne Ellington,56.90635413573084,53.34588551059231,45.71034833137119,35.842201962026564,31.6439491539708,44.217104000238805,Quaxwell,15.368990925207813,Krookodile,0.9967316659978256
Toney Douglas,49.59094464929137,59.55110554922148,44.50350186925242,77.00041088261729,56.11704621978078,53.58718329263885,Toxtricity (Amped Form),20.964870262605494,Toxtricity (Amped Form),0.9957598993734275
Christian Eyenga,54.03773768666381,30.220797970626908,16.089067863977863,22.89380108456922,53.02588337931425,27.83770011494638,Seel,24.429215240710636,Oinkologne (Female),0.9831061792050412
Victor Claver,33.13889973557103,13.2402505281261,49.54655215722674,34.05510903861055,51.027757094716655,23.529446802049808,Swirlix,20.90768748475892,Gothitelle,0.9921931115142536
Jeff Ayres,19.54795545738669,28.317604798903133,56.49399599416819,26.40036730771578,49.12751368370812,46.54782350371413,Trubbish,26.519296152153107,Deoxys (Defense Forme),0.9903923285237979
Dante Cunningham,56.4391120124021,22.75595774129737,46.27100711904375,15.81980724709302,54.10668534243755,42.10496800598695,Vullaby,15.797226159539075,Mandibuzz,0.9953166740797464
Sam Young,40.12393509157146,49.51154752123369,55.95568910408694,31.58097805498828,48.65967715397295,41.26822081344952,Croconaw,13.592571259743288,Bombirdier,0.9948105136719462
DeJuan Blair,44.434004538588624,61.93553325566685,57.00997756434998,33.57408977385012,83.8134124314673,47.4139747720075,Eevee (Partner Eevee),28.67113544115638,Ceruledge,0.9875931381488618
Jon Brockman,21.28811276037893,8.770732531944434,57.39383335891344,13.039703003985442,53.56837808990761,37.05761303599636,Swablu,25.600519297051754,Aegislash (Shield Forme),0.9874607663542558
Jonas Jerebko,46.46237056419692,43.37073677298251,47.08159526828762,29.280118806494347,59.657165381384544,36.42413657321002,Marshtomp,22.970463242051952,Gyarados (Mega Gyarados),0.9937534164602574
Derrick Brown,41.64059270840558,44.21682116533778,49.88450610091787,37.22499926446905,51.57461156297634,21.5856098122274,Marshtomp,19.790872307230277,Tyranitar (Mega Tyranitar),0.9963287403690962
Jodie Meeks,64.56731095640114,61.51108689440286,43.74655042066024,31.232339570921628,40.80054064989056,46.74362242622944,Bibarel,14.202546120067472,Braviary,0.9984895080541086
Patrick Beverley,73.70480976483475,29.671996012575725,49.86632616146214,73.00654604320206,58.55491712921004,51.44662638410057,Lunatone,17.034673423259218,Raging Bolt,0.9968850526472912
Marcus Thornton,64.30109810316723,82.74293321600634,34.45376831961879,47.532254148667406,46.82147598193314,42.96363845547496,Seaking,26.854008223317447,Teddiursa,0.9922298857303028
Chase Budinger,51.00408833964441,59.36263454679446,48.87991395435314,43.69942963665338,48.447070267323056,48.52511179734641,Mightyena,13.78744442362143,Zapdos (Galarian Zapdos),0.998948410741364
Nick Calathes,36.13954389644088,24.94914193836898,91.74542218019106,90.39574044668348,65.59539377736712,19.204568783882475,Magcargo,23.58112905279798,Magcargo,0.991144742625667
Danny Green,69.40310429375727,40.38264884107283,76.71409805040359,37.93453933607544,58.79763311295202,41.84489300125891,Carkol,20.206150530264377,Corviknight,0.9920825695959845
AJ Price,40.65571274118649,54.9760876802211,78.16997633133182,86.2083917936688,38.24237835909173,35.878531526738705,Gorebyss,24.129298449697497,Gorebyss,0.9879511317395785
Nando De Colo,23.355066090511688,33.13369601858779,67.0663781870096,83.17887838692175,68.17471751582927,44.0185835362013,Magneton,23.695167922108954,Chandelure,0.9905394770233598
Patty Mills,55.86938656145439,65.17648301471336,60.5841184184929,67.84882330446978,32.29821757743736,59.274546188500985,Flapple,19.392523575125765,Samurott (Hisuian Samurott),0.9948955615816368
Garrett Temple,60.07496588838713,26.216046709528182,49.326492540248736,54.56636928169077,48.77361752431199,54.84265846330393,Castform,16.319040864967878,Keldeo (Ordinary Form),0.9967880601215502
Wesley Matthews,82.93904387314981,55.86200110219104,47.69629412742976,45.8005498837511,38.53458242010347,38.86393364914047,Dunsparce,23.18157066774929,Seismitoad,0.9923984831230666
Alonzo Gee,63.19411476412508,30.928046239108884,34.03344986678718,32.75412338251288,61.0850540459804,34.45279438049211,Amaura,32.156902392024584,Hypno,0.9925097090313232
Reggie Williams,54.47167178774034,66.91439602561147,23.02067353868233,62.820315954946736,36.84665376689715,41.74065011951038,Mothim,19.67283544759321,Growlithe (Hisuian Growlithe),0.9957634571967773
Sundiata Gaines,25.211244593143046,54.539203108172345,66.79863175842628,89.8172502641801,67.12320987351927,33.39598041825518,Gorebyss,21.28983845009215,Gorebyss,0.9903417406903019
John Wall,95.16766646744702,85.06697137699933,49.42219519106354,98.63981975032917,60.98114283699891,49.87749546601856,Wyrdeer,18.9404547600305,Heatmor,0.9984683457508101
Evan Turner,74.2038679442666,45.602345282517625,54.46306673324377,77.83206912417245,55.74884627693514,47.009385383558985,Slurpuff,21.032460931073814,Raging Bolt,0.9963062186648407
Derrick Favors,67.78341271261749,65.90113344425353,58.78653508937104,29.400260925843263,68.2146841806919,29.394188646161805,Trevenant,26.039215559000535,Brute Bonnet,0.9921534247267658
Wesley Johnson,61.91934708318092,32.12556586085637,37.02952005802598,28.90515208679126,52.694427389441024,60.99926342967781,Raticate (Alolan Raticate),23.978927149061533,Bounsweet,0.9930267770318483
DeMarcus Cousins,84.40499862446416,93.83568115267444,37.29853587950915,73.23272735239404,90.46049398151456,48.27581731310627,Centiskorch,18.957732506810647,Centiskorch,0.9959753978826937
Ekpe Udoh,41.13448947750042,13.719570929765789,70.47452604905483,24.544693855863493,46.70119795603488,36.098895108529824,Vullaby,21.582752821000774,Vullaby,0.9784730360413032
Greg Monroe,77.85257242633088,76.21164226312631,33.66435901854581,59.50615255913543,81.30405441638241,25.37764657634848,Muk,29.047535094616606,Centiskorch,0.9899004635225552
Al-Farouq Aminu,68.69923487061044,28.10683940615584,47.71109727847408,29.45437117816225,76.53696281269944,41.13863414543817,Diggersby,28.46404973134634,Seel,0.9957114523814528
Gordon Hayward,86.09751533965249,76.3607813457863,46.514805204882606,74.83202944361489,52.097937822272,33.967969457606934,Grimmsnarl,14.513282163599905,Wyrdeer,0.997723728259415
Paul George,92.52652556444416,88.80657559110855,62.85511962324701,73.98079348680609,79.80625888781138,36.86670866938647,Swampert,15.547435592956935,Swampert,0.9967823768683443
Cole Aldrich,22.75528993864048,33.543502358194246,59.45708644241092,39.20739490543505,81.9606621323127,41.80234307455587,Wartortle,22.984756534320212,Claydol,0.9947671912519671
Xavier Henry,39.09081358989542,44.94013591265679,62.11780636220789,27.4475814758052,46.35077808431927,29.784858077475494,Croconaw,16.398846640309735,Gourgeist (Large Size),0.9958766615849475
Ed Davis,51.28740732044677,32.171870634785165,51.91122921076097,22.065767892232937,64.09536023872634,32.22542071841301,Vullaby,24.43335226262156,Umbreon,0.9934864646318549
Patrick Patterson,56.89723529404964,33.65374832627439,55.02845238968519,30.21698923782481,46.82291412930119,36.173823840665605,Vullaby,15.732820439935702,Dracovish,0.9941814781156768
Larry Sanders,55.994402995444005,35.5947477718918,79.26867187028776,21.74013425364155,67.48775427584827,29.032540891071903,Metang,26.17295079217771,Umbreon,0.985956601846111
Luke Babbitt,32.56655238269658,39.85337781925757,39.42587145988552,23.353697876276645,37.77425365488856,43.45862004559184,Nidorino,18.193441318044474,Zacian (Crowned Sword),0.9987483947739368
Kevin Seraphin,39.31006796930385,56.34606598098565,65.00416608310606,25.50779353074165,39.32184616104898,26.673843821547155,Croconaw,17.615421667087986,Pumpkaboo (Super Size),0.9976477847789399
Eric Bledsoe,78.7031542082813,74.16995873904904,52.38236811457168,87.66548434954969,61.84440894040205,57.57770396078571,Wyrdeer,18.125906488252305,Kyurem (White Kyurem),0.9969226025722674
Avery Bradley,78.85006164454272,56.7483587519144,51.22485000277533,43.60958883085089,42.64530730154929,51.64392619394678,Solrock,22.103038081381264,Seismitoad,0.9937301373908325
James Anderson,53.27195579322058,36.61014862748535,42.54005098343884,47.20118972409781,42.89287653071624,72.15834899062449,Delcatty,19.27626440943335,Talonflame,0.9969993695132295
Elliot Williams,35.42800314109521,45.3067178035213,45.42974669314576,51.21472108325825,38.52030802540324,73.50540494473735,Floragato,16.872184613724023,Froslass,0.996624487846853
Trevor Booker,53.7809557406088,39.05150542952936,50.35767994864616,36.53486985674144,68.05917900366791,36.31523861435311,Bayleef,25.58130277173802,Dewgong,0.9928306021306538
Quincy Pondexter,45.06818441128876,24.733708003191055,69.26227848191866,30.582249362619955,26.134785258607145,17.64650480221713,Exeggcute,24.65980734327048,Forretress,0.979484000538969
Jordan Crawford,65.4140999060892,82.20467887581276,42.9757294863872,82.98686781421839,33.55753182313703,34.48265538375156,Cacturne,16.526126105169038,Cacturne,0.993900937118
Greivis Vasquez,68.22301307992024,51.51978120956386,51.16200052109072,94.1367247394917,35.38858094726522,10.48860170833642,Vikavolt,34.306789716121536,Exeggutor (Alolan Exeggutor),0.9814840914183164
Hassan Whiteside,71.03622756346027,82.93330222009341,42.08147573811488,11.32411926680672,63.10202435028932,44.00814712735234,Arctibax,28.089088611124133,Heracross,0.9891965599381958
Nemanja Bjelica,55.25193961523472,48.29468829358054,35.259299108531614,58.29188328989868,66.34713683126887,61.38244434719218,Eevee (Partner Eevee),21.2062880240769,Virizion,0.997407579951544
Landry Fields,70.85580138550098,24.738840018454948,49.32615717069583,48.75125103721821,63.77203136457912,34.96542217169787,Sealeo,22.142544812882637,Tropius,0.9951641382587127
Lance Stephenson,66.6143412392285,49.624260914622816,59.11939336432449,78.60539644738674,55.53670337949973,34.419027164678695,Maractus,22.045620412633262,Exeggutor,0.9960841447970834
Jeremy Evans,27.156121800888343,37.95135461485999,57.75238241335817,27.63622793317938,67.00543326784724,31.948814816809524,Swadloon,20.43124092322283,Claydol,0.9889814443907364
Donald Sloan,48.19474672092526,32.37597286685975,48.77352976727139,91.4390973252406,34.19261340912373,26.711409939704687,Crocalor,34.559311860027535,Elgyem,0.9853894292862705
Timofey Mozgov,49.18613834174489,50.68062155001122,48.03045562007621,12.725871237596122,46.79529512898984,48.57380242456688,Herdier,12.421871140775277,Herdier,0.9971864601930469
Gary Neal,55.92825625334737,75.24176723129278,50.450937325446894,59.94401889158026,24.53444414898853,34.344230278409846,Banette,28.15167452639447,Flapple,0.9899380328228893
Jeremy Lin,71.4460542591338,71.94186000073572,53.36218433793921,88.22521770445987,50.42247799477256,60.74131200835264,Toxtricity (Amped Form),11.133186214413103,Toxtricity (Amped Form),0.9987504422555408
Samardo Samuels,38.58067577027001,49.222509007775066,61.675737034200615,12.571201747575778,42.62119356478497,22.905675798622607,Scraggy,23.438033193157054,Greavard,0.9951997938347138
Ish Smith,55.5554427790117,48.80034987562303,42.15640335815091,92.39148266600932,50.60327354218821,60.15758146842413,Toxtricity (Amped Form),23.960728490880463,Xurkitree,0.9964133991239381
Jeff Adrien,33.81745962851177,36.42367406429926,45.29807920390159,30.566786956708835,61.22724206545303,29.58507690363992,Bayleef,25.83265522799333,Wo-Chien,0.9879827944066372
Elijah Millsap,43.97892497535481,16.124748831956264,94.18474047088444,52.52843050037952,73.74854622590072,22.049545614488125,Corsola,21.81621896699672,Corsola,0.9892771476415911
Manny Harris,42.789150843048496,46.1054111730395,32.56581698952022,65.37075308513465,52.44056658870128,24.758794481432147,Prinplup,18.05283503952536,Snover,0.9968058557158452
Lance Thomas,48.84824164113074,23.144954383351912,42.34707816907813,19.073419126911112,29.07440823769769,37.916426967578616,Nidorina,16.966104361722223,Vullaby,0.9909778861227933
Kyrie Irving,94.15957795765338,96.14181954643615,32.49787212260946,89.32002680285038,50.09520408779944,39.52930139541191,Emboar,17.8471665606294,Emboar,0.9954155269641017
Derrick Williams,54.7177839347304,65.09876738510982,42.01608938793069,18.605046908801835,47.291007512287344,40.77554564776485,Herdier,19.62576675126448,Lycanroc (Midnight Form),0.9951728316777544
Enes Freedom,59.71437644287917,80.76782671090854,30.976357376997864,24.884913940006317,54.559735273223154,39.21124910160526,Arctibax,29.785958539145845,Gyarados,0.9844579253707362
Tristan Thompson,72.19278947231744,37.04662905208821,31.59927579388405,20.28157512139196,52.102858377789445,29.6957012661669,Nidorina,36.55559038250928,Oinkologne (Female),0.9947612809716514
Jonas Valanciunas,69.94606235077312,74.15140238956216,39.84734966309519,33.60574767952279,53.71106995622616,20.597405950938736,Gumshoos,20.94745235379496,Beartic,0.9942119711432591
Jonas Valančiūnas,67.37008963141098,85.8089024078068,36.84564485024432,35.7673406337288,56.64927242781901,49.606057833176806,Seaking,25.618997951492346,Braviary,0.9906068325195712
Jan Vesely,36.431571095515366,12.868150564596691,73.52546472770139,20.46481980483372,67.61512285922583,26.40852670864216,Swadloon,22.369465364842725,Aegislash (Shield Forme),0.9943166682351102
Bismack Biyombo,52.40457416326508,18.23771614519124,40.38358469080749,17.64692099243915,48.84312700567504,26.395174254582656,Seel,16.929448190505063,Mandibuzz,0.9928973411841538
Brandon Knight,82.80063837416476,75.72448906866039,37.28286571376388,83.64854820667269,37.66050067902946,36.02169412128301,Heatmor,18.214984041940987,Emboar,0.9957573799094387
Kemba Walker,91.1474111092591,88.77419768544316,38.87133410187945,90.07243766452608,50.05579051741907,35.45505766411576,Emboar,16.96870718462645,Emboar,0.995137603832448
Jimmer Fredette,31.770574475946457,69.1012892452982,30.969085570587417,72.98797477349173,29.12825628833248,39.82441591994639,Combusken,15.919242845517342,Scovillain,0.9946870186841374
Klay Thompson,88.61257867937307,89.96540989372843,53.2768867023885,50.463817247469066,32.22307756550519,63.79901193096538,Mamoswine,12.2045742445048,Mamoswine,0.9987882350236172
Alec Burks,62.09981183131014,72.62603313504722,44.26910594027669,61.58545681893894,52.28573363221136,33.84473548221033,Carnivine,15.992657350370544,Luxray,0.9962635370707302
Markieff Morris,66.55431926344451,66.79164438582688,46.64554214697293,48.45459013167592,64.8667522839559,53.8319640043466,Seaking,7.3229230000145265,Seaking,0.9988719619397842
Marcus Morris Sr.,75.09079702548846,68.8472583362242,38.77173654500854,36.407296900236815,46.75460930508849,42.61344562325189,Arctibax,16.965931812997542,Braviary,0.9951447793638921
Kawhi Leonard,87.48608568000928,86.41579688602641,66.79852467057859,64.33711814573499,81.63572738887315,30.48960951836835,Incineroar,13.714267528281127,Brute Bonnet,0.9978219227926723
Nikola Vučević,87.04276900933448,83.41623877778238,32.31282127616106,64.90159413322597,69.18886623166729,39.08987663791589,Centiskorch,15.01914783271064,Centiskorch,0.9978350933653745
Iman Shumpert,67.07399873732336,24.89210155670237,54.88252015635456,51.4720164995577,60.26494645731866,33.622141166601104,Sealeo,21.105459822819835,Tropius,0.9957390964435681
Chris Singleton,46.4547653905578,12.362206673861133,78.5418383000772,17.10698665206209,73.3343796748397,25.98387425128841,Swadloon,30.877368936990653,Kricketot,0.9886721692745496
Tobias Harris,88.6002613781651,79.75555918640708,41.70540223450861,52.82215808210746,55.08451071021563,36.89825444738075,Pangoro,20.248063175952115,Pangoro,0.9926544719093665
Donatas Motiejunas,52.099907776635305,58.62271602969548,65.02001490561481,44.90927216032839,51.05016271647956,57.73547522808988,Mightyena,23.122972789055577,Koraidon,0.9970236798749489
Kenneth Faried,67.18143917510763,74.6575091219142,28.590542688221092,22.55161473669484,71.10897433105599,50.760450850642094,Seaking,31.26484639850759,Gyarados,0.9883376512279737
Nikola Mirotic,65.108382539079,82.39821612353616,57.30345772871057,36.16033434406097,70.41091925365944,60.73972997698093,Lycanroc (Midnight Form),17.287431441920887,Ceruledge,0.9973259451397211
Reggie Jackson,70.46736542024352,76.43469596283424,53.80711347473711,87.55050523224992,34.36841598457728,34.285567866642566,Heatmor,21.586633923937658,Heatmor,0.990159433518508
MarShon Brooks,53.37830771078162,72.3478195702782,43.07449122491602,66.8148795771885,44.26884237806775,21.85237281403133,Carnivine,16.151739621524445,Octillery,0.9973220243661408
Jordan Hamilton,36.97546973323876,64.07715051699451,48.06654240356151,44.69554247275485,65.79164613102732,61.86925561782408,Arbok,7.856444501397303,Arbok,0.9982782218923655
Norris Cole,60.00753796934122,31.38150751322408,54.79982459227268,78.51737288512457,42.69000002446216,16.50697612184314,Crocalor,22.289185389321887,Vikavolt,0.9973349664089665
Cory Joseph,59.09340289159931,31.56548860117227,50.080674629280814,78.93927513318938,44.44692550315486,43.28978278430802,Dewott,26.910136970482014,Raging Bolt,0.991973944686717
Jimmy Butler III,92.31061770151506,81.8344457119048,57.56660757288021,77.4311136141843,64.56615974413779,24.97121554561984,Dudunsparce (Two-Segment Form),19.08535224503874,Dudunsparce (Two-Segment Form),0.9940228614825106
Bojan Bogdanovic,79.85217166574112,82.09984983996495,33.823801451373754,37.94337608322234,27.64261073951641,48.14084780970384,Rampardos,24.04024300789376,Stufful,0.9957271112182149
Kyle Singler,63.49718559292101,27.291891084299134,42.670883092295576,15.680103515619622,34.3896645349254,35.584563775962046,Vullaby,21.27334769547412,Mandibuzz,0.9823120871662403
Shelvin Mack,48.13933473766503,44.790170456746885,58.22823404225751,89.83205347532532,49.10509920722897,34.14608630259668,Maractus,26.16811065860786,Piplup,0.9910993959646196
Chandler Parsons,84.8194996753874,63.8136819843498,49.53739369490872,65.74512688696201,52.79579971371663,41.57126865331165,Exploud,16.761023672012165,Wyrdeer,0.99751010200974
Jeremy Tyler,22.198349542416416,45.96198457629907,27.91481524277736,8.419791142270052,54.33553480964812,38.4213592255234,Scraggy,24.789371757674623,Hitmonchan,0.9894917578230146
Jon Leuer,43.740157997075336,58.76084510253353,61.59869501531243,35.20492346575403,56.153815582859046,48.77095002274203,Croconaw,20.970320445614778,Bombirdier,0.9975110737674582
Darius Morris,22.984774631831304,25.17914187943409,79.49444076250536,81.99387172383578,31.083251784911997,39.02971608515503,Magneton,24.990977638203923,Magneton,0.9882243323826893
Davis Bertans,51.18063720576258,62.00235107596468,43.6693015422059,28.283406538538717,38.12940852226664,68.74875121152391,Gabite,10.242578024630543,Cinderace,0.9978681285680027
Charles Jenkins,32.07139210685046,29.767325229347925,50.627484043901205,86.91490479763306,38.653073659566765,44.94198539583436,Braixen,30.406336816131496,Popplio,0.9817916166381754
Lavoy Allen,44.95588829889979,18.65161510771412,74.41834722908281,38.07638982597381,45.02408818002519,34.25401793364822,Vullaby,27.228101556195803,Swirlix,0.9814101165766634
DeAndre Liggins,21.851526796102704,6.237588977276382,42.76749772123482,42.97000535216755,68.38845672209636,53.91552336358329,Dustox,26.72997772361747,Comfey,0.9929130113460871
E'Twaun Moore,61.04597687564917,51.02185780441821,43.03636186072206,58.39446862418567,34.386166710339424,62.53833138142588,Girafarig,18.7434045934844,Shaymin (Sky Forme),0.9983020030302755
Isaiah Thomas,79.0585905080819,91.25830966215445,36.0321190900958,90.2564327677906,31.55096181726424,59.61997129575774,Honchkrow,17.85886414679256,Mothim,0.9958653412394946
Jeremy Pargo,31.06738028717964,48.66588487203367,62.41413339723147,86.80083735418826,23.852922372145173,20.29502220424753,Combusken,40.35991114396866,Gorebyss,0.9701564342914561
Brad Wanamaker,42.18508766757867,36.881840309067286,65.02761709967393,81.86852056494396,47.96154040887985,60.43447536122739,Lilligant,22.980606860230342,Lilligant,0.9893531575984738
Greg Smith,28.33049129812794,37.72779747509386,61.427286288886805,7.599037346283243,46.14056598169535,53.53268151575165,Herdier,31.923093748565442,Dachsbun,0.9915483200241709
Gustavo Ayon,41.71840146090867,21.70266889534573,76.06831846580262,57.02932564717303,79.6477193811939,20.02975120717088,Corsola,11.633475979321576,Corsola,0.9963469435048236
Anthony Davis,94.21034788031466,95.5762175588657,44.06446493753793,55.4963435359222,82.5380631542116,51.91060856070008,Centiskorch,22.377842295741505,Seaking,0.993229051125042
Michael Kidd-Gilchrist,67.97363759607896,40.20770027088008,52.67154424813694,30.01095334669978,56.29190381083027,35.97732828337857,Dartrix,25.738176156643796,Venonat,0.9923339869748514
Bradley Beal,93.8735845539924,89.76558673106325,36.82390397045796,77.85602198825393,42.54098552350285,50.78210330587356,Emboar,6.878508952393111,Emboar,0.9991896073870443
Dion Waiters,76.87692231295009,73.36755438551495,43.04285638755073,68.82368047916304,39.50844717365451,41.06701427651104,Heatmor,17.06744015787993,Emboar,0.9980224773583155
Thomas Robinson,28.80098756363432,47.092452048210326,33.589037335564605,30.05245935757668,82.57781896650549,47.58778099376065,Eevee (Partner Eevee),32.6782603157481,Eevee,0.9781942173024545
Damian Lillard,97.82700036000966,95.15813785587528,31.046284829174198,93.2591387718898,37.3865782566432,49.5175264975704,Emboar,19.873567018419113,Honchkrow,0.9963828990949967
Terrence Ross,66.66927777303565,67.24219593767604,37.86278782745256,33.51639786130156,46.07483604595037,42.78946324277317,Bibarel,18.539115885783144,Braviary,0.9973149270375797
Andre Drummond,77.72103099725743,73.07129890834963,35.16870525892772,26.97065248040724,91.32551802495963,34.79119239519593,Oinkologne (Female),33.25966985865712,Muk,0.9820846741307511
Harrison Barnes,86.22318027200004,65.58719151021725,35.539133059011384,33.17078093181691,36.693778071407074,54.75174913070724,Arctibax,21.049927669745134,Stufful,0.9963238793376638
Austin Rivers,65.62531982456983,43.87461163179078,34.41453086801455,60.58813071541161,31.44459513576103,48.58541953795519,Dewott,11.640249133107325,Dewott,0.9952998501183458
Meyers Leonard,41.1715071549423,42.673626509070765,40.79787535788389,35.70443207354321,47.010044771008005,52.87677796273143,Floragato,17.950803526999273,Zacian (Hero of Many Battles),0.9977926378102434
Jeremy Lamb,58.13889332165528,78.60638902195078,43.14972588444214,57.30460661020875,64.25652584489133,53.11086923889188,Seaking,20.15418448329648,Slither Wing,0.9981625282299744
Kendall Marshall,55.61001229132871,17.14132453892552,29.80870363219488,95.93764889961436,38.694183263730615,63.50342215367688,Drizzile,29.202914558182684,Psyduck,0.9816776196211822
John Henson,53.36988296055765,54.10910759697258,46.29571850070823,42.10133863963836,56.003382900815794,36.478112049795,Pupitar,9.92588642466274,Swampert (Mega Swampert),0.997153965285728
Maurice Harkless,61.3335883438932,28.634914895716257,35.18353675422912,18.662296729541485,59.39922507649493,53.30299241214727,Raticate (Alolan Raticate),21.54587130465795,Raticate (Alolan Raticate),0.9906294527470191
Tyler Zeller,48.12268582349943,55.29978804539574,55.74607008191565,34.547314806944065,41.4540819638736,46.85664746287844,Croconaw,13.214124036004941,Feraligatr,0.9960519525008097
Terrence Jones,65.30877788670577,69.2682354744954,40.023623329804494,27.327822271014263,56.25083987461497,56.67808078128413,Seaking,23.97723144684269,Lycanroc (Midnight Form),0.9965081677750875
Andrew Nicholson,33.160926219991666,62.16540261744945,65.70030447420417,16.255218735069207,45.6472549978493,32.96924571506837,Mawile,27.17423632320003,Scizor,0.9942223472142927
Evan Fournier,79.0943817042074,77.5878927039899,33.953135677335666,63.4678168395451,37.327793702545925,51.8070990768822,Shiftry,14.09339773126719,Shiftry,0.9961903961488655
Jared Sullinger,66.47392996598653,68.95491825107139,69.56849364728842,53.471655961726746,65.74491452203958,41.19258745488696,Trevenant,20.20960438199035,Tyranitar (Mega Tyranitar),0.9995159214947582
John Jenkins,27.376913414371707,55.903866829460576,54.43894826418856,50.45139839591134,22.904885393192227,58.60128874270298,Watchog,28.938913515811254,Iron Valiant,0.9926631145456507
Tony Wroten,63.92915112640103,83.93794112724353,30.75212818734244,86.77443198636094,50.9439843915703,66.4338772103643,Blaziken,19.897498506762137,Growlithe (Hisuian Growlithe),0.9976467823177056
Miles Plumlee,44.21508999741757,28.407178128849427,50.90618001846871,14.245553048251326,60.21726692196455,49.23196764301135,Vullaby,23.078856064713737,Volbeat,0.9903168407779008
Perry Jones III,25.15578226488641,24.223490113605436,59.534735288972655,13.49197935077953,37.24942905496156,45.141645678407485,Trubbish,23.463010828234804,Dachsbun,0.9918041507184805
Festus Ezeli,31.76798439239572,34.99672778124818,84.36948604739226,9.760132578645855,48.75183276824621,59.17018204429145,Gligar,19.554596594696854,Gligar,0.9915923239206965
Jeffery Taylor,50.73969020755738,31.21377928413747,55.25890751973703,29.13358856789747,29.97995003671218,24.73488421512768,Nidorina,16.32556505292797,Carkol,0.9899638478936429
Tomas Satoransky,62.65699596116656,30.415033552853764,36.6693988625687,88.09386304571292,48.64607316588589,56.91362036470681,Masquerain,23.831831178027606,Porygon-Z,0.9931039153918659
Jae Crowder,69.91219030306345,48.1556418186053,54.74815402828438,39.65627443750741,64.47192901151438,63.183645186072575,Golbat,18.180887834222595,Fezandipiti,0.9941248079026079
Draymond Green,81.00704395938067,28.100408576548126,70.64110799402589,84.90606917491966,83.58676191357993,77.37984639071753,Gholdengo,17.891066397328544,Iron Crown,0.9965305680622709
Orlando Johnson,20.84730903649401,26.56663458251789,84.49914455137815,50.36927890303145,35.92077818140752,21.557533158759973,Clamperl,28.46485691914168,Turtonator,0.9734341887012413
Quincy Acy,39.18982824784889,30.60819839968484,51.26536553696014,22.927360635249585,55.70640458571436,53.733780955330815,Medicham,20.988376589781947,Volbeat,0.9963115835634853
Khris Middleton,85.11506997103122,83.15495251368688,49.429353312017255,75.63057862467022,62.31679767584173,58.445116823848,Wyrdeer,17.188848000080323,Kyurem,0.9963326692932751
Will Barton,74.82719499156995,68.02996530545688,38.44474528344077,69.28325274857382,53.717233131894105,45.01781755134882,Heatmor,16.70004323195888,Wyrdeer,0.9973685956952544
Doron Lamb,25.757832644409238,18.66920059034852,70.60943390324395,41.824116294468986,14.245875132670983,29.074630618849607,Exeggcute,20.06896688575496,Tangela,0.9814124459912466
Mike Scott,41.059073270316674,57.95056944835352,57.12368456115096,37.46292518861815,42.90889718863061,62.82972955795933,Watchog,14.102356229012296,Watchog,0.9942410525518537
Justin Hamilton,43.29890213200693,42.65425181489679,15.349197011989949,33.66567547007892,55.09930800175464,60.45468970849123,Beedrill,26.017130475686862,Furfrou,0.9949981653762324
Darius Miller,54.67159365037186,28.774153870075544,36.56414943282461,43.42491881110989,22.322448991753674,67.81596628441174,Delcatty,15.254370868907971,Pidgeotto,0.9929016640213868
Kostas Papanikolaou,39.41755602445691,10.6481707402502,75.22955031064811,61.7119670846561,54.90726991623756,45.75235742684294,Pelipper,17.31651382365068,Pelipper,0.9936502597530678
Kyle O'Quinn,33.96517780903287,53.122093626344366,47.43534763999516,65.86844960723896,69.11162494179119,48.77824294022776,Eevee (Partner Eevee),23.475876955963024,Vanilluxe,0.9951624626954257
Robbie Hummel,32.28329461088003,18.7631744116798,40.20580896313525,16.792598849604236,48.88291943828745,45.14392465977417,Trubbish,14.949862979478693,Volbeat,0.9915500365631726
Robert Sacre,36.37546330418973,23.822800524232274,50.70756876273108,28.618700867151222,43.39324863274869,59.22805677406953,Medicham,19.78472824737066,Serperior,0.9947403622125354
Hollis Thompson,65.60022958129441,33.39282246038269,40.96432668676746,28.866013250613666,36.81529557726206,65.97134539841923,Delcatty,17.108603152060393,Palafin (Zero Form),0.9972346267036665
Mirza Teletovic,47.27459219447277,70.27798000070092,43.87679389408567,33.372664499776675,42.65837845169677,43.57350538809109,Mightyena,16.978269522223172,Larvitar,0.9938502197389577
Chris Copeland,31.45941295521523,70.98067735120252,54.75981413643751,38.43600600914274,24.47409524914069,20.05450288523422,Tyrunt,22.735996810057262,Clobbopus,0.9883130767006629
Pablo Prigioni,41.4062683564112,8.079542974068412,67.09750963989947,86.7976606801831,58.90092761988709,20.18049947555888,Porygon,33.112382501877015,Litwick,0.9878434538429303
Alexey Shved,49.91892934764233,57.820872205176336,66.35776893425415,84.31084987296428,41.65410861402199,36.20818131884396,Maractus,25.521090080444974,Volcanion,0.9889949307590743
Kent Bazemore,60.87938240137888,56.827964168961714,51.1134939744043,58.234898605132166,70.39766053184476,73.63185200929972,Golbat,17.511035793907467,Golbat,0.9962114838815409
Brian Roberts,44.54883661509292,57.1342391942719,47.08825833761121,85.26913476064391,25.7497657274548,20.227721611352944,Combusken,29.49203944474074,Cacturne,0.9762355238486259
Henry Sims,48.36622880036658,60.32331693157055,53.08203309724912,48.349752349263404,64.21087446025359,51.10402479906421,Eevee (Partner Eevee),17.75895482474637,Metagross (Mega Metagross),0.9950047114999744
Willie Reed,26.081714938797678,57.52626942852961,64.48316420206433,8.250794088045401,50.58304104409721,64.63567317059979,Gligar,30.696954479310698,Goldeen,0.9866907951055238
Chris Johnson,38.13307254131588,24.16060601515776,82.90731005226324,23.3795248647574,53.7104132289744,42.51132601903233,Metang,29.486516040830246,Sewaddle,0.9853555769140291
Diante Garrett,30.35964289261314,12.790283482888036,62.85076305176212,78.92690168668669,49.79832513604732,23.27682180605295,Hattrem,24.359966888085065,Glaceon,0.9877302187186302
Justin Holiday,67.81278394750846,39.28289565750852,38.90955020802216,37.30699603945448,51.59047438227151,64.94366099353384,Golbat,22.57626542678149,Golbat,0.9915725832574627
JaMychal Green,56.29684057515895,51.16219855732795,42.54122949596586,25.82676430392418,63.89740688830333,46.66505417956385,Raticate (Alolan Raticate),20.977929245837835,Gyarados,0.9946381380015531
Aron Baynes,40.19766145671799,47.73688204384909,69.26069873211773,30.834227059983554,47.19239184540612,58.03623910304725,Croconaw,24.58233629474282,Drapion,0.9994242353926053
Nerlens Noel,62.97170670594705,37.81016494763891,59.95253338991245,34.04891336093943,87.90576473592701,51.29319523554688,Altaria,26.142597244583147,Altaria,0.9904977993678448
Alex Len,47.55752637317428,53.17378172870404,35.86460157815221,30.832393793032324,55.1556757629731,79.71942833495864,Raticate,20.679688097483556,Aerodactyl,0.9926906997444969
Allen Crabbe,68.47506499279041,51.76390610063506,33.10160400642992,28.557107657966224,35.538128758578715,71.0825107845775,Furret,13.354570760124865,Corvisquire,0.9958608839083
Andre Roberson,63.66747511374274,7.650886402275686,71.38669690042407,16.168218961798,63.012388056976754,57.898313370887806,Diggersby,26.88221955244349,Mandibuzz,0.9806871619918832
Anthony Bennett,29.12703308760953,41.03091052231564,22.765919706533573,26.830519226435754,67.32543397076968,62.76324035475529,Tinkatuff,24.983725201688777,Eevee,0.9812041369559118
Archie Goodwin,35.995215205625925,67.48857832110724,28.407243867204507,61.32043535551667,41.97843031066335,69.30497716182552,Morpeko (Full Belly Mode),16.835347537392273,Greninja (Ash-Greninja),0.9974552131369467
Ben McLemore,63.50784461233226,56.13568853221397,34.33679305683203,25.697232192548707,33.534767132406444,58.719686310029175,Bibarel,9.842555690582195,Bibarel,0.997020256288576
CJ McCollum,91.18006527074272,91.67223547524722,32.416266070278496,75.75857056369902,35.74478079398582,50.620492199503055,Emboar,14.022968299180166,Emboar,0.9969072413891534
Cody Zeller,58.55764665715442,50.534729284457015,52.31462839012017,44.546003663869605,64.12976973959668,47.9353409380868,Zweilous,19.64021844561127,Nidoqueen,0.9969084524589912
Dennis Schröder,76.93849593942454,77.77237943104987,47.9041949650486,90.2501496431219,37.527305843252655,48.33461235313301,Heatmor,14.677500697997292,Heatmor,0.9969673828025152
Dewayne Dedmon,46.217893139442296,46.12988892364584,53.791553437449465,22.594866936631178,71.21336186210704,52.7203916042382,Volbeat,15.82080523707154,Volbeat,0.9934416969558485
Gorgui Dieng,60.554140840190406,45.64256124245959,31.150457543710665,47.12889710134821,78.10576792876927,51.38413911528824,Eevee (Partner Eevee),26.528957611098033,Virizion,0.9919697464171972
Isaiah Canaan,55.3143063784396,57.54617522771436,36.16831697746135,66.9774849794973,35.31970797098895,58.82984602710065,Girafarig,15.488310616222174,Stantler,0.9975152057129054
Jeff Withey,19.681989049543976,33.72180786631216,65.30892954658765,15.014292597979066,59.23966830894053,31.304710209935877,Swadloon,20.42267453413416,Sewaddle,0.9928290160985926
Kelly Olynyk,61.031733044537,69.63713805078706,42.82263108867944,68.68765599994498,70.79020046927332,57.37014740831876,Seaking,24.900418628635414,Kyogre (Primal Kyogre),0.997686189646662
Kentavious Caldwell-Pope,82.17070147511377,48.02116120797513,45.79965915007848,35.589256299454114,46.40463124891486,41.775527598887535,Dunsparce,24.677080449738312,Oinkologne (Male),0.9929785375096554
Lorenzo Brown,29.348128932486198,14.83300314307595,49.24504671713599,84.29742929902976,63.53629795197713,50.73677890808213,Rotom,28.87412089170456,Chandelure,0.9959873319070202
Mason Plumlee,59.52735281556555,46.454036737039445,28.86877399941358,65.00318595183889,72.69653686827522,48.6426744740056,Sliggoo,24.30060081109094,Goodra,0.9969741236224089
Michael Carter-Williams,73.83572443851796,58.41718850873945,48.549184374254224,89.33853938920379,73.84725822691121,56.413853134009095,Mr. Rime,14.90064654469915,Mr. Rime,0.9961728969297549
Mike Muscala,38.35554209888068,50.519658886371616,55.60469476637046,35.08427012919737,46.24114367120245,75.56554660133644,Watchog,21.102135550651653,Scolipede,0.9911039431994616
Nate Wolters,53.126892790895965,27.821382768068315,72.13910619324189,79.97551069038988,36.60506695582512,21.375711158285423,Crocalor,26.27596439282834,Omastar,0.9918653564864829
Otto Porter Jr.,74.18448181733277,57.86678698469852,49.03905565907012,36.42774095845952,72.5642262023911,58.36212157273486,Seaking,20.446583713132526,Venonat,0.9966594476892047
Ray McCallum,48.25648702018863,35.460708932913256,29.023833400598377,81.07739851824311,33.87700501535606,37.95471643647406,Beautifly,21.21475380842176,Oshawott,0.9972914723164877
Reggie Bullock Jr.,69.56809727100033,32.84085590926855,45.52894352048092,26.53671598161165,35.18258932437655,33.603137035470866,Nidorina,19.577111235967404,Rowlet,0.9902316213262592
Robert Covington,79.7312806453712,51.34260287483423,55.18069721619938,28.893027653051767,81.38886594434521,59.78691525456615,Oinkologne (Female),26.53650340602205,Venonat,0.9950631090326412
Rudy Gobert,86.3763934059732,57.21590326265746,74.83812941256062,22.66546276501697,62.88366163872984,31.191308608379817,Corviknight,23.6895711635548,Corviknight,0.9933535619379901
Shabazz Muhammad,47.63851976896922,86.09005603901737,19.79856663144951,18.15097612832731,27.18156232000624,50.12515678746381,Fraxure,29.988886098763913,Drilbur,0.9800553587734595
Shane Larkin,52.85637773248491,23.868628149872237,43.9715828592749,85.06626925884264,57.32490234895034,32.28160767673949,Porygon,25.211052363872685,Piplup,0.9940305920509878
Steven Adams,73.39168296404738,39.71576716195486,54.56057577062451,29.42405121931357,64.91195761033998,54.75116577734957,Diggersby,17.374006196615447,Venonat,0.9948561792450351
Tim Hardaway Jr.,75.70675757545021,77.54831053951375,30.605144018501942,45.34557109720683,28.29893247126101,45.02512536699061,Pignite,18.545525071809305,Kricketune,0.9939897774268196
Tony Snell,60.42697327681387,21.81229672411393,43.58973807749611,28.761887170464256,24.710975232410167,43.45389836118263,Nidorina,15.288279914274494,Nidoran (Female),0.9925856612546797
Trey Burke,61.777811973504846,71.5326937651383,36.13563657473601,84.05475024842293,26.938221366498915,29.46452218856065,Cacturne,19.092221363677524,Cacturne,0.9925344181536936
Victor Oladipo,88.68844017685986,81.69719208187848,53.303306420482585,77.56947681731995,67.45016473175707,46.53922315882741,Wyrdeer,12.333044897713364,Wyrdeer,0.9975095187934382
Giannis Antetokounmpo,90.33710651382268,88.05850221716909,54.10350455779726,86.61266950405413,76.01972877530388,55.96133796791204,Centiskorch,22.475004691016373,Centiskorch,0.9961017000079095
Sergey Karasev,27.841532014316808,16.31336548720026,65.85232722450696,53.12933472017489,40.78326305344256,53.04082155849812,Medicham,28.427938669719445,Pelipper,0.9879202147485568
Lucas Nogueira,34.677875329814675,16.11256833342428,70.72043563427489,18.457733953605207,75.92613204558053,55.93422721913557,Dustox,25.127416090299544,Burmy (Plant Cloak),0.9947985245061836
Phil Pressey,29.59963139996677,13.513413023670967,77.11818631045271,94.37670473298913,59.80547039912691,47.25166056693885,Magneton,20.470642333425737,Chandelure,0.9908535467860802
James Ennis III,53.96022834531996,34.342728498183774,39.58582539471448,26.161553696739283,49.00437094874303,45.71064815302388,Vullaby,21.954058527314924,Venonat,0.9953429672471262
Alex Abrines,37.81870429072394,37.33835712950907,45.34134949329595,11.829789049982148,37.42944597127037,69.6468953034597,Aipom,22.054170205312676,Tauros,0.987656185667474
Matthew Dellavedova,53.27405463234047,20.47652814212634,55.99496940448526,88.92692472684692,21.214075412186197,41.24274264562799,Crocalor,32.3271498587953,Lampent,0.9712653224224918
Solomon Hill,62.53296955278186,17.262283570653242,49.93822686612295,42.7333747718582,49.36396500988968,53.20769934001618,Diggersby,26.206952279070077,Scream Tail,0.9900056916786296
Raul Neto,41.580925056850695,43.82023398720391,68.19438677918986,77.15507537904281,46.50349484050654,48.1604408891843,Magneton,30.536126943049297,Volcanion,0.9856480115058619
Ryan Kelly,53.655312447712255,31.80478270020333,40.86594983948015,49.39882133999224,46.83797993639583,54.92707210760511,Castform,13.46829936948549,Eternatus,0.9989492798578347
Joffrey Lauvergne,31.471972303669308,61.55406549142614,27.385615679083653,50.454689793649095,55.35260538241347,56.46641496461272,Dragonair,18.835979777888454,Electivire,0.9932846558780491
Pero Antic,42.39076035951988,46.19340669974955,87.1294547838659,38.16559543885806,41.70566717505873,50.3634103000477,Quilladin,19.510120540224985,Quilladin,0.9943180599564339
Ian Clark,35.3291239003279,60.78503994446184,41.5725475626723,59.90541549413772,31.24050338766969,78.60922802457664,Morpeko (Full Belly Mode),15.126847745946,Cyclizar,0.9948899142561574
Seth Curry,65.10632004676704,66.02986202406052,48.85778660750505,55.40585733408398,30.503819258851745,38.75863655538857,Quaxwell,20.339734861942933,Veluza,0.9966269315355194
Troy Daniels,38.11489077111947,69.91655624094884,33.20094475997589,21.56140556929017,18.95573090288995,65.99237514237385,Kubfu,15.798103006182826,Karrablast,0.9938110676130186
Rodney McGruder,52.86132043988215,25.94424101844463,40.43808343467198,38.111686661884114,36.68875892424114,55.81960174525994,Delcatty,20.791922914324513,Pidgeot,0.9947923618081399
Jonathon Simmons,56.95978677699022,58.25410924385101,47.5603415396751,64.36557518806768,40.38343398312059,63.9330385562857,Girafarig,12.979064079024425,Landorus (Incarnate Forme),0.9977186083076559
Thanasis Antetokounmpo,15.584328771873851,28.34512975188872,49.461445390579335,44.60430851641614,54.4089153600724,81.00961025893734,Servine,26.612418839458105,Snivy,0.9934657824295453
PJ Hairston,45.59219695845981,36.70494843215898,32.57169327432624,12.1555170288203,43.25983681390654,39.30533686704904,Herdier,17.912058523499223,Raticate (Alolan Raticate),0.9958182917979149
Shabazz Napier,47.208740233522086,58.61798889780956,52.60980558798902,81.93655389624402,57.87982991608555,55.56674994797413,Toxtricity (Amped Form),21.143344464871642,Vanilluxe,0.9946824113772299
Jordan McRae,36.18112777480387,81.15299051190063,18.5815801531665,64.66002283472339,41.59764611442026,74.69531347094551,Morpeko (Full Belly Mode),23.952383702151288,Mienshao,0.9938710505546076
Zach LaVine,90.74702775557618,90.15888039768342,19.88990744453266,77.96336215025066,41.16392840686679,47.09377970799584,Honchkrow,18.915815464428935,Honchkrow,0.9933820070218394
Tyler Ennis,25.655587633427515,37.4208114010833,63.019463580438064,84.90509922841495,52.41273567955521,58.46836802394132,Magneton,19.19813444748012,Magneton,0.9910852831271968
Markel Brown,37.68067130857727,35.45693126628431,20.58651970031935,48.9578500528506,59.692433987904266,45.786549597454695,Ivysaur,24.086524709423784,Cramorant,0.9978599282337985
Elfrid Payton,75.0852415543488,48.080110614488525,31.54564208549301,93.57886807224229,60.67573244316296,54.86250933304188,Porygon-Z,25.70197987939073,Skiddo,0.9907377659399905
Jordan Clarkson,75.9118776971166,88.41497288247824,25.219618014057453,72.10462798883486,37.13935949167479,51.329484239376974,Honchkrow,20.454182087775884,Honchkrow,0.9943816854433828
KJ McDaniels,42.23017735724852,50.11778032924999,71.98675450674463,33.77307439002179,50.082648052402064,65.32042215517725,Gourgeist (Average Size),26.20811903328148,Drapion,0.9995872366917784
Gary Harris,77.49181654334353,50.760885515933786,34.93749599376067,44.14360656548523,41.87352362922961,48.89577095481795,Bibarel,18.836101787126157,Skuntank,0.9953418766019264
Spencer Dinwiddie,77.77620877770882,66.60070504433328,29.76061211233432,90.11590064085,31.508399507294733,47.92927118615996,Heatmor,22.46584826556558,Heatmor,0.9892817957781015
Nik Stauskas,55.01557414254196,39.95989302897043,29.788696823364745,57.12838626721594,25.58286955383256,68.06485378952189,Monferno,17.850002929511792,Swanna,0.9942339743018391
Rodney Hood,69.56841753001868,63.23664987936848,45.355083040478775,49.97156523209568,36.25805507184579,30.92589616481442,Zweilous,20.829152262949204,Dudunsparce (Two-Segment Form),0.9951130088418016
Khem Birch,46.26391360667377,23.14348012889863,49.93257433949843,32.644821613825926,55.58611262637357,39.8621194751501,Vullaby,18.632541348449916,Altaria,0.9970586178729143
Glenn Robinson III,51.40921952977223,39.30795613279333,37.25374893532079,24.8166437552891,43.521116833067,68.7026071317656,Delcatty,18.372117006335372,Corvisquire,0.9937804662234899
Jerami Grant,78.9092602247103,66.7675194053088,35.61925587082248,37.87836596990803,37.09288202000882,48.87248591681012,Bibarel,16.89093222921562,Stufful,0.9977837970063241
Joe Harris,71.4645758848819,61.62526894641964,28.208383063163488,41.97337593671678,25.613007434866763,71.8556658588229,Squawkabilly (Green Plumage),22.777631837708256,Floatzel,0.9887847633447426
Doug McDermott,54.09469137689646,64.90865150287283,37.831760935082734,25.009094314795263,14.790206914620407,69.40578998671215,Gabite,17.11846816218394,Staraptor,0.9919387074593584
Sean Kilpatrick,54.22039468639879,86.03580670439757,16.280079819998143,58.56168716915352,40.89765235830816,77.37076535427408,Zangoose,26.47313595875027,Luxio,0.9874157747502889
Aaron Gordon,81.28308735509253,70.63077856337694,40.150855618156776,57.98796319470849,51.07328476357116,46.388723693148265,Veluza,17.819335579243802,Basculegion (Male),0.9982965061445659
T.J. Warren,77.94171072076522,83.74602656812831,24.47816405949383,25.57759246454989,48.746808491636656,74.47849010680083,Excadrill,22.895558709470816,Excadrill,0.9932793192251431
Marcus Smart,81.19601851677521,42.63195486183141,62.58022422129324,81.44889241965838,56.687129840767085,60.42649200727524,Slurpuff,20.36697790725774,Raging Bolt,0.9963722913214527
Kyle Anderson,60.71210802518378,29.580654660621704,69.0944023054349,73.7493590567717,77.59404059964314,53.61574373390327,Chimecho,16.081888873094652,Iron Crown,0.9958192115968691
Dwight Powell,48.67764720688636,48.869050939118935,43.99538115213312,34.90245284828098,63.74591872830947,42.901043698835856,Eevee (Partner Eevee),22.346389716525596,Fezandipiti,0.9945599785617015
Adreian Payne,38.86320403899949,28.595690401742814,14.659787296296605,32.47172780497176,67.40256911208856,37.59985466682305,Lombre,24.802229070710762,Sliggoo,0.9828675399537455
Noah Vonleh,43.83370210681237,25.26770599075936,37.68922844481255,25.94720275453538,62.10123966596937,58.97589766635111,Tinkatuff,12.433778519738137,Jumpluff,0.993940421508932
Julius Randle,88.23216861255587,87.4641667600027,29.07537744361969,76.62374659624435,57.64658307395309,39.59990463952391,Grimmsnarl,13.37304896906352,Grimmsnarl,0.9966888002835164
Johnny O'Bryant III,22.482734766695238,30.13770173812218,45.607831059052415,24.70504928679689,40.64216189953685,39.84818026593849,Pumpkaboo (Average Size),17.261707827114652,Dubwool,0.9939700187373968
Andrew Wiggins,92.45792189616924,85.34061300616243,30.165124101155698,48.77795821879424,37.6758959530106,52.87023538037554,Rampardos,27.180517584301494,Kricketune,0.9959652395685354
Jabari Parker,77.95715219080823,82.18212125455076,22.13930370583271,54.074635375516856,59.131666910717776,58.12202234913686,Basculegion (Male),28.178281155651696,Basculegion (Male),0.9901908160709367
Joel Embiid,87.68046039329563,99.29274630691144,70.85271049417693,80.25163039511786,71.84568865289907,48.78554933570463,Dragonite,21.550842588996662,Toucannon,0.9980517383820863
Dante Exum,48.84208113161183,37.19578259837206,69.40981233114039,73.7793921918176,25.074503828754047,40.990916950099205,Tangela,30.28994815670623,Archaludon,0.9856300423580797
JaKarr Sampson,35.82747239268835,39.77609618848553,57.64995838092216,30.10827256765928,47.85245803968899,70.2473886657284,Servine,19.218881542243487,Drapion,0.9895599438061635
Josh Huestis,30.321289662863784,6.58229001523172,63.49917037612755,6.027900282055554,30.519784802018613,44.558310237156455,Skorupi,26.125903977333166,Gligar,0.9600822958126449
Dario Saric,63.09240247566167,72.46879331374942,38.5722419092308,57.6371948269786,56.69278446760034,71.09199211636374,Stantler,18.162999182561155,Marshadow,0.9973683926666993
Clint Capela,73.52000513576677,68.6968295949883,39.20898660810601,16.643220601676408,67.21039165885928,60.56823449449576,Lycanroc (Midnight Form),30.24945367814392,Roaring Moon,0.9953685606142908
Bogdan Bogdanović,77.83915171167783,77.78182619858468,27.56658688242315,69.83798120635439,49.54601727351804,51.03202076229461,Victreebel,19.15611201872922,Grimmsnarl,0.9929436660567561
Jusuf Nurkić,67.01993184185248,74.3209021705661,47.696183049802514,65.66507170137054,83.19366520727273,49.77045274727502,Decidueye,17.335491108534633,Decidueye,0.9972525235911388
Vasilije Micic,51.9073279660538,35.74350578542166,39.235415872286914,92.59268014716083,21.000187164376865,7.800897484782343,Duosion,36.689494021286286,Elgyem,0.9793581118552441
Bruno Caboclo,42.71300189074686,41.57645553901924,46.74034820803819,36.66635811765519,48.52071162155944,71.17133706841261,Floragato,17.30367853211437,Maushold (Family of Four),0.9962353509392351
Nikola Jokić,88.0090913994116,94.60311714141817,39.27120779796248,95.16492317387656,86.20738705125993,40.55117131732784,Hoopa (Hoopa Confined),28.636050198020914,Centiskorch,0.9925954648493839
Kristaps Porziņģis,84.34385738072716,92.93020347142624,39.21392477245579,39.3998887655212,56.857528375277575,38.45270273920678,Pangoro,23.763770189429504,Gumshoos,0.9922629818503064
Damjan Rudez,26.40502740233985,25.030425854604346,66.52732277979675,34.64704049008985,14.369112352889177,42.53318930747277,Dwebble,29.604417743878468,Jangmo-o,0.9852547741326299
Tyler Johnson,68.44117322554258,57.32388297108301,51.40507423044697,65.02495824042047,46.19834939279658,53.8368176904392,Slurpuff,22.35011217857209,Kyurem,0.9982617165920405
Tim Frazier,45.69701581047692,22.681227727879985,35.6352748819918,94.52259324350744,50.88465283528976,65.80723703940801,Masquerain,24.19613393376314,Braixen,0.9923180882882032
Tarik Black,36.83483022791807,34.50353880349175,53.11117703565542,15.685429919672298,61.57986810543223,48.229622385063976,Dustox,25.518458522473207,Volbeat,0.99385740931594
Langston Galloway,61.09516498724483,49.62579569433532,45.062792911912894,51.79800225839056,40.10538778720865,53.119221455222565,Quaxwell,15.112870093506707,Entei,0.9978455104846242
Joe Ingles,69.21066350997712,34.8503194607482,67.53100172911765,80.05261746719431,53.29349082038311,46.92443459057855,Slurpuff,23.445670534183698,Armarouge,0.996356459468942
T.J. McConnell,57.02165155037353,40.94206013068988,38.2090491607552,95.53384354354318,66.99064742068558,80.43813887971069,Espeon,22.465511352011372,Venomoth,0.996338096126671
Jahlil Okafor,55.55166357496319,85.77476343458197,19.82364590103977,37.99200536887101,42.49121344445655,59.048143909867086,Zangoose,21.306280338886538,Zangoose,0.989687108042621
Emmanuel Mudiay,66.54522971519087,73.41761363391377,16.288886869558123,86.89493222646922,44.21927385064815,72.82505754394198,Houndoom,23.9148197545988,Growlithe (Hisuian Growlithe),0.9926989994729873
Tyus Jones,58.629034627409794,42.350575725289055,35.877654132651536,92.14129211224942,49.09203911401112,61.1928527754551,Oricorio (Baile Style),25.021731802518005,Porygon-Z,0.9956665666974674
Justin Anderson,31.641900888484194,54.7770566697581,40.36579805628647,37.82749591069466,60.57105526600567,63.29725813197405,Watchog,15.976395683413298,Arbok,0.9947272064305762
Montrezl Harrell,58.058477846254,88.35063926468939,47.679324305337765,46.60251591211114,51.80494092073134,67.17761598962646,Bruxish,18.2340481991496,Larvesta,0.9952188570692025
Andrew Harrison,55.35723293043817,39.359934760241806,45.751034406041626,81.98969588574758,38.76236149124767,25.15291643606832,Dewott,26.957730451544368,Vikavolt,0.9887858749302467
Delon Wright,56.25618088898938,34.71423709132398,53.53283521633367,80.26871149318553,66.65359771178305,45.01252973615958,Clawitzer,22.83168062412795,Piplup,0.9949195389844518
Sam Dekker,37.935875137175,43.678346261710445,40.53255101738883,30.428126997111985,54.87693354491361,83.83611815453375,Raticate,17.237055460023218,Raticate,0.9912676895299549
D'Angelo Russell,81.86271902480551,87.05214628443693,27.136983405367676,92.48184589042896,46.36881719645914,68.14874607780813,Blaziken,26.979131467746296,Growlithe (Hisuian Growlithe),0.9972035795144664
Karl-Anthony Towns,93.09621421510192,95.4818244358686,27.884636897315637,65.1210336579667,63.734264383812565,46.70582669383016,Grimmsnarl,22.92914022823759,Grimmsnarl,0.9913130956151454
Richaun Holmes,55.04963209283584,67.03576005134244,26.28404229575083,29.889073564478885,60.34228890034304,65.24828861047492,Beedrill,23.52152598055431,Roaring Moon,0.9942437264404382
Justise Winslow,72.60769067719477,33.09377155690631,68.74423562180962,61.836336833964666,64.87832912336172,52.253181690813015,Terapagos (Normal Form),20.075015089657178,Suicune,0.9971879584342805
Willie Cauley-Stein,61.13457756978356,56.37823822638616,32.1678063016346,43.3415251440171,76.81787636439093,61.36933421532285,Seaking,23.792523743183352,Virizion,0.9927517072528429
Kelly Oubre Jr.,77.9746229875568,73.24866889789055,28.822599371804294,19.84852482970693,64.64737020170875,62.082719307266274,Arctibax,32.674612998830604,Roaring Moon,0.9929074340682654
Frank Kaminsky,55.136325753369086,68.26515673319678,39.213251546585774,58.46423061699194,47.46468685155989,57.96776048345424,Stantler,14.488277636267261,Salamence,0.998792332450119
Devin Booker,94.22044837444096,95.89844095769296,24.17032776440884,85.18428197663575,33.1794593606885,54.43691669736842,Honchkrow,11.370395457150538,Honchkrow,0.9989864102556617
Cameron Payne,46.27688208582254,64.25782698581439,54.64999041599515,88.7739931793005,48.36541802357424,53.72955744779463,Toxtricity (Amped Form),18.121313885982765,Toxtricity (Amped Form),0.9942086649403503
Myles Turner,78.73264600846368,74.72615032312237,45.06747382799081,21.270291403051136,56.918777047110034,51.27479312296597,Arctibax,17.039634565594017,Annihilape,0.9961633323403842
Trey Lyles,47.640586182099845,55.84923676643936,39.67134009376437,36.10888613545512,54.94544820443498,48.0737621476855,Watchog,20.077853001969252,Iron Leaves,0.998770556287146
Stanley Johnson,54.92430752387664,31.318593285705724,48.98308292157198,51.30928086431848,66.99685544158966,58.97409180187287,Eevee (Partner Eevee),18.97669343832378,Latias,0.9963457969983536
Jerian Grant,45.57544985556127,39.229112088463104,39.23989523460921,86.07751324770594,51.20950793698755,51.7705947623442,Masquerain,24.641162712528708,Psyduck,0.9903176255252276
Bobby Portis,57.05153769985428,81.24149048004293,26.940700355624863,37.67176904080866,68.35576305925588,64.73199335410767,Primeape,27.26221095433692,Beedrill,0.987420645754978
Bobby Portis Jr.,73.04265149110522,81.25635337578622,56.89072022612016,31.372859707904237,62.48823507767912,59.47605558573929,Lycanroc (Midnight Form),8.666969896131159,Lycanroc (Midnight Form),0.9985601815082703
Kevon Looney,46.89515680455758,21.645450080894737,56.67794179086098,54.17127866309798,64.94757301137213,59.35851520356554,Illumise,13.171272318980645,Illumise,0.9958357245788056
Rashad Vaughn,25.6417679130606,16.986002513563676,35.58303137530708,26.014894090321476,39.41490420845276,39.7061804236001,Finneon,13.643166877589346,Medicham,0.9988675114165941
Christian Wood,68.75510612758505,85.5450312039085,26.630007931094223,40.67718359487007,62.33358495022039,51.76416917546352,Seaking,26.476655322147714,Seaking,0.9832458536980203
Rondae Hollis-Jefferson,60.48230669893331,59.4598821581126,38.22196135962843,62.83183684394258,76.42478575463012,82.08172948295146,Furfrou,17.446173309806735,Virizion,0.9951878394556507
Terry Rozier,80.72601484271172,74.52880624982727,37.00105540174183,78.31156810476723,52.68012668336762,44.26604271539584,Heatmor,13.247265737334905,Grimmsnarl,0.9967369816719935
Norman Powell,69.70062277201737,81.5701643040653,42.999966911929626,41.84978743250044,44.27832778333859,50.74657487052247,Veluza,24.040170950805905,Braviary,0.9941982068311492
Chasson Randle,41.47263828822405,41.39580901037815,27.87991114621126,69.72985479219159,33.077056693494725,68.2911040752691,Monferno,15.12567315787982,Inteleon,0.9991500913861984
Jarell Martin,44.49845408011254,39.85072021191915,45.80066899931029,24.28964500748232,50.47601678042515,50.75254410072392,Herdier,23.0270494196894,Zamazenta (Crowned Shield),0.996211979928083
Quinn Cook,35.77784417229616,72.43035947308144,29.37071444116396,72.5852682831793,27.233773778094346,71.90076966628114,Torracat,21.450962823919962,Absol (Mega Absol),0.9989075136668052
Pat Connaughton,55.14743595371826,27.886315178751943,50.01107701778661,39.42642004859001,45.21908997135299,71.76799034231934,Delcatty,20.0161752233132,Maushold (Family of Four),0.9914041906720138
Willy Hernangomez,36.991437426694894,76.77001502679488,35.13843825629395,50.76085116591199,70.71729007109363,70.56922083451325,Arbok,19.17185347098347,Arbok,0.9939258209793611
Josh Richardson,79.83813482700597,55.79384369875775,47.896851952719175,61.45046474340766,41.71815321145896,44.33234651836644,Whiscash,21.11461737834519,Seismitoad,0.9978918143215746
Joe Young,15.619234400905391,57.131599140991646,50.68690093856192,67.97614189480954,40.96095615273877,66.7924017520501,Ponyta,31.366686653432485,Diancie (Mega Diancie),0.9869967549287857
Treveon Graham,41.44010107869988,16.999081639817675,27.950290054265924,28.363790384060213,35.60257914728005,77.64318453121372,Skiploom,24.198857615060113,Steenee,0.9981837929293499
Larry Nance Jr.,62.96690064963734,35.32090674769286,43.07377542199877,51.98159922779887,85.13647090227451,50.48884879945626,Hypno,18.21915986718025,Hypno,0.9980673131013806
Mario Hezonja,47.49138876338138,50.10202644209761,26.33361177483423,51.2593642511063,66.88447511495879,65.23275465691985,Cramorant,23.371830474241936,Cramorant,0.9967872081408606
Royce O'Neale,73.5975493396401,18.10879298835825,54.00376939216,54.99663804527084,60.03290150865365,40.5124393191034,Sealeo,23.42618681332963,Terapagos (Normal Form),0.9889316846455762
Cedi Osman,66.31106176319989,56.55336649963557,26.691445982084566,57.55334726078214,45.30568040720563,46.93100754545132,Dewott,19.378295118370705,Skiddo,0.9969680464501894
Cristiano Felicio,34.414227806673246,28.528996118665408,32.47802775093509,32.35651835381689,50.8478187264833,58.84623845221481,Tinkatuff,23.460171344501923,Ninetales (Alolan Ninetales),0.9946160447664653
Boban Marjanovic,15.847605325341991,94.17703285805764,61.00418657053836,35.856349638141545,62.67286387712632,62.316854265647706,Breloom,34.907438785306205,Pinsir (Mega Pinsir),0.9812308514007868
Salah Mejri,23.157127393326626,24.137575337943343,63.44274654126524,21.868771868026005,71.83055998105199,37.08477350961991,Swadloon,23.066845554276934,Minior (Meteor Form),0.9922706058505469
Marcelo Huertas,34.419985894115705,18.875298839261863,65.21543668644304,95.27722945536276,41.41258377880366,44.83115874497968,Magneton,23.94433988273714,Magneton,0.9864146122537438
Malcolm Delaney,44.025301612061135,33.65893505464963,62.76284118294399,86.23142578937399,43.951636551448566,63.29527657983849,Lilligant,20.537586084724072,Lilligant,0.9914499634492432
Ben Simmons,86.87464838432867,61.59464151584121,46.92169076209357,96.21868300324228,81.87511052289436,67.44984501786554,Meloetta (Aria Forme),23.346124687273758,Meloetta (Aria Forme),0.9930429076476243
Dragan Bender,54.4236147165727,19.30430529099894,18.2413823896178,40.71312043233838,40.94027532588787,82.95007183240696,Swoobat,27.718455456770116,Steenee,0.9820116685811919
Domantas Sabonis,86.81555188706852,79.54400763349726,39.1000002018128,81.45367004598678,65.27605436980436,45.38236866672793,Gogoat,13.516240688242835,Gogoat,0.9968888228331625
Malik Beasley,69.24427919013243,72.7274851306219,38.820455438633154,32.42624857504804,37.67048789452699,73.0976884344108,Zangoose,18.49600923838001,Staraptor,0.9960260298822444
Marquese Chriss,49.363359527397634,61.42867252538,14.123065509705018,34.99666302731771,74.32381700067049,81.10931075156124,Furfrou,29.114845149367273,Beedrill,0.9888692490614741
Deyonta Davis,29.26335345012916,43.589654265495234,30.30025677163954,21.158241156273544,47.31147884576296,68.42999885026848,Raticate,17.674459559050277,Raticate,0.9973923014523034
Kris Dunn,65.02156932192054,34.63875540191952,32.70357770625737,83.66466450761632,71.94292767703034,58.88141413698444,Masquerain,16.567140682419264,Masquerain,0.9949981887578502
Buddy Hield,78.40750685944842,81.29179459483774,22.59665420497743,58.52905177559862,49.81439904571411,59.79703029006429,Shiftry,23.609055225292632,Basculegion (Male),0.9918146966562423
Brandon Ingram,90.56632586705994,83.86003372994772,28.38493504202741,77.36730840987894,41.98583655274437,51.09971987624618,Emboar,15.64964497218051,Emboar,0.9966276446837334
Damian Jones,35.50971748239646,41.59995598415713,29.43733882881929,28.206174468057156,51.233839134298925,66.20935487262861,Raticate,20.917478888063613,Furfrou,0.9918692316949916
Skal Labissiere,46.331468530169104,61.41991762859261,27.493685429932672,39.93743571362226,49.27968610914025,62.06662037235624,Floragato,18.734669622782747,Marshadow,0.9934316480344522
Caris LeVert,76.3214016948647,74.32590855275107,37.85032675785925,81.42441158805171,54.44248808321264,56.13693960046096,Victreebel,10.256484348007962,Victreebel,0.998184452753943
Thon Maker,31.72143220654698,37.97639599490319,31.261937145745726,25.86841120271204,52.32284710760255,52.641152460563504,Tinkatuff,26.66477343399717,Iron Boulder,0.991033216810959
Dejounte Murray,85.31915445647226,78.57778740880174,35.41857919300124,88.95007317277997,79.62506463051977,56.15326229286831,Centiskorch,22.361495195183075,Skiddo,0.9930479936496337
Jamal Murray,87.16757548816838,88.4691014656492,30.382814516249493,81.04973381729924,44.00277275423354,41.56556970059288,Emboar,14.268519198942087,Emboar,0.9972363506106177
Jakob Poeltl,63.52965564016524,51.62186919807231,43.322516268980245,48.31734453792429,64.69198564732687,52.12247524751461,Seaking,15.184167444278287,Ho-oh,0.9957600508533893
Taurean Prince,69.40965497746468,53.341183830815616,27.019453659419813,43.152267628882576,53.85650928887995,73.58449353093124,Golbat,24.235986655574717,Furfrou,0.9874286706497962
Tyler Ulis,55.34767841263807,45.50784881418275,20.66384437589629,92.04800003613649,44.46831044764228,80.170262639267,Manectric,19.79984090750229,Morgrem,0.9965267474347852
Denzel Valentine,53.28849347544976,47.01631224542173,47.67438936472577,63.411870682035584,65.056084697737,56.66404997630029,Eevee (Partner Eevee),18.623397338000462,Palkia (Origin Forme),0.9983617012895457
Ron Baker,33.58790637201527,10.641053936743328,50.89334557791496,74.36917485100608,54.101813442290464,49.47754407859971,Hattrem,25.349915701259068,Chandelure,0.9961273659390708
Jaylen Brown,86.43071359301435,88.82245079617915,53.63787462099279,58.18965177103287,59.79012896981761,43.54808092365133,Pangoro,12.409385741018633,Pangoro,0.9975748884761615
DeAndre' Bembry,52.10147472854825,28.35354813262301,39.113674532019445,61.12609301974016,70.44749067143351,74.3518011579235,Thievul,14.67652969389708,Ninetales (Alolan Ninetales),0.996735035682168
Malcolm Brogdon,80.3233159775161,80.69409379303796,44.534315647262446,85.32869640063143,42.66963513573007,47.765188192928925,Heatmor,12.983629877755929,Heatmor,0.9980997107239313
Cheick Diallo,24.055216958470687,69.72539865606642,18.67889752539479,16.778633749067247,67.52557496426677,89.85703507850909,Sneasel,16.532977590039216,Sneasel,0.992696005069275
Jake Layman,37.96558059875088,50.48115337893715,48.76518515245122,18.12018062947911,42.90685207066365,81.77631714041861,Raticate,21.546261589423903,Aipom,0.992472726461201
Patrick McCaw,43.61657638398889,11.125102569931691,35.88364885595384,53.25696196883175,44.26374600478622,79.92873002771128,Dedenne,20.452182291469008,Dedenne,0.9911203764170622
Georges Niang,50.410108545401584,59.45199562720338,46.32626234479451,29.95480946822217,32.91183696226749,46.90430789822671,Mightyena,13.614853573105544,Mabosstiff,0.9989833141104796
Gary Payton II,38.38926185420569,42.09518324570074,58.8749815806639,45.23914759360162,72.3868150213615,59.12847417728011,Eevee (Partner Eevee),12.620235808935522,Eevee (Partner Eevee),0.9954620289080988
Wayne Selden,48.22024162652746,52.21898716685303,15.877368453227335,58.027275630967225,28.456659189392735,69.06654908683713,Torracat,12.662622578393878,Torracat,0.9954822095463504
Pascal Siakam,88.34456461366963,83.8343264671276,51.29746671551958,71.18532759951964,61.18099155191479,43.98326513143284,Grimmsnarl,12.918602942379366,Grimmsnarl,0.9972398720688246
Isaiah Whitehead,55.582821334510726,41.72283992949156,41.06413474569656,74.86189217159539,34.10363366623676,81.39050107661387,Galvantula,12.900402253594084,Manectric,0.9968404067379121
Troy Williams,39.34374266099341,47.23143197221612,23.20932297435457,24.60675739574218,65.08644400778687,69.8396234732761,Beedrill,24.637619901570098,Furfrou,0.9875442275311151
Furkan Korkmaz,47.15078757421189,56.87239186805809,61.15228418446544,44.46065563437932,43.69433083503759,63.271533546778784,Thwackey,18.706628102179195,Salamence (Mega Salamence),0.9954936526944917
Timothe Luwawu-Cabarrot,39.235565514650304,46.12295731921382,45.812799548637614,32.87913043535791,33.80877567085548,82.67991584852616,Raboot,20.092066626427552,Poliwhirl,0.9915069134626578
Ante Zizic,36.22004439914377,70.050371765244,12.539137934038424,24.40054337172933,50.32572189228408,69.03379433831098,Beedrill,20.800163051656547,Beedrill,0.9847248345028187
Yogi Ferrell,58.75706158391147,53.0351827666671,47.10647352322356,73.31870869373084,42.33227736692152,57.93795844675908,Girafarig,13.258889029579505,Xurkitree,0.9970541932768082
Damion Lee,57.61441743487533,52.55387852822516,60.039345095433504,41.21007925804344,57.01969047859311,65.42357003817567,Golbat,15.47517881300865,Zacian (Hero of Many Battles),0.9986791725451547
Isaiah Taylor,41.8417348735773,50.89716278773483,57.34240675521076,87.47564729354849,27.422080658340136,81.85037089025235,Xatu,28.040433113505387,Inteleon,0.986655352814849
Tyrone Wallace,48.056289302192816,36.84475238421875,43.43087551417098,49.476058121406446,50.19332157626759,90.4631078703225,Persian,12.845595402192409,Maushold (Family of Four),0.9962386845310607
Juancho Hernangomez,38.85803674045952,34.14136493977309,23.55467553678314,14.854551361459697,54.88483291452895,63.7847315236428,Tinkatuff,19.811112705775574,Tinkatuff,0.9843415827267024
Guerschon Yabusele,60.49891061027431,50.4526015398656,21.841488415792654,49.22549160338576,57.41497508027738,19.931715837073185,Amaura,31.042449079477986,Centiskorch,0.9908091765445934
Ivica Zubac,66.40096177689117,63.66594097048502,52.4574078309638,34.53525423378407,53.77825803742336,30.787123458100908,Marshtomp,16.834414509168493,Trevenant,0.9973326583364452
Dorian Finney-Smith,77.61922155130866,23.42259486304017,39.03582933005072,24.68910849839384,43.88819418656581,25.95425256898828,Lickitung,32.207739353961095,Gulpin,0.9958173793043762
Fred VanVleet,90.41473268354004,71.53593168654409,58.034894197280806,89.09726063398077,55.14911631543151,31.58749162273845,Exeggutor,12.802460374244973,Exeggutor,0.9971835675218993
Paul Zipser,41.98356836553242,19.840840426742428,43.98235686459798,30.21433826727511,42.46284392063739,45.05524598584898,Vullaby,19.021255709402826,Lugia,0.9944505392901395
Abdel Nader,28.15999104186341,44.55093478404098,53.46343878142464,22.81956101862739,48.83345926416213,82.94899673617101,Raticate,22.167829557997155,Scolipede,0.9860790120650151
Mindaugas Kuzminskas,33.78619831390077,64.35503321820514,47.97659431308851,50.00298665703071,31.472434058844456,60.21532394642901,Watchog,19.50170131255408,Tapu Koko,0.99499694598699
Ryan Arcidiacono,46.09752785163308,18.15624175903016,41.16714003656552,73.10967628826967,44.46151515828552,67.24704126146969,Cherrim,21.450494153660696,Lilligant,0.9964161204151953
Bryn Forbes,56.90245437165727,65.59039658937672,37.36747065397766,37.72116134926712,17.35684824189446,65.49724691617772,Gabite,19.072849639299676,Tranquill,0.9935934402292423
Danuel House Jr.,61.545257190886815,37.3473759731332,39.95014259604213,28.24414768276945,40.9734092081975,71.29039286460142,Linoone,13.485336244975654,Linoone,0.9966539415790922
Derrick Jones Jr.,55.56985122520748,39.7751459311967,48.86229070349172,11.395380479723691,46.36793458730931,52.10823588174095,Raticate (Alolan Raticate),20.48508673515525,Raticate (Alolan Raticate),0.9944564718417644
Shaquille Harrison,40.38515609465636,41.601594168952005,43.13251676786291,67.21110781325984,76.88518841631206,79.92206852613826,Mr. Mime (Galarian Mr. Mime),21.256472627363692,Misdreavus,0.9949595878731108
Alex Caruso,61.873143881193045,26.661031070179103,77.62852257637799,71.74214440605523,62.765226658950205,47.80158798328012,Sinistcha,21.572049932707742,Swirlix,0.996759234183778
David Nwaba,52.18874632811743,41.6305739870048,33.42485502435252,32.367325667248004,65.54620278749685,69.64125133678203,Tinkatuff,25.82859580260533,Furfrou,0.9969853470338091
Alfonzo McKinnie,27.524206255866275,37.88975605993534,27.37974220791237,7.317506524904472,47.18151223615136,78.35619989024747,Aipom,22.044136895256333,Sneasel,0.9854310719331659
Markelle Fultz,68.82242618147724,62.77196916470348,38.37343033749974,89.06148323464663,58.165494529175966,59.91452425724458,Toxtricity (Amped Form),16.984031986201607,Xurkitree,0.9953715913259226
Lonzo Ball,86.53351657104896,43.488172731111625,42.93257049180455,86.81493412513305,72.79968090633993,74.9796253726109,Munkidori,18.14566242859277,Munkidori,0.995538909408055
Josh Jackson,63.041572372880175,76.63872820172301,30.91954642813503,58.6710112333324,63.65410022764348,71.15277570079049,Stantler,25.3742964981174,Mewtwo (Mega Mewtwo Y),0.9953967172546856
De'Aaron Fox,91.47393850140212,91.06858349942168,17.542223364779712,91.08344430005693,54.777758219685175,69.76171607739913,Honchkrow,34.54826743189961,Growlithe (Hisuian Growlithe),0.989534540781068
Jayson Tatum,94.36318107222154,92.8398090122643,62.44854444353189,70.0104934382078,67.66123472970233,35.993374183009216,Swampert,19.19774013243861,Ursaring,0.9971505083847982
Malik Monk,64.63505766933864,83.16115337923318,26.933339682424897,78.07063756916598,35.84719267103289,66.28191763027533,Shiftry,20.869498987003347,Growlithe (Hisuian Growlithe),0.9980650233997804
Jonathan Isaac,58.02866540886447,46.670423217293646,59.21373573305844,16.68436622149477,77.17171025574565,49.136162065093295,Raticate (Alolan Raticate),20.74046587143886,Raticate (Alolan Raticate),0.9886156836865965
Dennis Smith Jr.,65.91523010526336,56.6722538925047,43.06778261247005,92.36580646813763,57.85508158422556,55.61244796583995,Toxtricity (Amped Form),17.99617555031712,Xurkitree,0.9974160993268057
Frank Ntilikina,46.68561996820334,21.377346515992297,49.259287578825045,73.10780442150552,45.61592799974223,58.32866165342845,Cherrim,19.876293192490838,Lilligant,0.9990301578038079
Lauri Markkanen,85.29000950631423,87.09324042510832,28.016772932277227,25.679242569949395,53.99163218214253,54.75020197136431,Excadrill,23.265002470451233,Excadrill,0.9930155431888424
Donovan Mitchell,92.74354933422256,97.3117210277464,58.15901891468138,83.98311421367481,54.22423072985895,45.470111081198425,Wyrdeer,20.320004732150025,Grimmsnarl,0.9965823427604322
Luke Kennard,64.57816411108561,59.06059944484179,43.90967549612365,59.81406454036937,34.13294750883038,42.351001772590806,Quaxwell,17.46375472993986,Samurott,0.9970331292123444
Zach Collins,50.37032989855952,57.45923453459889,31.197474531076228,56.88177811994552,52.29847032915568,70.01671446629484,Stantler,20.056881018872367,Zeraora,0.9962479535139404
John Collins,79.92653939495723,82.06625991159854,23.17432320606541,29.257595093180772,55.61997770931679,60.8969189927187,Excadrill,27.069746661347224,Excadrill,0.9908598425073603
Justin Jackson,48.26685790236624,39.68598681408572,28.90529508438089,34.573972588948855,30.28842080894964,72.48189359444514,Fletchinder,12.051738967315776,Purugly,0.9980815866278376
OG Anunoby,85.91249698280622,59.06759335905684,57.4660108690492,30.314131351373,59.26325960523639,35.29096762316264,Oinkologne (Male),21.620253882388276,Oinkologne (Male),0.9961222466749272
Harry Giles III,27.389506670547988,70.51642033565967,18.73590625394849,63.378980427115074,72.93697716901795,87.79696096151103,Raichu,19.084906717754475,Raichu,0.9921665331613909
Jarrett Allen,78.083422445604,67.82166005913697,43.21150208839292,34.37240743718269,60.3265278065488,40.4789853202387,Seaking,19.293934224315553,Oinkologne (Male),0.997674712383082
T.J. Leaf,13.334414120241586,53.49378285886866,52.50742568565994,14.472213044861462,43.88581238204712,86.29336628599468,Raticate,27.99964372079619,Goldeen,0.9851210490985661
Bam Adebayo,86.11850210726828,77.13287871990418,57.52598310787404,75.29341879239409,78.34420874709869,21.81525281772993,Decidueye (Hisuian Decidueye),22.077153301753803,Decidueye (Hisuian Decidueye),0.9920157968368314
Terrance Ferguson,57.157455389668726,12.627314475654794,25.83652949935696,12.308577146744652,17.416579352165694,73.44044621226567,Finizen,25.63113546042169,Cosmog,0.993454742795982
D.J. Wilson,33.13419343403834,43.21225612054082,58.559186909813285,39.52303238974339,53.76881988097725,86.37808127144731,Whimsicott,24.523126818243657,Whimsicott,0.9914856250682441
Isaiah Hartenstein,56.82878374738138,37.53361566550113,70.45714294701746,57.39388549450143,76.68537590206172,39.20561948136469,Bellossom,25.012852565777166,Wo-Chien,0.9972186214340756
Jordan Bell,24.95161358349305,29.52881508417261,32.36834784095701,64.22975640703032,63.94600809025541,81.63700648947415,Mr. Mime (Galarian Mr. Mime),17.688806033464623,Mr. Mime (Galarian Mr. Mime),0.9964170509107874
Tony Bradley,26.689526459109995,54.20233009876394,54.54320481450701,19.377712013756977,57.22753329115236,74.68033494485611,Raticate,23.44155209562579,Lopunny (Mega Lopunny),0.9936311918000974
Ivan Rabb,32.14699406436131,56.37706810823637,16.244329268210215,54.24359598672414,60.55419722057424,60.105237908550336,Ponyta,27.31019650883097,Magmar,0.9943587222673659
Kyle Kuzma,85.8171439616579,83.4653108343641,31.99484445709941,56.68133971513747,44.259402233867554,63.32000597760048,Basculegion (Male),20.28970138504285,Kricketune,0.995722678047723
Semi Ojeleye,34.09253144854224,13.257991706859285,59.66306121003326,9.9441116505782,29.79417703647709,54.01785918759832,Trubbish,28.976437827537204,Gligar,0.9757175724034227
Derrick White,79.89118213674142,67.3300758247497,60.7803016777805,78.695956540041,39.88408629490077,38.623797230962566,Heatmor,20.617887068272374,Samurott,0.997191445123431
Frank Jackson,47.82407083253243,72.57978152627042,35.56955884194379,34.62936406995681,20.551630888013587,70.57995795374676,Gabite,17.270765942516615,Kubfu,0.9962998082812147
Josh Hart,84.17350288159635,35.02126369506839,34.983009306934306,58.49431030730749,71.76031306745071,39.03545253895471,Lanturn,23.001976710282445,Jellicent,0.9931628038599639
Dwayne Bacon,52.996610879319306,47.37506803437856,31.174756427459688,37.5960944073174,38.90829825397092,56.0906181950483,Bibarel,18.280864041615853,Nidorino,0.9962547041346956
PJ Dozier,47.49984870002662,37.664247259609546,68.30768342810428,60.27820318249256,56.2273036806877,41.38642547868237,Bayleef,22.65694287501661,Venusaur (Mega Venusaur),0.994391431842599
Edmond Sumner,34.003560726689955,62.3132792546084,44.82720685791557,44.23291129848241,45.9183177370241,86.28549654823033,Fearow,12.93040016412062,Fearow,0.9955344295346368
Wes Iwundu,42.05094151712963,17.852468796310234,56.978982166731065,32.922274748057866,42.4209573023345,67.76759650701072,Servine,20.613046467654822,Servine,0.9860353105671862
Frank Mason III,39.54063711620673,66.63350007228122,40.499554836324805,87.37338724012628,50.150309529210446,47.11575294001428,Scovillain,18.98129798918527,Combusken,0.9971276896474714
Sindarius Thornwell,29.1041532469818,12.43576019280714,59.786700696198594,39.199181544865375,53.8629937115385,78.43518985544807,Servine,21.831464221215715,Snivy,0.994224101187053
Dillon Brooks,80.97214808949231,70.23435837013318,50.52132116677933,41.68012751873375,35.376933089543506,50.24542415466837,Solrock,20.870584963850952,Mamoswine,0.9978750110332043
Tyler Dorsey,37.92347062166022,64.97562303033321,24.69136755546061,60.13644175404711,32.17474118350426,81.47252154946446,Morpeko (Full Belly Mode),11.609217404763836,Morpeko (Full Belly Mode),0.996267670416424
Thomas Bryant,49.47246215485156,78.0918728421366,18.748543006265912,32.91829714357373,54.84885011472135,70.6448367224787,Primeape,20.151005809178226,Primeape,0.9899682258567947
Monte Morris,66.07980825924061,55.25517857317156,44.42615252837059,80.68382064653709,36.3386845267466,38.74976541399067,Maractus,12.859823337588796,Maractus,0.9966082179193778
Damyean Dotson,57.04499848598499,49.67784091155249,34.627056441002644,54.35412446462796,39.02025398042711,65.91898061425525,Girafarig,19.542076369279673,Shaymin (Sky Forme),0.9990326277930055
Sterling Brown,43.62570572925644,31.691598242761536,59.60676958167982,36.842801327449855,60.71677582751206,71.49431424885834,Servine,12.485622180671077,Serperior,0.9978759187815799
Vlatko Cancar,32.78893499501368,28.00050392994756,49.21259106302095,53.52443556192873,41.36286375923563,42.092293713899984,Spinda,20.601325647997587,Sandy Shocks,0.9927630314351545
Davon Reed,24.99195035129139,19.935961821379472,57.32994452042031,45.37465013426451,67.63156653303159,57.37222512261668,Medicham,18.384485898105034,Comfey,0.9958983656922793
Luke Kornet,37.83534184313767,38.12782675611139,63.07919153854028,44.36136262844502,45.33854996581483,39.80961803331076,Croconaw,17.45057899811749,Pecharunt,0.9959733441148777
Chris Boucher,50.00034421500218,75.16697037799103,54.32363699695734,9.343069636004268,63.39796141187981,29.00816027356416,Herdier,35.56873901519285,Heracross (Mega Heracross),0.9928603295982127
Milos Teodosic,61.33006340794808,49.73430041965696,30.28552731788778,87.80822467886597,24.28015513106611,82.83558485320134,Manectric,16.98066632056509,Manectric,0.9935265619149848
Daniel Theis,51.02750019493969,46.98932159638733,55.43055442360128,42.53726782478615,54.98739663804563,52.85346481683058,Castform,15.259450210876992,Eternatus (Eternamax),0.9981376534490964
Maxi Kleber,60.89534604298253,24.2454060975506,50.176627879723085,25.117774556802157,40.38861479696008,49.3053291516205,Vullaby,14.32457042768852,Diggersby,0.9954520219164978
Antonio Blakeney,34.199429057124405,82.3063199401355,14.643975373805858,37.959036717068976,28.204880535480527,74.49537428223296,Morpeko (Full Belly Mode),28.057803662086858,Karrablast,0.9902216847011546
Torrey Craig,52.39344620532923,24.04771817872518,22.594608999499886,25.543338293841728,50.17237121664128,39.73482455123629,Seel,22.871786344433964,Tinkaton,0.985808851952566
Mychal Mulder,38.464586324947376,52.16222112086436,62.03821238515592,8.413241593128557,12.164135161396125,79.91473475407805,Poliwhirl,35.521825820830756,Scatterbug,0.9860873626886351
Grayson Allen,72.83310262266791,55.7134414937433,42.15905686609453,45.882575433531166,37.281325743767226,58.012377354790125,Bibarel,16.367310364337378,Skuntank,0.998315932508861
Marvin Bagley III,63.362441422202494,82.57313012779059,16.419826660734277,16.0752358406557,51.938283437353725,59.57800525939306,Beedrill,31.22063642368649,Sneasler,0.9850373876335498
Mo Bamba,45.255933825032606,52.559627046399385,43.9508058129852,29.47679824358353,58.91873522627063,40.038250329829125,Marshtomp,20.62088142431907,Gyarados (Mega Gyarados),0.9973204795467958
Keita Bates-Diop,43.39908985119582,44.05338226200308,31.944899776943224,27.098236456218693,58.31047910912735,67.90199062143108,Raticate,23.71932117760502,Furfrou,0.9938035645479616
Mikal Bridges,91.55499448631484,60.05769118792856,39.45076077351555,50.20629047628107,42.7931178760383,35.28738008745346,Pignite,22.398769200976485,Dudunsparce (Two-Segment Form),0.9902289075681708
Miles Bridges,85.98404222324763,74.38098567554802,25.10399035569055,57.67404348811483,53.76513235852951,43.94786300940901,Exploud,23.613824717113424,Basculegion (Male),0.9945127899198075
Bruce Brown,68.76354712699218,39.67811952104046,28.102163300924552,57.90995336569291,60.78153976367159,46.00764086392088,Dewott,28.71668861452257,Meloetta (Aria Forme),0.9908709296208899
Troy Brown Jr.,52.89172892383795,31.878924975670408,29.87068501622306,41.7914757758055,63.894087751103086,68.27125046598847,Tinkatuff,25.680150196681826,Tentacruel,0.9963757428288534
Jalen Brunson,83.50882457481421,85.85901302824503,36.60786398833052,89.79992297134707,30.123796281599702,19.232917354811804,Guzzlord,25.77245342262031,Guzzlord,0.986826807149444
Jevon Carter,40.25895723357328,34.33288429880602,63.92312078067239,63.62049452623585,46.67067078450943,60.82308087200416,Poipole,23.87347828542333,Sandy Shocks,0.9929187457665134
Wendell Carter Jr.,74.71081753269834,61.52322107662433,53.401120033700806,49.6396580222058,61.67778932112408,36.346976445254015,Seaking,19.17179273611948,Swampert,0.997933718149074
Hamidou Diallo,51.8138700647456,67.30266149748235,55.68410810688553,37.10864712305259,72.40437438288558,63.29408259073602,Bombirdier,15.726500365704062,Iron Leaves,0.997428297938765
Donte DiVincenzo,70.3988914032092,56.07113200917605,57.72446495484649,65.81505340120354,67.85349256938672,61.46099651247884,Glalie,8.294827409770381,Silvally,0.9987341574134244
Bruno Fernando,25.170580642476143,45.045391950619134,38.80209714025289,45.37952579260828,62.60783666852516,57.59953757375248,Eevee (Partner Eevee),23.022163053648306,Eevee (Partner Eevee),0.9896596920866625
Shai Gilgeous-Alexander,91.37544951743595,91.74142020056638,40.98207255410827,86.15006286640558,61.04804276452053,67.67416059355551,Blaziken,26.506263782892308,Victreebel,0.9963488593356582
Devonte' Graham,73.40294780676581,64.16809196314594,40.05714524840206,87.43254469874864,33.9103106163657,40.59736655013923,Heatmor,16.184727658774605,Heatmor,0.9952393492506701
Aaron Holiday,43.44587951976616,50.98068759793635,64.3874182874613,69.85537703821815,39.65546672972303,69.76871958142165,Xatu,21.6283629716825,Houndoom (Mega Houndoom),0.989722850031011
Kevin Huerter,77.44676087352866,55.32123412864169,25.800105075838477,62.24231258802858,45.32500983847064,57.18358168980352,Shiftry,24.160338711038047,Basculegion (Female),0.9961962885175576
Chandler Hutchison,46.61847104522685,31.09363730875886,31.673786467953043,21.285555918770275,69.26137977954046,84.29433802615367,Tinkatuff,25.79449333634348,Tinkatink,0.9903232479019635
Jaren Jackson Jr.,78.38902011743716,92.8576529384923,56.02150134751583,30.87917833153508,63.66423836050117,66.4338582414081,Lycanroc (Midnight Form),12.090845582087542,Lycanroc (Midnight Form),0.9988134364505487
Kevin Knox II,52.982075712652666,58.91348150258575,19.033082250993083,20.02014075613426,38.97333416670195,77.10750387979394,Raboot,22.48425821814562,Aerodactyl,0.9903482013963119
Caleb Martin,68.58588699223205,34.24054198836656,57.41584705316307,40.3501366112587,56.69479995027485,14.057031388520006,Lickitung,17.058559758412347,Lickilicky,0.9959862368037807
Cody Martin,60.70958741712942,18.179987917084773,39.36765386440387,60.46298735202495,67.41179069835313,43.214429260766,Lunatone,26.245755600185124,Milotic,0.998910725366988
De'Anthony Melton,62.96225388328984,50.98413402063368,52.11648828077723,68.47666847180972,73.50867313076594,59.52387084015611,Glalie,16.995651863328927,Kyogre,0.9986757587464279
Chimezie Metu,39.96400730844872,58.1008927580053,47.314581686820816,28.8711381458346,78.86459430264368,64.75867822230322,Volbeat,20.25014422381445,Mimikyu,0.9902689707120712
Shake Milton,51.22897688069232,58.42099350558676,54.52653166488656,75.06732459610926,29.423116592674667,48.82012586224932,Flapple,25.117172528987396,Flapple,0.9921519804388909
Svi Mykhailiuk,45.00165171836381,53.59550948544014,42.036046906716976,55.4137518790294,40.62433115186338,60.70033876939809,Poipole,13.021518650688561,Infernape,0.9986466890674127
Josh Okogie,52.68179162153213,33.979488874340966,38.56842548371679,32.748904515135905,58.09942408416947,70.31933173447602,Tinkatuff,25.151546534928208,Maushold (Family of Four),0.992084167292536
Michael Porter Jr.,82.11902985613597,83.8593482203371,34.440078794622984,19.268026739584897,49.69871427580397,34.43856839753207,Arctibax,22.033182091500368,Hariyama,0.9884643156236164
Jerome Robinson,32.60303332016475,33.223754856742815,37.93097496914314,52.21978216921067,47.39475946289731,94.89549850455116,Persian (Alolan Persian),15.227359735335948,Persian (Alolan Persian),0.9934840773870494
Mitchell Robinson,65.75661871822571,32.24151397468201,38.10907154058791,6.954068552861267,73.47038564045697,28.255491152825968,Raticate (Alolan Raticate),37.40425131548042,Seel,0.9686547274947935
Collin Sexton,82.86703722569034,92.32420884762249,11.249121053498776,77.92383596258742,24.232056788043053,54.71569736175348,Honchkrow,15.817558124629059,Honchkrow,0.9959097342667285
Landry Shamet,58.022406565545765,51.888404570307046,46.43982284730456,42.24533561073313,18.8387743643426,67.98367534221757,Thwackey,21.917631863447834,Hawlucha,0.9920418217691057
Anfernee Simons,79.55813946682758,82.6548008616558,20.491159840002933,74.44651905006349,18.5002749622737,30.54630238296417,Guzzlord,25.28900455174781,Honchkrow,0.9914950084528503
Omari Spellman,43.7446420569675,52.11591508577713,12.776820529396815,39.09771060625394,66.76236319156534,90.3445117456898,Furfrou,31.113099515922578,Buneary,0.9829307060282811
Gary Trent Jr.,80.07245417614143,72.87535051678277,26.531757411275176,25.01531069714313,42.85942284219807,37.02473038405841,Arctibax,19.899358324618383,Stufful,0.9924956131795816
Allonzo Trier,54.13135480530263,80.0456094679389,18.609431994671848,64.59692353185397,27.17545045723569,79.72190244679982,Sharpedo,23.119403399235086,Torracat,0.9928709594616738
Jarred Vanderbilt,58.55705052667407,20.57452007359976,44.56843305287911,36.56348604095077,89.09374837130613,59.657279680237565,Dustox,31.592289392714047,Dustox,0.9868241820279793
Moritz Wagner,43.41205236663837,82.32545607591541,45.17678310474277,51.3057320850491,65.53652699527693,60.80563713529676,Arbok,17.626532621161957,Arbok,0.9959975137403828
Lonnie Walker IV,57.52360151440096,72.43766103258227,26.99679511834068,46.19628540916036,33.93712200006815,61.30106834219715,Zangoose,18.684327320661392,Quaxly,0.9968172329006846
P.J. Washington,83.88681838903068,60.11882901575292,32.3075667893191,46.31689599782548,61.32999445519631,53.50224613391577,Seaking,18.445064387158613,Basculegion (Male),0.992112669290619
Kenrich Williams,54.06892638250928,30.20100917380213,60.06028704121071,54.03377437907894,67.44128368233208,64.18296757076949,Lumineon,15.52221397200613,Iron Crown,0.995505471528934
Trae Young,94.3617337517436,96.71422741935824,17.05667113832971,99.24377027607008,35.47091666134916,76.32956666438379,Honchkrow,30.933978139548007,Honchkrow,0.9936135922223238
Deandre Ayton,84.43417088042625,81.97256976437241,32.97640255886422,32.36847028090531,63.85299115863744,36.07764108566828,Oinkologne (Male),28.848930982133066,Oinkologne (Male),0.985048604219842
Luka Dončić,95.30231568639223,98.54311729825233,30.62797685232303,98.52274614784218,77.68244691271023,39.08187336195485,Centiskorch,34.51711943154417,Grimmsnarl,0.9912839962714991
Theo Pinson,17.848851418100477,32.35921945580062,65.2687220532048,76.8135557642303,53.10111303043863,82.59477615957485,Rotom,20.046084854202565,Rotom,0.9914386781880833
Goga Bitadze,38.01898813496466,43.647491307714965,60.90033789700074,49.46010455925274,64.8141429649147,34.132881586659735,Wartortle,14.649900975250748,Venusaur (Mega Venusaur),0.9955765135130948
Oshae Brissett,50.66996118710084,43.27814520669877,38.741403576172864,16.63909137207779,59.99292888681136,61.23658298558803,Raticate (Alolan Raticate),15.809343774667695,Raticate (Alolan Raticate),0.9946423648793552
Terence Davis,40.52575837324939,76.50381076658364,58.22775609934862,55.060096273463614,67.22385708627817,77.12392008269873,Medicham (Mega Medicham),14.96688857467111,Arbok,0.998738020170478
Robert Williams III,60.099259111158,37.84958737134461,69.24047970186814,40.81323033368384,75.03770871829722,32.57453652518873,Terapagos (Normal Form),23.044041838790847,Registeel,0.9943441665000705
Elie Okobo,37.02549454730205,30.543086083626,15.923256001561482,81.21066126758464,47.63675014524127,76.98330343930633,Grovyle,21.628107555810153,Gengar,0.9935467938502658
Rui Hachimura,76.90704261080379,68.1779399016353,36.05117328340272,20.05057369582938,43.04233204033411,61.982200665536325,Arctibax,20.55954110234184,Excadrill,0.9936807665611782
Ky Bowman,59.50547223348196,36.19781110660721,26.83421159302797,80.04661532225374,56.36907174706121,80.28982569922984,Venomoth,15.514410890048996,Venomoth,0.9965180644250686
Rodions Kurucs,43.95642989796481,49.54842816607199,44.411046968126,30.88035841974641,61.495079838192815,95.564223409151,Maushold (Family of Four),24.18574497135319,Raticate,0.9912962873188351
Isaac Bonga,37.76541930530597,13.164797240587186,55.00031115996313,35.13479693542966,54.67814648025116,90.3063819217636,Pachirisu,28.672438177709935,Snivy,0.9919107379160669
Kelan Martin,32.1639220934734,57.341933379364384,74.78556944881441,24.334873144909533,43.73874403842464,60.43534320065971,Gligar,25.461566785844695,Gourgeist (Average Size),0.9957057606417643
Gary Clark,30.29713458884237,12.220886719796534,36.01181594486173,12.86486445125638,46.97816305145352,66.73046611656372,Skiploom,17.713726452740747,Pachirisu,0.9892834354119485
Jock Landale,29.57204458799308,56.32191479454875,73.58736089438634,46.4009037597209,41.00129278392008,70.59988624247637,Qwilfish,26.08701244878793,Gourgeist (Small Size),0.9890464532412672
Wenyen Gabriel,31.54449130077353,34.84992650499775,49.97406876017488,10.454658021449504,55.34610013250063,75.64805864492237,Volbeat,26.8972690394511,Lopunny,0.9883035889699074
Duncan Robinson,73.388001095336,62.396143242224014,57.93118321214372,43.13444812639193,24.53635201956384,19.961831109944477,Piloswine,24.289104432697567,Piloswine,0.9947282740246555
Kendrick Nunn,69.99251142290873,80.5686902345335,33.671193479927176,67.29897455846907,36.812508977896165,47.18459324958291,Seviper,18.828134431416302,Emboar,0.9954456199674109
Yuta Watanabe,32.70817263355588,27.16750644893489,52.05635140477978,20.40049832105361,51.778473280342,58.23484550805076,Medicham,22.07368470097028,Trubbish,0.9974241941267145
Jordan McLaughlin,37.4579703353306,22.060521527463504,66.76311659158038,89.39876940792735,53.68639619368981,76.37961822624082,Lilligant,20.558172121826114,Lilligant,0.9907931686158031
Brandon Goodwin,28.917536653669877,48.92624426928141,47.93246742263487,87.08244477703263,47.8847248263653,36.50029808518294,Brionne,28.103817355107005,Popplio,0.9895990693080216
Chris Chiozza,25.18706610940568,28.855657500765844,81.4151351234316,92.49032237194086,48.40225453301336,53.79746598913496,Magneton,7.158411758942651,Magneton,0.9993727441433522
Gabe Vincent,59.38296843385517,34.32525971149488,60.99554481988242,59.72349619774688,37.091121206184,20.05341215599013,Crocalor,22.40887232311577,Hydrapple,0.9973659638092152
Drew Eubanks,41.00846996354672,42.25788514718268,27.808544929804725,38.81850544618055,57.10213597214968,49.68316124574276,Dragonair,25.603486119273594,Virizion,0.9962397975210266
Juan Toscano-Anderson,42.00479779595683,15.522040700231692,64.65536408915483,68.22996820959308,67.71983486793033,62.56052557902908,Illumise,16.019985103238987,Illumise,0.993776385662584
Haywood Highsmith,56.718459751589634,15.13470947999426,59.10524973561512,25.219651329265552,54.5405269817027,10.642814598949704,Lickitung,28.97966310231474,Shroomish,0.9936005445616982
Amir Coffey,54.10431231597439,39.186607181594816,42.9566345075564,32.29108216231506,24.558315304672384,37.04114150787297,Nidorina,10.448561434945457,Nidorina,0.9941856568585753
CJ Elleby,48.65851984346316,21.44530037076544,20.884385134665063,44.41080233253709,54.48092884208829,48.14344179976733,Espurr,21.87764685069641,Tentacruel,0.9939667852097994
DaQuan Jeffries,50.58408960997867,19.917581412182937,18.28514763744516,21.636840882887228,32.11557003067329,41.53048551650124,Ducklett,19.043270837299534,Ducklett,0.9885896768100598
Terance Mann,63.36872918894116,40.60152766686596,45.5298982277538,52.01488043499166,37.59880738806413,25.37168215639408,Dartrix,19.014257393627886,Dartrix,0.9951186413799381
Andrew Nembhard,74.55439116668133,35.76878335505214,30.51727489362908,82.0402995310345,42.75418417903749,62.97040825159252,Oricorio (Baile Style),28.01793274770832,Porygon-Z,0.9913970483949186
Max Strus,73.15056491510147,52.449526039392985,51.15889301632525,53.57774405132977,32.61537895394549,21.012435449914435,Dunsparce,23.11704008296101,Dudunsparce (Two-Segment Form),0.9948244201876157
Bol Bol,41.900622199498585,64.2178921968045,40.8999418276419,20.180978108382934,53.82480937131655,55.2782196880938,Watchog,24.218164969603187,Ogerpon (Teal Mask),0.9955628329090351
Zion Williamson,86.17027210808581,97.9020696117587,45.09672370279696,81.99868691797187,57.91603799667001,70.66900386934762,Salamence,22.76390554891132,Toxicroak,0.9975141460372434
RJ Barrett,90.94396450267897,85.19987977259416,33.5876990435524,64.67403096580883,41.79660498685344,36.03622150767698,Emboar,20.68752658078044,Pignite,0.997278257100538
Cam Reddish,64.11562066458677,44.56718475099374,20.128810273597903,24.74967448683656,52.74257800276547,68.63464802504829,Linoone,26.818485920060784,Furfrou,0.9819268577163133
Ja Morant,87.46314261005601,94.8689679679678,49.97194750215096,97.35262406855097,48.53641583850916,73.3278680105628,Salamence,25.13811786318153,Blaziken,0.9972841939291871
De'Andre Hunter,82.37541874250024,72.7051712704636,22.04846946292817,23.47912995579596,36.24664397549055,68.97677382955973,Squawkabilly (Green Plumage),16.673176525171833,Excadrill,0.9949393678725083
Coby White,82.99619038284654,76.13751460428946,33.1630772038057,74.60837034363726,35.53103129638826,50.88279697945857,Shiftry,13.158586350553042,Emboar,0.9969826060415872
Jarrett Culver,49.70180311771284,48.48431249306988,37.06737916958794,45.59450037984863,56.87537455386399,88.96972212709389,Maushold (Family of Four),15.697308114733415,Maushold (Family of Four),0.9959706463880158
Brandon Clarke,56.19066735036038,74.00264352670965,64.96152626877735,38.29608466437138,67.71211761731129,83.14854529161052,Scyther,10.988424693325406,Scyther,0.9976744203475597
Sekou Doumbouya,43.90063432133204,31.679798019410143,27.908571579750884,18.78879043524512,48.31378317185027,40.83703180527976,Eevee,21.127580618868613,Fezandipiti,0.992846428615685
Darius Garland,91.30876096172788,83.5761003063545,48.33624132882043,92.95163993458937,36.46563193650581,26.263725441479888,Emboar,26.7597405649643,Emboar,0.9875534188394427
Jaxson Hayes,42.86710152761367,55.4020754976735,54.00909831012035,18.630392783306345,56.61596073329279,63.843166866659786,Volbeat,19.20064814764716,Scyther,0.9932223290025533
Nickeil Alexander-Walker,58.31431961325875,52.88636185316328,60.50315924295931,67.46787229691141,42.62526953892501,39.76697507161413,Dartrix,20.482346414649953,Necrozma,0.997567754561436
Tyler Herro,89.86342002306013,87.6614906426002,48.06322748715975,78.2594441973905,44.45444617690502,17.603859284413407,Copperajah,20.396648528205287,Copperajah,0.9921155539087028
Keldon Johnson,79.68436866069048,80.56675355715151,25.025851722890756,46.94136901953356,48.33623765618009,60.370928084331,Basculegion (Male),29.56028544839215,Kricketune,0.9921062564157186
Romeo Langford,41.723954202603686,21.55046699481444,58.55933312067096,17.041478130588313,27.12903734748353,56.62513679667445,Vullaby,26.05034963963498,Miltank,0.9825366143389964
Nassir Little,44.36458770763004,36.775423040140346,23.06405859823412,19.248282666833063,41.04927676714309,35.86498638229445,Eevee,22.04100250116577,Roaring Moon,0.9930506425480864
Chuma Okeke,60.42886705439107,24.771642409494003,56.82708802112264,45.77789608362684,69.73282528659907,45.57940356956121,Terapagos (Normal Form),24.50279107832002,Cresselia,0.9968220226148032
Kevin Porter Jr.,77.86713753328718,77.74860825979258,23.4090443765637,88.24519727419852,60.50674355038586,52.77359911352082,Victreebel,24.016175034456612,Skiddo,0.9911845124275614
Charles Bassey,25.821060055414247,46.97933102278451,34.530513761188544,42.10111654746108,79.03328492551938,78.41625070022576,Eevee (Partner Eevee),32.878860182524036,Zygarde10% Forme,0.9791960866485301
Darius Bazley,67.275265283927,46.32533838731903,43.327765101991965,28.498063990479025,58.158081061924165,62.235716106825855,Raticate (Alolan Raticate),17.340780949311053,Venonat,0.9925777688713824
Moses Brown,36.402014252157976,61.26735460300407,36.84584652434985,4.667925840287557,70.49282959577451,72.61849872263976,Togedemaru,23.495244573036366,Weavile,0.9854169437721614
Nic Claxton,72.90477186804749,50.80398048487157,39.07766020130909,42.27153097590856,65.406863564882,20.29306133572404,Dartrix,29.383287691286508,Muk,0.9959874125904477
Luguentz Dort,80.58960938973739,54.73057715406669,47.89682538219187,25.911091581138837,40.986410030020814,60.97371276672434,Furret,21.08237822008344,Kangaskhan,0.9900030894609168
Daniel Gafford,54.415853880206186,67.86433860281238,30.053244430506663,25.606015051414616,55.11278407360668,56.4538794851125,Beedrill,25.3985359503454,Roaring Moon,0.996485122797986
Quentin Grimes,69.1765686759255,54.231893427223184,35.07539933160052,50.67780569873696,42.00418263466295,20.65730525006928,Pignite,25.45516571978314,Dudunsparce (Two-Segment Form),0.995913956291637
Talen Horton-Tucker,54.3131946596213,68.22481924057705,52.7405861321369,78.88282722264591,53.008680693281285,61.3203903686404,Toxtricity (Amped Form),12.665566661440899,Glalie (Mega Glalie),0.9979028029211865
Ty Jerome,49.559006324449946,65.54250169562789,48.878414948900726,84.75719216323468,44.89130510428183,59.35282552827192,Toxtricity (Amped Form),14.415399988023799,Toxtricity (Amped Form),0.9973449468666988
Cameron Johnson,73.1701895589604,71.30574249348814,49.15315566849172,45.12669980745942,51.37489153513519,34.594925104653896,Trevenant,21.03840846787064,Pangoro,0.9982234392005884
Jalen McDaniels,51.23261407459424,43.0300245959068,34.683422017355326,37.83955875598065,63.6148278161708,51.48810098454894,Eevee (Partner Eevee),21.492411738194185,Fezandipiti,0.9974173574419897
Jaylen Nowell,45.270223883821146,76.63728697814675,49.3165650539266,67.93334983448189,39.098924732345736,78.51123973523019,Bruxish,18.59626778309717,Sharpedo (Mega Sharpedo),0.9971346017597515
Jordan Nwora,44.10153159732915,66.50552113024979,26.66193361471707,36.79516281118692,53.56496318460362,82.03820774002526,Primeape,15.19973358510386,Primeape,0.9945947637870922
Eric Paschall,57.02693376255423,79.44404997599264,26.890360621545696,50.797969022675865,31.377939274639832,66.20799451561786,Zangoose,15.535348118616447,Quaxly,0.996086492258676
Jordan Poole,76.67720963255825,87.77171379884209,38.1556733599699,80.64362460684006,34.58741985645687,73.76258758045755,Toxicroak,18.47208917217174,Quaxly,0.9968550441104697
Neemias Queta,29.024286893985188,46.20107982946801,71.0090825889888,25.514477995803023,56.11910158844664,11.34439249220967,Charjabug,13.83393597875649,Charjabug,0.9973618831861741
Naz Reid,58.08582490461305,83.9940834164862,61.545647898064935,41.56506723538516,65.29723198264581,57.32589871890643,Bombirdier,14.310566372488829,Bombirdier,0.9957418328281356
Isaiah Roby,54.679401275443375,51.58375180332288,31.95197517443853,51.11198611733405,72.95457748273942,72.76817453329113,Furfrou,15.491325433688829,Furfrou,0.9971428071478733
Admiral Schofield,24.01839757192224,25.561184737191734,31.893732123743657,34.526854706274655,30.083032370405878,50.54360202597004,Spinda,18.057367982082862,Froslass,0.9954287737961904
Matisse Thybulle,57.06877707773144,10.873544420806212,59.7612492975477,23.674130540357403,54.34616263616925,44.96403659445407,Vullaby,17.755715628104394,Mandibuzz,0.9922064693673069
Grant Williams,64.48981149997333,26.518012271283645,52.92777553068416,33.57065196598013,38.16107527252641,35.9262193474754,Nidorina,17.223261317579688,Nidorina,0.9930246948071901
Dylan Windler,28.44618076457476,21.82320193061585,67.83413009133136,43.85401051657541,63.374843141924586,37.20893981798101,Wartortle,11.992518006585277,Chikorita,0.9963277320683868
Armoni Brooks,49.03936979807841,43.158290877861,32.310511961253205,39.813581864593054,39.78823852924166,55.43026029824719,Floragato,17.399231971990165,Golbat,0.9970683883871054
John Konchar,47.07322979128314,12.796166742248388,68.23677686412407,44.72804482726661,78.84918027656877,56.6653571871849,Illumise,22.560454871124193,Orbeetle,0.9893321653572702
Garrison Mathews,48.52048946894392,42.18803413540674,30.6728972314862,14.412580563237944,33.78483356662131,75.25735225209306,Corvisquire,17.402266717788503,Deerling,0.9966426903660949
Dean Wade,53.57536460026317,15.622256023888776,73.02517273432836,22.239722101264324,61.60766267868299,27.41376836338373,Vullaby,29.02494333696256,Shroomish,0.9891811210295341
Nicolo Melli,37.37647367516851,37.39687400944774,39.76229820326796,52.323881286119125,57.32617212233408,59.62787632634055,Poipole,17.444090585406663,Ninetales,0.9974444210680128
Matt Thomas,19.59488128268601,55.59532855009995,70.86267058989519,27.02147079979297,26.503281581783742,68.7615944144521,Qwilfish,28.472429261735382,Durant,0.9904917031407355
Javonte Green,47.66859900452719,27.09540565614488,41.47670981973354,13.12110713628997,69.47130898754791,55.00943060837904,Tinkatuff,17.798866828256326,Tinkatuff,0.9877362325559126
Anthony Edwards,95.35106081618628,94.13595016552964,47.81183513712866,75.8712543674973,62.86717953164918,40.2487044052039,Grimmsnarl,15.779962677077235,Grimmsnarl,0.9988807806368042
LaMelo Ball,87.72223523761474,91.9194454596344,26.481665413516783,97.61852145770467,73.59768896391815,73.36553788531678,Hoopa (Hoopa Unbound),33.15948628730624,Skiddo,0.9909238552171818
James Wiseman,50.82456335043502,69.67456572033556,20.527442220459687,16.33225200450531,48.63548172310246,69.49940208626504,Togedemaru,22.504092617301968,Sneasler,0.9981821200061939
Killian Hayes,71.6929608530095,25.78113499011413,22.76136595500524,91.94710894925478,55.74197828316474,44.44105516232329,Frosmoth,31.16567840235279,Flaaffy,0.9877130207868978
Deni Avdija,74.47383540773266,52.06646048693732,34.36075203120649,59.53100326040821,67.00400675371796,53.37333953652349,Seaking,20.040187470818463,Lunala,0.9921489700271726
Obi Toppin,46.58428104365134,72.83066912932232,43.31022982777884,40.03211063656762,52.24945381464476,56.68362366892296,Arbok,17.869234675493747,Aerodactyl (Mega Aerodactyl),0.9938046263810459
Onyeka Okongwu,64.0876067721267,58.18486884957263,33.750805289983425,27.37943196451484,66.65447801256668,65.63702154730683,Raticate (Alolan Raticate),26.164882034721888,Roaring Moon,0.9964310783830692
Tyrese Haliburton,90.86288192688396,77.5362778100801,16.292713182657298,96.76399660787897,52.7688206582486,57.57004489652039,Basculegion (Female),33.773623542208625,Skiddo,0.9876513813341888
Devin Vassell,78.81412503917653,73.31241487321066,31.16363683640216,56.8840036730047,58.88398624989972,65.35683087058636,Basculegion (Male),23.48065094100977,Basculegion (Male),0.9941053147187976
Isaac Okoro,73.81477671322104,23.96587546268101,54.754911807454505,31.023766339918517,30.862088222327426,13.727413448369544,Lickitung,29.201927653169673,Yamper,0.9824109647012501
Patrick Williams,74.31416097917247,35.8001875153754,29.95044187204501,23.2874327778674,50.02038406895412,43.82693193725604,Bibarel,31.641715012240052,Lechonk,0.9973241736185064
Precious Achiuwa,55.82259191620583,43.86611519010251,51.71581855772304,22.82686363814126,64.37461626770384,16.41226085329343,Ariados,30.003344553278914,Regirock,0.9835308696646894
Aaron Nesmith,62.74059266917675,54.79159487074891,33.04474959274579,17.4542830295225,49.791283055957685,62.611002363603504,Bibarel,23.02556213399585,Roaring Moon,0.9965931907748398
Cole Anthony,69.6707181570488,76.58814173834193,47.32937500272294,85.78179459629756,53.913555343045424,23.087611982982224,Octillery,12.486650758263997,Octillery,0.9967150781123983
Theo Maledon,60.07316509873156,40.37110380599576,28.137916883492448,78.75687964947237,52.68379409463152,67.53009863359914,Venomoth,15.302600098152547,Munkidori,0.9965890875684018
Tyrese Maxey,91.8412387739939,87.30509158008212,41.34484130519972,81.55935139842065,30.1630380662826,13.639857887209466,Guzzlord,23.012873500805743,Guzzlord,0.9900746165264688
Saddiq Bey,83.29371866323976,68.14091975374151,23.35819686335051,34.07734171711808,49.91648245501967,44.78985473379474,Arctibax,25.62166110513103,Stufful,0.989702113198589
R.J. Hampton,49.76401415017799,42.21913673145489,23.39410647860939,65.0529418016004,49.05032777759616,50.92263271895192,Dewott,23.483901364464906,Houndoom,0.9948949439741676
Josh Green,63.94542635409393,23.340643740774947,38.6273064509556,39.8537827617878,42.43710223362508,37.96256068296344,Nidorina,20.65530499718686,Calyrex,0.9926722134835855
Jaden McDaniels,78.79980170348125,39.27864030130292,53.438471698534855,25.11522913224392,45.2785203472966,39.008014516056505,Dunsparce,29.804526049155477,Corviknight,0.9861005635023312
Kira Lewis Jr.,34.185951290234705,48.1986964548474,71.0431591778685,76.81967883527044,43.020227746045215,70.40716256581166,Xatu,26.400717119826428,Iron Bundle,0.9901521429326731
Jalen Smith,43.59004672404174,78.6473229379692,33.563080954782,24.663550929108244,52.03599013012988,74.50130877105356,Togedemaru,14.960763025379693,Weavile,0.9957838698033076
Isaiah Stewart,68.63547447482175,35.3323767507478,45.35940865111085,26.17713957805029,50.43437034709692,38.905385469753945,Vullaby,24.473763420979182,Venonat,0.9957544165008784
Zeke Nnaji,28.64056911773469,35.75896116768757,55.15599851091282,10.753523898040587,39.38273605999445,35.82188170841649,Pumpkaboo (Large Size),17.794144757946473,Skarmory,0.9929402850144409
Immanuel Quickley,71.39050459687306,82.34078431540215,65.10381799104579,81.24476950776466,43.37727403469308,20.14237589576669,Octillery,20.06229446539549,Exeggutor (Alolan Exeggutor),0.9950126279060892
Paul Reed,35.17255389907148,47.63015064023554,50.82972212503594,35.157700790809585,86.81378038874998,26.31948116727912,Kecleon,20.173691397938228,Kecleon,0.9921030117948909
Aleksej Pokusevski,56.1958099848616,39.87530957533736,42.28103890548934,61.32404582626997,60.483277279338864,61.2832616868941,Castform,17.164791535665188,Raikou,0.9992506186902345
Isaiah Joe,47.24292531324016,63.14908914945824,72.44196444322667,35.75314764201037,40.62008303093671,69.36001824904884,Qwilfish,13.641131861040444,Qwilfish,0.9957765431362048
Tre Jones,65.19206612743562,46.062142167896106,34.43452972219454,93.4978944592092,52.3214542777981,72.37318018372237,Porygon-Z,19.20409420797312,Porygon-Z,0.9959895092093641
Malachi Flynn,36.009460056853385,45.97445876329257,42.11446860782864,77.58193667883732,54.14929716289063,33.85450953330709,Brionne,16.790119095554893,Popplio,0.993204287634868
Payton Pritchard,57.885341193462985,63.79111077741665,68.18907258627493,73.64173244386535,33.2309114365751,11.011739000984216,Carnivine,31.03928454367928,Slowbro (Galarian Slowbro),0.9915955737978446
Lamar Stevens,38.98051732292845,39.7558094290106,63.2964190695021,17.647821980056793,55.84267403278104,15.922828747398652,Swadloon,21.252596549490235,Regirock,0.9970433227044938
Nick Richards,57.22713839420971,51.71042592467683,17.884244791949232,9.038614883819706,49.72861900940245,29.692417386181425,Herdier,29.858439992953578,Annihilape,0.972202058341952
Omer Yurtseven,26.105976368782805,56.57079434371633,45.0082508036168,37.23969429820082,59.931104895139214,27.89450476959054,Sableye,25.251192299905597,Tapu Bulu,0.9871745655430748
Xavier Tillman,43.96721634254655,32.253323284284846,70.65616945065095,45.439681377383295,78.36803389776864,50.0521292203904,Minior (Meteor Form),19.140920152790084,Bayleef,0.9974358678127068
Jared Butler,36.38534098219055,71.92703173692126,35.67245316862535,93.67397626559968,49.79872323593269,71.25773646563593,Scovillain,21.350664360914315,Grubbin,0.9944791150329546
Desmond Bane,82.62950207560665,85.6272864063034,54.93268712468043,71.8261066200863,56.14200678219638,64.27607965315798,Quaquaval,12.274295173397789,Quaxwell,0.9984324383550257
Skylar Mays,30.731976612593865,51.216074261453805,32.99827983492564,81.51799606576303,49.34274505808124,36.41392698804759,Combusken,21.065234282152385,Charcadet,0.9879321356276144
Jalen Green,89.59847470565175,89.88678870442548,25.03872884873484,67.38405311974296,36.28063270493652,44.402110423837655,Honchkrow,21.6084557962001,Pignite,0.9951315753365693
Daishen Nix,34.50555137701653,15.925500931188356,34.12231190544071,76.34195558531688,47.80642309351885,59.72843431559281,Braixen,12.660259138542187,Braixen,0.9947555318162703
Jonathan Kuminga,61.09511998055669,84.3898171040936,52.77088256969571,52.708481208442045,51.309083413210665,54.60544208965539,Toucannon,18.877892879651583,Larvitar,0.9974732403136727
Naji Marshall,60.46648821228807,53.33095882257764,51.56500068757105,64.20609642920745,64.27174652552048,55.9638015741656,Glalie,15.78334727109623,Kyogre,0.9983166428162084
KJ Martin,61.70904234515954,49.80215300062258,16.466981140070782,29.4857822103557,42.070283164957,60.12419429656876,Bibarel,22.05188897220664,Aerodactyl,0.984025562173205
Trent Forrest,25.566139814437467,11.312832677545693,43.73101432353415,80.78440915061968,45.38275398059634,20.998914702152348,Hattrem,16.761805016112874,Smoliv,0.9909040314564782
Anthony Lamb,49.50286274840384,32.31214501894723,46.33511329943692,43.82004058529472,38.24540696061534,73.77858753441869,Delcatty,14.761203730962404,Talonflame,0.9956539366113838
Saben Lee,37.73505167470642,37.73715942257396,59.99959014157948,93.25393661808424,58.686524773268495,41.10536508149436,Clawitzer,26.906268558893245,Popplio,0.9951010598064967
Sam Merrill,45.70620758564309,50.91285650888822,66.47342904251764,52.36195421620906,34.474937212595805,36.95681167585408,Croconaw,16.47597362432345,Archaludon,0.993933252944839
Ayo Dosunmu,76.84734875983865,40.07859915286835,30.84408033076572,68.03991851386427,33.7295662920118,41.72367046231665,Dewott,17.06196967672959,Braviary (Hisuian Braviary),0.9957433756466755
Vít Krejčí,56.64291039539871,23.958861089807797,31.055374995418475,61.24547215676942,44.21032921934626,50.2656969074642,Palpitoad,23.039417625775624,Munkidori,0.9942581290901655
Jae'Sean Tate,63.54837785398996,46.14645375841992,46.74771454244396,58.06292618269524,62.29181386701472,64.82965442168073,Golbat,15.113506703616133,Raikou,0.9968245655877249
Anthony Gill,19.117991870995557,37.50605094395062,59.83870888111571,26.522657593526723,35.00127846924121,61.70354032596055,Pumpkaboo (Small Size),29.95713051298419,Gourgeist (Small Size),0.9965983677745163
Facundo Campazzo,53.45707003595798,17.02218647364504,63.24764173324972,86.21049856151721,53.106419791462095,23.395970075585428,Porygon,28.250286131710784,Vikavolt,0.9895455087042931
Jeff Dowtin Jr.,30.93488032890488,44.83949631053956,31.647425317057795,74.58572547488268,46.3938626677238,21.834859525942385,Combusken,22.80491511169167,Popplio,0.9887327272128307
Brandon Williams,52.61089469151115,77.40513588498948,31.902096891235143,84.89906915836708,46.72994085482726,67.80454392286374,Scovillain,16.71216875190305,Grubbin,0.996277015738166
Lindy Waters III,34.30060982479941,47.524891225361245,58.87792033043738,33.836081503539255,50.59179846028885,54.13735348602,Watchog,19.55435962132139,Klinklang,0.9947083838459587
Jeremiah Robinson-Earl,49.83220463389976,32.63045736151116,32.60934700161248,29.903638915629656,60.34660499065732,51.56887601154379,Tinkatuff,18.91307346257488,Tinkaton,0.9968749238782256
Brandon Boston Jr.,48.71258992899599,68.23743983159147,46.922536292727976,54.08541901010198,58.40966075406489,46.98496065593299,Dragonair,18.937391376128055,Slither Wing,0.9972514234967699
Josh Christopher,38.6617847090934,65.03862533977164,13.591325527878224,68.56413579353313,55.18091819616227,60.04826366009439,Magmar,30.289243294795565,Magmar,0.9931114366306627
Herbert Jones,82.84496656985525,30.952608288177217,50.598864446743214,46.68755627023007,54.22323854760574,22.522278276479003,Sealeo,13.345487989967161,Swalot,0.9945511950662194
Trey Murphy III,80.42128491226143,73.41791547314334,42.655348593097,36.8770765153494,49.91171963926652,44.99222653427804,Arctibax,17.871095561412886,Braviary,0.9959155107708746
Franz Wagner,88.67481402920784,86.16512775185343,66.28870781841634,73.66855814576283,51.37589692096524,28.72058758333337,Dudunsparce (Two-Segment Form),18.98335231696531,Dudunsparce (Two-Segment Form),0.9937198545375542
Ziaire Williams,58.04223721194845,48.415615236021125,40.250353833174536,32.26321551422199,51.60786207806021,44.89480916416415,Zweilous,22.075894695591344,Garbodor,0.9954588387880996
Ochai Agbaji,63.11603458318303,35.54106866669596,25.520880684802272,24.169717899254,30.614571249835247,65.01927640477169,Corvisquire,17.209269131789124,Linoone,0.9944089066823613
Chris Duarte,57.24409477320716,54.67276484537798,43.74503457983868,43.32465359102313,53.22899479561918,40.4105269331526,Zweilous,9.096826797160299,Zweilous,0.9975891475003821
Bones Hyland,45.92736338928041,82.9841216506241,35.12472440907125,85.50181279240749,55.86637482053891,27.577814676773396,Camerupt,21.08659673646519,Camerupt,0.9895671525244821
Kai Jones,24.42480682157663,36.34254371049563,70.41802548503439,18.193810835854357,61.68473950336465,50.89276399986642,Volbeat,32.37081893633433,Binacle,0.9956575234196837
Miles McBride,50.41989454023077,41.46285946160748,65.76067685416778,61.66038893733122,43.15918280001881,14.79035680753196,Eelektrik,25.804420224511684,Dipplin,0.9978896910892966
Moses Moody,45.51145126705281,57.05244202449332,62.02452668907003,26.09018429937873,38.88438977873615,52.43859917695361,Thwackey,19.642761220603166,Revavroom,0.9938109016257176
Isaiah Jackson,36.8813923702936,70.56890697437984,28.836052853698185,21.44614138823175,72.70790776130211,84.19384226813744,Togedemaru,23.2836610117286,Weavile,0.9923874586629928
Tre Mann,58.48449027532503,61.67497785826461,46.349876762244975,64.8829033156294,52.80087617073036,40.21415577037754,Zweilous,17.74291531636801,Rayquaza,0.9967346598253446
Johnny Juzang,49.59235924891827,58.6837707475579,8.243901780167366,27.38415117471337,37.47603579681555,55.347083671227125,Krokorok,27.63747375819202,Zangoose,0.9787189889499722
Day'Ron Sharpe,36.59602321360915,63.60066193515515,61.658861281077925,52.50975974976235,71.66704981782583,28.862845925396677,Klang,19.57475146541797,Lurantis,0.9942133394248569
JT Thor,28.64124064707681,14.309751600901562,54.960031113443954,13.11163542600613,37.85634547927836,50.4108621381262,Trubbish,19.53970280922427,Burmy (Plant Cloak),0.984738165108493
Justin Champagnie,48.88363287329457,45.69037212218832,20.77289153962603,21.210261867298986,74.49843568553729,67.85056068189773,Beedrill,25.65472426879717,Tinkatuff,0.9826592038704772
Jalen Johnson,78.23215473580046,66.86800960191664,41.10365387824443,63.419861442755,80.83157972152578,85.0458664093664,Virizion,22.187401320454406,Virizion,0.9961807796781187
Keon Johnson,55.834674149856376,58.817197367615385,17.334926431294665,67.71508282075385,60.15110110037652,28.69890917772089,Sunflora,32.52493342525163,Hoopa (Hoopa Confined),0.993485583993774
Kessler Edwards,39.15688959518516,18.72511290509317,22.266431360966354,20.250576212629436,55.72676097330032,58.96029519313875,Tinkatuff,14.640421222541704,Tinkatuff,0.9970011696820651
Corey Kispert,71.10777028367858,56.56780232722421,17.257500835738153,28.490264434447557,17.206470920680477,51.26558499939095,Kricketune,14.351636239498355,Kricketune,0.9915866862355626
Davion Mitchell,63.02512700391144,33.79799589446857,48.34585103739823,79.94400803982663,26.41874749184229,39.7270487366602,Crocalor,24.78545499112413,Xurkitree,0.9817004046839812
Austin Reaves,84.12759249489466,68.17052991460878,39.213736202389455,74.26018108741539,32.41307969903846,56.699416584570976,Shiftry,11.389685589249268,Shiftry,0.9971923746690199
Cam Thomas,67.89126672648096,90.0381338880048,20.331513135445675,61.26769651151189,27.79460582218076,31.970191527213597,Rampardos,28.71069353011358,Honchkrow,0.9853444227497932
Joshua Primo,52.14138733270074,20.84864054819252,50.32704951782063,51.39812870242544,18.311301166824485,66.69037098565299,Delcatty,27.107759516813154,Yanmega,0.9834890840617077
Scottie Barnes,94.76347663881012,72.84987116023193,49.61759430055494,79.40258861246856,66.10277558450579,32.71523509949113,Wyrdeer,18.342471633726223,Wyrdeer,0.9943258646249126
Trendon Watford,46.895579069794216,62.23987950130152,28.195252437177363,69.88712225177952,58.47753699859087,35.596874204013034,Combusken,26.079430345966685,Hoopa (Hoopa Unbound),0.99646768219793
Sandro Mamukelashvili,26.32370329163094,61.311247927783576,36.15130301521312,51.99224520287948,54.27496865460435,65.62434341928204,Arbok,16.78255038356563,Rapidash,0.9960662409249527
Sam Hauser,52.73832903129249,50.51610985435688,74.41896559721583,17.432826338125096,40.086651470513175,23.298639389883327,Grotle,24.18748436194742,Gourgeist (Super Size),0.9946614376387936
Julian Champagnie,58.79577315651491,49.491299033789936,25.34016132452714,29.58368149780835,51.45764408981223,72.08681074080177,Linoone,23.58464948501109,Aerodactyl,0.99230215562711
Alperen Sengun,79.40614934707513,83.30738843974802,35.124906293826115,82.07377492002125,76.95969302219676,33.54360820105629,Centiskorch,20.239407907551467,Centiskorch,0.9931499179053116
Jericho Sims,32.004869821440856,5.356957181994102,56.85513023393721,12.060953654240087,47.32308533123262,10.36812316401376,Shelmet,17.17942504810135,Bastiodon,0.9799614211502348
Josh Giddey,80.63127453604679,70.4156770389822,39.362432327616496,93.52772275248869,66.26692133831703,68.1478565683274,Xurkitree,22.87750283945845,Skiddo,0.9966953965066466
Santi Aldama,64.05146558844724,58.688670081755504,43.25538893175782,47.796241265353146,60.48820795967308,60.34146965781521,Seaking,14.009438698738872,Seaking,0.9950933228572316
Usman Garuba,27.37099734489476,9.009689279536929,23.77515796411018,39.08033698785809,85.86384659462458,72.03822595767481,Ledian,9.4516465341547,Ledian,0.997112100432558
Isaiah Livers,59.62412989963306,18.337616133393457,14.86078363931408,14.478867649147483,32.55283305207214,36.49636786315448,Ducklett,24.73113526705986,Lechonk,0.9830919730421714
Scotty Pippen Jr.,59.72513151339387,70.2923169485872,57.82996214242428,92.75138063686002,63.51548714190522,77.78413884289667,Thundurus (Therian Forme),16.05937084337641,Thundurus (Therian Forme),0.9972008474500816
Jalen Suggs,72.54711177618887,66.93690682572068,64.089765089523,74.65138007730019,59.9651211803543,44.78105942606096,Abomasnow,15.61950948711433,Necrozma,0.9989379201619573
Jalen Wilson,62.24471947981418,37.703601048413525,31.184939139124747,46.02976109421457,28.456767254209165,4.676534517576692,Spritzee,24.106990156792616,Amoonguss,0.9916503693838082
Cade Cunningham,92.67305147504212,91.0454823132552,27.941577006211727,96.60524520574056,56.15812606437286,42.55749600824891,Emboar,25.567443038917787,Grimmsnarl,0.9910005852178423
Evan Mobley,89.51109344921196,74.38694525413212,70.52013834685603,57.86813229966744,61.6433712184196,26.646364471597582,Dudunsparce (Two-Segment Form),17.38721839056247,Brute Bonnet,0.9957515518892799
Aaron Wiggins,54.726832031854165,56.62472527032417,59.41561404786266,37.39464599097664,47.70827571070733,59.14162023517429,Thwackey,16.45986775437001,Koraidon,0.9984613410533889
Duane Washington Jr.,47.091529328611344,78.63970695919916,32.47637823716519,65.1744597192909,24.539973813826904,74.9825463708518,Basculin (Red-Striped Form),18.97983672332803,Archeops,0.9967057364736394
Dalano Banton,38.98770618238568,65.29905294657124,47.00393456990529,79.01437592391507,56.33450804615557,35.05799198632686,Camerupt,23.813072952264516,Combusken,0.9924499746604111
Jose Alvarado,54.79119297137722,53.21048991929624,59.38889934106077,81.53745526691439,56.51878974197852,43.63402893447179,Maractus,20.572218771902847,Necrozma,0.9931892257240729
Eugene Omoruyi,31.517633972087985,67.07837074590388,32.47334737234312,34.53858755439492,66.80977567089009,52.07534334358774,Arbok,23.00243394895341,Gallade,0.9980582963198873
Terry Taylor,41.12929399530049,47.82277320288845,34.081966202963336,23.88561950964009,28.25553255549028,66.02167513625778,Fletchinder,14.524980729869013,Ambipom,0.9975533829353432
Ish Wainright,30.11962198878636,18.767634930067185,85.27611408011548,20.24796991140729,54.74442036627844,63.537781628557525,Gligar,34.72845827954369,Binacle,0.9841446647416172
Jordan Goodwin,47.6913824771869,34.32987725145133,50.62862908750804,74.97854680613834,75.37093339902395,36.841194204983104,Brionne,17.680522871181907,Prinplup,0.9967787978743212
MarJon Beauchamp,27.43864029417445,43.71905232852428,37.35335246224332,24.08496505661256,42.88006378566914,79.81991589140316,Raticate,13.620426783369206,Raticate,0.9952363361335361
Dyson Daniels,74.38512183871842,34.10109073855293,42.7604707387473,71.01366021018353,74.83235604361758,69.66624848086293,Lunatone,22.127636886921973,Meloetta (Aria Forme),0.9958706859005192
Jaden Hardy,35.46264206023236,83.89327210269738,30.038839718704075,65.46005197262569,34.55311290662974,70.80778430411983,Absol,19.527379952367035,Mienshao,0.9981766446761161
Scoot Henderson,75.29679730843226,72.58721365719362,17.473368846662794,92.79941256131649,37.295163068055686,35.32094223953579,Seviper,29.600682662740944,Numel,0.9920849843805494
Jaden Ivey,81.97257907931224,81.57935523566908,9.678912393131643,83.23510768318337,31.111414468816573,46.703802063486734,Honchkrow,21.156080778191548,Honchkrow,0.9936455685772835
Paolo Banchero,94.53892456923676,92.13151816750036,39.51037177702471,82.63715677094093,57.0881668810771,21.90490719848882,Grimmsnarl,23.238552440262403,Grimmsnarl,0.9915068673354214
Jabari Smith Jr.,85.00001252014421,55.7439495776506,33.963185297109,14.751166458235586,49.0329367706353,35.273434984997294,Arctibax,20.49153738757129,Arctibax,0.9884966848148922
Chet Holmgren,78.97211306189689,84.41807724581531,71.08797922899394,45.84416332410423,58.4793250448959,76.01362437682224,Krookodile,13.19209046477425,Garchomp,0.9980086386888409
Bennedict Mathurin,77.73147762699213,84.67568979454308,23.460720691752336,35.17504031635682,35.55506602406197,71.48236958030382,Zangoose,23.21302858844063,Excadrill,0.9930821806681159
Johnny Davis,27.62160290869922,26.28092950528648,49.25439794016237,26.37512315165168,42.90386790265666,85.00942991768896,Servine,30.02818421264078,Snivy,0.9888714484820273
Keegan Murray,89.67983271528082,52.63726259398873,25.30092998719274,13.394100878178469,47.59287752508199,39.27290604852253,Arctibax,28.087011939359332,Lechonk,0.9806436121756062
AJ Griffin,48.184423998595705,61.37853800557817,38.66214407171847,19.0926464095549,31.74918747550901,73.99923756567131,Gabite,12.658544317133988,Lycanroc (Midday Form),0.99607489807494
Shaedon Sharpe,77.89565876776658,76.37427186886461,16.8736805438715,48.98312703405744,38.38267039892813,37.59232500550285,Pignite,18.721085957731653,Pignite,0.9901693171457441
Malaki Branham,55.700894029670906,63.49173727088475,14.711253701078393,56.23138385261593,20.775706366008297,83.18522415572002,Torracat,19.00953206654141,Regieleki,0.9969712749868841
Blake Wesley,35.59252240417185,21.93528428918562,38.37692949986402,83.98193616603307,46.07620552856587,77.56066518334221,Ribombee,21.088281678426586,Gengar,0.9951793711011389
Jalen Duren,73.09936377706194,59.42434739187022,18.178955304151582,46.21070286253165,64.22567194691436,47.59250530506448,Seaking,24.618259673815885,Centiskorch,0.9860115751110254
Tari Eason,62.34442726362235,65.18419221717139,52.83433155749346,28.17592209063041,85.62786080222726,59.47062222791912,Garbodor,26.40309860749146,Ceruledge,0.9901350455567338
Nikola Jović,58.73469783880724,53.83102134657572,63.4676550911722,63.77190537594306,59.99160249633138,11.873194828249243,Eelektrik,24.371162141069792,Ampharos (Mega Ampharos),0.9963492115264768
Max Christie,57.04451918439575,28.755574576020308,35.03218401819785,32.66873001642805,40.14995551436055,56.849425589358646,Delcatty,21.531749581598447,Bounsweet,0.9960513052562611
Mark Williams,65.59425689894663,77.44641063566408,24.7107308667929,35.28361979312176,73.14124773721724,50.86788848665888,Seaking,26.606802305245118,Gyarados,0.9854330430076951
Jeremy Sochan,75.00277689220839,55.60180761139864,18.539595780075373,63.1005544413855,59.71872110394138,62.35454676988937,Houndoom,31.78321473714532,Skiddo,0.9918687371189394
Jalen Williams,85.80329855643878,83.88514142239387,62.69478146271046,76.18664788736811,62.05502057325197,74.63821836031671,Arcanine (Hisuian Arcanine),3.2408394792678847,Arcanine (Hisuian Arcanine),0.9998781234268105
Orlando Robinson,35.70449665309013,35.09347828793439,69.69516572554075,56.94159577446262,56.099660474251486,40.32861643983311,Wartortle,15.198809409769302,Wartortle,0.9938470990821585
Walker Kessler,69.90916936870798,42.034588893449474,20.369211864797208,18.658648511068325,54.11108239184899,49.56067643582352,Bibarel,32.21047501920514,Lechonk,0.9839477591874508
Jaylin Williams,40.45653322152092,28.157217899751757,59.458869201532906,63.51798754622912,72.43191018374527,63.05811737765891,Illumise,17.44098228237337,Latias,0.9937368708333935
Bryce McGowens,39.17687591317856,29.503998330633813,27.81322831336297,37.475001262995896,25.029236978317105,49.50297551427133,Pidgeotto,12.415381007434394,Talonflame,0.9960496345832283
Julian Strawther,47.9322648709818,57.318513577505605,22.91948140703324,36.90809879365173,33.91440520190478,70.49517676095188,Raboot,14.291515521619548,Cinccino,0.9974152327992489
Christian Braun,69.86936476589135,48.9725357158091,41.82149566690228,38.36276738493363,48.76456137010255,36.83139608718771,Zweilous,19.88536588218477,Oinkologne (Male),0.9949734916649163
Christian Koloko,28.219983141316465,10.514267765854964,87.84588869053034,11.789845836005531,43.8033223851567,45.23080505799723,Skorupi,30.380195792598812,Skorupi,0.9745306505235851
Jabari Walker,47.296400820000684,44.61357004564387,31.917789071126805,19.167335831567115,62.686313658293656,43.35164456158449,Herdier,24.94037396978741,Gyarados,0.9868296077171889
Keon Ellis,57.76409072351815,30.282490836192657,45.128658764690485,36.63711646696801,55.35854909875655,21.944233484830225,Spritzee,28.870112016843013,Tropius,0.9978134897449619
Jaime Jaquez Jr.,68.92546254400298,56.22982442528204,45.33254264754935,65.49429750890259,58.198474929875786,16.125037881149176,Carnivine,24.262864989073417,Gastrodon,0.9919251361691594
Ousmane Dieng,28.23522853651753,34.93423705809939,80.14137570976223,51.044614264368974,50.49417788672541,63.85261763280808,Hakamo-o,22.29007593416993,Wooloo,0.9898304972483057
Kris Murray,49.4526488700736,16.895183905431665,56.451112942871895,33.533908319881995,51.76880455873592,41.54037948568837,Vullaby,16.123241360170624,Cresselia,0.9948133353328305
Marcus Sasser,44.247224519352656,63.43387528843795,39.6392698550493,88.10827062880176,41.07102367244254,63.28317843161235,Scovillain,17.713112919959737,Grubbin,0.9958994325623153
Dalen Terry,26.396415752855084,25.92830828532083,54.30058323529666,62.37645003499538,56.71227970746535,66.01565776799285,Rotom,19.35455546539247,Starmie,0.9959632982298791
Peyton Watson,55.61797578669464,34.30263473366567,43.624475607263285,26.67952897425821,44.20042817501773,39.88522365672311,Nidorina,17.42885990189373,Venonat,0.9948423271061302
Tyrese Martin,57.0856422808974,48.47720985472821,34.76917283432064,61.99973929290442,47.12400967512999,16.943759685992784,Eelektrik,22.199157811559093,Snover,0.9934915168883051
Caleb Houstan,34.58830851934157,19.01529637709498,52.91962913275295,11.92651223591649,17.615270889208677,16.682975848661524,Silicobra,15.57511156032729,Silicobra,0.9783805320274604
Moussa Diabaté,40.20914734477246,28.86690213228172,52.32453083079216,18.661836970947142,76.73077276707659,13.46270674360366,Swadloon,29.058294897120483,Araquanid,0.9977031946840615
Trayce Jackson-Davis,40.49762809651932,64.62604270868674,41.639572321682,55.76810056832782,57.81880106848479,51.29178652479765,Dragonair,11.783386093941706,Dragonair,0.9976193045961211
Jake LaRavia,52.91982287221409,40.34785180058272,44.48259312984255,53.07141576328904,56.836808445862864,62.87462980831249,Castform,13.0303852111896,Miraidon,0.9973978827315052
David Roddy,44.33508716939245,40.64517751207491,33.1666695367882,32.7965873988864,43.27599943135307,64.67810496667913,Floragato,15.744389103621417,Crobat,0.9970754036456371
Dominick Barlow,28.876803178538857,31.69106725249988,22.30589605932355,33.234871925444935,51.26481825624079,76.01036519004067,Raticate,26.612197567686902,Persian,0.9844286461934492
Vince Williams Jr.,65.61504815264222,37.75840329049081,42.16729519399173,67.21952210364643,63.22720677072864,40.60325436367502,Dartrix,25.82046888459445,Clefable,0.9969516631418002
AJ Green,47.301687431057886,38.93876046530094,66.45515385399497,30.87738745134564,21.730874967565263,44.29303720240818,Quilladin,22.152810727908697,Orthworm,0.9904435086718255
Jamal Cain,28.320562158990136,47.55878689792419,42.85128416442263,17.43364608954922,63.18587854862671,50.27130443275359,Herdier,28.46115494731978,Mimikyu,0.9946855964528337
Simone Fontecchio,52.34853210809379,51.09672903004282,34.26319617267211,27.73691941433629,35.98944163886716,76.82220681907044,Raboot,13.7290251494447,Ambipom,0.996966854483642
Victor Wembanyama,85.5076081860257,96.29038124698984,54.1155520730018,78.47969201476259,85.12933864082254,66.66243734856664,Slither Wing,16.676050409418888,Slither Wing,0.9968652927779814
Brandon Miller,89.74333203107658,84.10428908313996,12.568323920166856,56.86909315776087,45.56842985166098,14.708107378225364,Guzzlord,34.01089644994751,Copperajah,0.978955724484105
Amen Thompson,77.89238655176516,60.34148791580883,71.31500291822589,70.28756096751104,81.47982988992692,49.3147415496008,Type: Null,16.875902561328544,Terapagos (Stellar Form),0.9978154851842155
Ausar Thompson,65.37219161883186,48.787298903130655,48.98798998177986,53.09167105619541,79.73962472904212,65.13514323201558,Tinkaton,19.552340649084826,Virizion,0.9978690091004517
Anthony Black,57.26736631680294,35.06541972371208,75.22914977796904,66.37118655821588,50.62501973567313,19.51713355163237,Dipplin,29.100299912914306,Dipplin,0.9967924356527567
Gradey Dick,70.13384880780042,63.65993656359856,11.35303712717489,31.10469646086149,34.25039150713179,58.48193244032287,Kricketune,21.529315880320368,Kricketune,0.9871188066088714
Rayan Rupert,30.92455781231315,19.39531280916966,41.41009113562258,46.020788483346784,38.12349401899701,53.93422327404205,Spinda,18.926928857057128,Sigilyph,0.9956546003886954
GG Jackson,61.74304405989314,80.4687073582341,37.131252133559485,31.045207294364616,39.31261287660889,44.827378965255946,Arctibax,25.326699518606677,Gible,0.9969785185673962
Cam Whitmore,45.17410310321099,90.06547650005598,43.35026675192211,23.970546862545667,66.26584140752956,65.19143031513181,Togedemaru,29.181053113697462,Ceruledge,0.9874914750631713
Jarace Walker,35.306469368408905,44.50369440673417,37.7092652624312,56.821373186338896,81.66219601227188,79.92514332891821,Mr. Mime (Galarian Mr. Mime),23.90165791884079,Ninetales,0.9887145898993381
Cason Wallace,66.15166230957963,25.7844715922234,70.15182538645183,45.04245962151624,51.35973339783548,59.35904620317241,Diggersby,24.864294023383657,Vullaby,0.9890341249262672
Keyonte George,79.77408991003001,76.71405109035656,4.751360295402575,88.63191386375601,25.72069250631119,50.75028731514698,Honchkrow,26.746417189649982,Honchkrow,0.9885734080641058
Jordan Hawkins,55.3011530376937,66.42702728229543,16.32452424729111,28.439254044520435,25.447446023719905,48.2059328716541,Kricketune,16.107569226395245,Excadrill,0.9901233210331755
Dereck Lively II,63.86742914033766,43.06294284027699,42.77942480771152,32.92310730679726,60.50524661140346,48.19418252632691,Raticate (Alolan Raticate),22.71980816303252,Venonat,0.9977946411644231
Brice Sensabaugh,52.6096878292398,73.8534286050758,4.405125352364098,53.58782167820937,48.96697308098016,71.37049446562779,Primeape,34.5071690788404,Houndoom,0.9722806937698961
Noah Clowney,56.1683978924883,47.74789865218011,26.460370884348198,17.631754746704242,45.00021226521535,14.671446754399264,Cufant,27.58037478849552,Muk,0.990856433083908
Bilal Coulibaly,83.02953555839686,34.01835026797804,7.812043576540844,50.19721377706304,53.61584430850561,78.54591235830395,Lanturn,42.12348694958706,Chinchou,0.9818970510147761
Nick Smith Jr.,52.53757180648383,58.24766258210656,16.619527026277265,66.68227375981596,11.521457164141523,22.71228015286557,Weepinbell,16.657194311901055,Cubchoo,0.9930072186517128
Toumani Camara,80.8453567376144,29.33717850577561,38.78611982775139,33.05216531864578,62.29116688061449,25.14692113955756,Lickitung,26.672612801825668,Audino,0.9855172583013915
Ricky Council IV,39.09046698439618,64.17317699290464,24.21550461710856,46.38407144637845,46.253107594286384,41.2927190777441,Farfetch'd,18.75419579213009,Sizzlipede,0.9974209894172147
Zach Edey,58.3716814159292,59.823008849557525,47.32743362831858,13.061946902654867,62.46017699115044,85.11504424778761,Togedemaru,22.077218182182563,Togedemaru,0.9897044125707744
Andre Jackson Jr.,29.706544685262354,9.18640437259646,28.36815712486042,48.17275828823959,53.00103472477398,60.28780791349117,Espurr,23.409711685568304,Minun,0.9930482532559582
Julian Phillips,29.78381654819594,25.58610778863978,49.57255208521627,7.754423776228958,34.64052823125817,75.77989054063663,Aipom,28.827245042023957,Trubbish,0.9690344053826319
Brandin Podziemski,72.77588958846202,46.77101849119804,64.71434765187352,74.61630919682551,66.64580784465629,38.98079305915375,Ampharos,18.181515424851785,Porygon2,0.9985517412498595
Ben Sheppard,45.15469391935677,18.668642444892264,29.68758113491996,29.74338874639343,47.41442145533561,79.71470709326432,Skiploom,27.98122146932755,Skiploom,0.9929425647702194
Tristan da Silva,59.96460176991151,28.38938053097345,57.30973451327433,45.06194690265487,32.64601769911504,3.7522123893805306,Spritzee,27.625544245308856,Slowbro,0.993621182791979
Tosan Evbuomwan,62.61502618133811,38.46733010405975,48.537401704251714,42.36443141480319,53.175968819610254,13.992198897095808,Dartrix,24.663026816484994,Lickilicky,0.9986042173416623
Matas Buzelis,49.94690265486726,66.58407079646018,41.94690265486726,22.4070796460177,38.41592920353983,90.95575221238938,Raboot,21.738185861749578,Aipom,0.9938498570131931
Ronald Holland II,38.76106194690265,54.12389380530973,52.53097345132744,39.6283185840708,67.49557522123894,49.09734513274336,Eevee (Partner Eevee),16.17041893692981,Eevee (Partner Eevee),0.99289392867346
Craig Porter Jr.,25.119710546959624,52.58067169924262,31.676442496448747,83.78558224382738,50.98612524991236,23.73746305072629,Combusken,27.31488741814645,Popplio,0.9797412612792753
Duop Reath,39.25289831605437,70.71371072317564,15.48350421013784,34.19525581364788,48.32419517868309,30.158686835612432,Farfetch'd (Galarian Farfetch'd),21.74757923804774,Farfetch'd (Galarian Farfetch'd),0.9790700587509064
Zaccharie Risacher,67.1504424778761,77.5929203539823,20.84955752212389,19.274336283185843,38.23008849557522,87.06194690265487,Squawkabilly (Green Plumage),20.3623688383929,Squawkabilly (Green Plumage),0.9918307565484518
Alex Sarr,73.94690265486726,71.64601769911503,13.699115044247788,60.849557522123895,52.0353982300885,85.68141592920354,Zebstrika,31.161410183018745,Zebstrika,0.9804089972728811
Dalton Knecht,50.83185840707964,69.94690265486726,21.53982300884956,18.460176991150444,29.27433628318584,12.530973451327435,Cufant,22.803506481948634,Golett,0.9880304542302323
Cody Williams,57.52212389380531,8.106194690265486,7.309734513274336,26.72566371681416,18.08849557522124,77.5575221238938,Finizen,22.769987006073414,Finizen,0.9910688670208865
Stephon Castle,72.70796460176992,83.57522123893806,12.8141592920354,84.23008849557522,43.95575221238938,61.43362831858406,Honchkrow,28.481011393642746,Growlithe (Hisuian Growlithe),0.9937495877591344
Ja'Kobe Walter,57.62831858407079,52.53097345132744,50.690265486725664,45.06194690265487,49.30088495575221,53.46902654867257,Castform,15.851454177637208,Arceus,0.9978708447699522
Bub Carrington,82.08849557522124,28.637168141592923,8.672566371681416,81.27433628318585,36.72566371681416,76.070796460177,Vivillon,27.364241841321455,Vivillon,0.9892465881296599
Isaiah Collier,70.90265486725664,30.053097345132745,7.097345132743363,97.45132743362832,51.76991150442478,69.02654867256636,Accelgor,39.58504251222853,Morgrem,0.9854624684466562
Donovan Clingan,53.06194690265488,28.84955752212389,62.88495575221239,29.75221238938053,64.43362831858407,58.8141592920354,Volbeat,22.414627579803845,Dubwool,0.9923636232186895
Kyle Filipowski,57.41592920353983,66.30088495575221,6.530973451327434,61.27433628318584,73.54867256637169,69.23893805309734,Cramorant,25.17655022850509,Cramorant,0.9858646228675111
Kyshawn George,72.38938053097344,28.424778761061948,18.336283185840703,57.80530973451328,62.309734513274336,71.84070796460176,Venomoth,29.742392123394847,Nihilego,0.9868105102088566
Yves Missi,73.02654867256638,31.82300884955752,4.2477876106194685,22.4070796460177,49.13274336283186,32.15929203539823,Shellos,35.75023518798656,Lechonk,0.9735283495156504
Tidjane Salaün,56.21238938053097,18.053097345132745,49.82300884955752,38.05309734513274,53.11504424778761,14.725663716814156,Spritzee,24.36566429200271,Audino (Mega Audino),0.9974062301396297
Kel'el Ware,60.63716814159292,56.14159292035398,52.53097345132744,14.920353982300885,68.79646017699115,15.982300884955752,Ariados,33.65963405126425,Bouffalant,0.992207065563373
Oso Ighodaro,44.10619469026549,10.938053097345133,60.0353982300885,39.6283185840708,52.63716814159292,20.831858407079647,Swirlix,26.608674225655978,Audino (Mega Audino),0.9924611047093849
Ryan Dunn,50.4424778761062,39.04424778761062,20.371681415929206,13.061946902654867,51.12389380530973,15.840707964601773,Seel,30.843614874663142,Muk,0.9816475627486045
Jamal Shead,52.53097345132744,39.36283185840708,32.955752212389385,95.00884955752213,40.46017699115045,65.57522123893806,Manectric,26.001838590504413,Psyduck,0.9965613629524613
Justin Edwards,71.75221238938053,46.017699115044245,2.584070796460177,32.0,50.39823008849557,25.840707964601773,Amaura,35.89039025368594,Lechonk,0.9597975480049977
Jonathan Mogbo,55.15044247787611,22.371681415929203,43.20353982300885,68.35398230088495,76.45132743362832,71.71681415929203,Thievul,13.323438487193485,Indeedee (Female),0.9963286832236182
Jaylen Wells,70.76106194690266,51.04424778761062,43.45132743362832,30.4070796460177,20.336283185840703,87.53982300884957,Furret,20.618094236612787,Skitty,0.9935771358395693
Jamison Battle,46.017699115044245,50.83185840707964,32.10619469026549,23.079646017699115,30.13274336283186,67.32743362831859,Gabite,16.216353137025315,Ambipom,0.9978944045457949
