PLAYER_ID,PLAYER_NAME,GP,MIN_TOTAL,PRIMARY_DECADE,ERA_LABEL,HP_PCT,ATTACK_PCT,DEFENSE_PCT,SPATK_PCT,SPDEF_PCT,SPEED_PCT
2,Byron Scott,79,1439.7783333333334,1990,Hand-Check Grind,47.01534963047186,55.599772598067084,56.16827743035816,51.90449118817509,33.71233655486071,50.71063104036384
3,Grant Long,370,8083.416666666667,1990,Hand-Check Grind,58.63627640890778,21.560041318494754,59.518163707998156,38.75315222438898,65.47137648856308,25.582987956450417
7,Dan Schayes,138,1956.3183333333334,1990,Hand-Check Grind,36.95093304933976,31.168282092056035,63.801814772489905,19.939484293746734,49.284967118119525,5.155331262820405
15,Eric Piatkowski,643,12617.42,2000,Isolation Half-Court,55.0523458851623,65.20595858323101,34.192730214380596,39.145523878436485,35.35120097377354,48.42187295510926
17,Clyde Drexler,132,4745.398333333333,1990,Hand-Check Grind,90.5402225455601,89.57173835111742,36.439538259392,87.62465095642668,67.58364582981828,45.438159833958984
21,Greg Anthony,395,7612.115,1990,Hand-Check Grind,53.0208669189996,47.65229860358438,48.23595263926064,88.74789243283851,56.142442907438664,24.184435476315382
22,Rik Smits,253,6724.886666666666,1990,Hand-Check Grind,68.68179632973035,95.84597916739898,46.2722486255783,36.813199371954084,47.172923685481976,27.32302032614104
23,Dennis Rodman,170,5855.108333333333,1990,Hand-Check Grind,87.11269763872504,3.729486934359354,53.84758472613786,47.74387419522806,56.22418033406034,15.542046369818836
26,Luc Longley,253,5827.871666666667,1990,Hand-Check Grind,61.58073536158166,51.09805093642839,75.62323584621849,51.579192470180125,44.161527879602204,27.135051960320105
28,Doug West,173,3660.911666666667,1990,Hand-Check Grind,58.216781770232096,21.78724399878224,39.97642608742261,47.92604199957531,30.833910509957185,40.79677180211659
29,Jim McIlvaine,266,4197.888333333333,1990,Hand-Check Grind,40.21827326096403,8.041192375312958,62.572770368230444,8.60539878950024,47.09484619286225,51.75165087364182
42,Monty Williams,384,6940.915,1990,Hand-Check Grind,46.219049813781176,60.97541328171008,54.00697777165384,57.72358205240578,48.868476785646536,55.29272562729642
43,Chris Whitney,493,9194.006666666666,2000,Isolation Half-Court,51.18275336393334,59.53310854030231,47.623364020969355,88.2798824778881,40.83627471613144,52.66578234609425
45,George McCloud,398,9905.221666666666,1990,Hand-Check Grind,64.45418774584012,56.14912619658932,30.35014291177874,67.66421325524145,48.551488826801986,55.358270094210994
49,Gheorghe Muresan,104,2112.6499999999996,1990,Hand-Check Grind,58.71970324890024,71.23652565980663,64.19770645240271,8.39566578740126,57.5577495316492,44.890676882684026
51,Mahmoud Abdul-Rauf,147,3151.6450000000004,1990,Hand-Check Grind,60.4500265925981,85.10717671140291,24.97354669364404,73.6435387533476,22.007979217768828,42.97554472409579
53,Mario Elie,345,9694.028333333332,1990,Hand-Check Grind,72.61852538320893,33.21867032884769,59.25478194459347,65.78016207209134,42.05404620179131,37.021885725268376
54,Dickey Simpkins,208,3932.92,1990,Hand-Check Grind,57.37322766680502,21.54345309702149,50.31818338284992,45.36281939396039,47.76508954308539,24.775282531368948
55,Marty Conlon,102,1865.1016666666667,1990,Hand-Check Grind,51.86152533565054,53.25796121365354,15.669830273050755,46.387002486393335,54.663690889662426,81.01194576455335
56,Gary Payton,845,30739.463333333333,2000,Isolation Half-Court,92.10667206316367,78.2961411506138,43.19583334551903,93.52700961188285,55.786193671056964,36.72069974003967
57,Doug Christie,672,23117.845,2000,Isolation Half-Court,87.3665589436167,49.39662908282335,50.885627184321244,73.808485609767,66.65751801812264,65.15255532193939
61,Carl Herrera,161,2652.5383333333334,1990,Hand-Check Grind,49.460557168398935,37.828869921132544,30.71761731189426,18.960821819737575,60.74785241597936,14.866284968167497
63,Michael Smith,302,7428.336666666666,1990,Hand-Check Grind,64.46842648908357,11.799280536111063,19.469548333446056,46.39242311198923,76.44911171269834,41.53924487618346
64,Sam Perkins,355,7061.308333333333,1990,Hand-Check Grind,51.76234122166508,49.70517350009284,73.56146331995967,36.251490939476504,54.83905460651061,26.60880839084645
65,Greg Minor,136,2439.835,1990,Hand-Check Grind,46.777856869888964,39.86629560720639,75.59931563529018,51.46054935333544,50.495330205507244,73.71720126591178
67,Tom Hammonds,250,4016.838333333333,1990,Hand-Check Grind,46.56614876219131,31.86046551897305,26.43531733768381,18.743073618848648,39.468327867593565,58.48167414219767
70,Steve Kerr,403,6351.495,1990,Hand-Check Grind,42.538221095158214,41.64813081214421,72.69981538340818,61.8695535443219,25.519068968027295,37.96711141093212
71,Pooh Richardson,139,2453.168333333333,1990,Hand-Check Grind,45.551185799524156,23.683976757497366,22.270239587630087,89.69318219438252,43.99941873191653,45.76857363032841
72,Kenny Anderson,516,14609.006666666666,1990,Hand-Check Grind,75.47733720402191,58.05574777146971,53.427840441768474,90.07871053470943,55.82231206826728,48.84664597343198
73,Hot Rod Williams,164,3876.576666666667,1990,Hand-Check Grind,64.86329248002033,13.484871483690744,43.44590396732154,23.97666246046263,61.01027119626514,43.911598693053215
76,Cedric Ceballos,219,5392.241666666667,1990,Hand-Check Grind,66.25271678691159,91.40267925840415,37.0781347724307,34.51863584218957,54.02820562793534,58.50376115270669
77,Doug Overton,256,3228.583333333333,2000,Isolation Half-Court,32.916513464505016,29.473320691967324,47.34764719824153,82.04109340794479,25.761071599253494,57.34231302908628
82,Bill Wennington,154,1754.1599999999999,1990,Hand-Check Grind,26.295497260843106,48.25435965839723,75.85140884707633,33.07395524521956,36.07855062255043,32.01718730434447
84,Latrell Sprewell,607,23157.236666666664,2000,Isolation Half-Court,94.94754303049898,82.11850712235973,47.966737862746335,74.20966948592567,43.178855318440995,24.253782577512546
85,Brent Price,204,3079.8533333333335,1990,Hand-Check Grind,42.59529155564065,42.47513695241636,35.29117696441782,83.85964428629012,41.9659306919443,50.403115277649825
87,Dikembe Mutombo,805,22396.256666666668,2000,Isolation Half-Court,77.84060600170535,34.526016938648354,76.16547322449597,15.342654625437,52.835216664853455,12.292408533078824
89,Nick Van Exel,645,20826.261666666665,2000,Isolation Half-Court,84.64313913269054,74.67070975977282,30.292945165012867,94.08562214969598,26.272376362593384,40.64373114952923
93,Hubert Davis,423,9522.978333333334,1990,Hand-Check Grind,63.08625844566706,41.76783857238252,32.87291729871316,54.56587016884634,14.804969584076963,45.25314333573803
95,Mark Bryant,295,5436.876666666667,1990,Hand-Check Grind,54.0871070504356,32.45757275567488,51.00534099368937,27.71391550366823,49.64296333423774,39.047539312869496
96,Detlef Schrempf,292,8758.261666666667,1990,Hand-Check Grind,80.36432436333945,70.66816887159443,52.654237875571894,77.1845007150022,52.04726461592519,23.095304013028066
98,Nick Anderson,276,7931.599999999999,1990,Hand-Check Grind,77.11009754910242,64.95396865274436,56.792047443766506,53.16212267578678,68.36909864468242,37.525241197342105
103,Todd Day,175,3634.276666666666,1990,Hand-Check Grind,58.30597751185644,82.97046049456668,33.13489928050524,43.37158563366905,62.52959375363953,84.39439307460934
105,Dan Majerle,343,9614.311666666666,1990,Hand-Check Grind,74.07768111224506,17.480401829648546,77.42724909896775,61.67381849880698,58.60847346492667,17.79739469141283
107,Dale Ellis,251,6684.571666666667,1990,Hand-Check Grind,73.01197711316757,76.65119768992028,29.00150695000862,35.36964469903496,24.18270839723254,37.419947166834135
109,Robert Horry,812,17688.275,2000,Isolation Half-Court,58.08885909554238,21.747085308562692,75.58947301233424,57.40004212607564,71.96016999568658,48.57420511556483
111,LaPhonso Ellis,412,10840.29,1990,Hand-Check Grind,71.08504956139879,64.56607913631174,36.628817646078595,43.48432068920244,51.251632509285216,24.817430320547007
120,Steven Smith,595,17130.766666666666,1990,Hand-Check Grind,79.71426973428026,79.18620927284027,63.10078418234745,66.8631110313971,22.48665807633773,17.9800349431532
121,Patrick Ewing,348,10072.128333333334,1990,Hand-Check Grind,78.68718096657422,82.13173204091335,66.17886279786718,32.85257782941343,62.847411463855906,33.7586039217106
123,Robert Pack,264,5373.78,1990,Hand-Check Grind,57.75224787085821,61.34698785053868,32.68214194395033,96.70230147280525,54.21131889648376,68.01416343410555
124,Vlade Divac,614,18440.951666666664,2000,Isolation Half-Court,77.43139953727814,57.86675830809028,62.35705470210547,73.51463630679594,72.462775913672,63.627667037701514
128,David Benoit,126,1567.4833333333333,1990,Hand-Check Grind,30.305235822570534,60.91377379046471,70.41225407025166,18.956917488178235,52.32260387584919,63.965045908600736
133,David Wesley,756,26252.15,2000,Isolation Half-Court,89.3634759819966,62.707614721183646,53.3628746019177,80.17051168494257,42.36164716127467,33.28829393112338
134,Kevin Johnson,126,4059.89,1990,Hand-Check Grind,84.90303434386914,80.13823880393112,22.981717071168976,95.5726392136656,40.57250157155586,54.61347470730699
136,P.J. Brown,849,26481.246666666666,2000,Isolation Half-Court,80.52825021224709,32.09688067626804,65.19676350311781,34.69183800438213,60.83393292331344,16.030026138542333
137,Vernon Maxwell,250,5366.538333333333,1990,Hand-Check Grind,57.853993381796215,77.46868763301897,38.00420539973471,62.235783004992804,39.661939805286394,47.05225864669782
140,Donald Royal,93,1184.9133333333334,1990,Hand-Check Grind,30.63884661005744,18.909854041005445,24.025717674858637,21.0149124110829,40.69430721720686,51.63185439116607
143,Terry Dehere,176,2752.1749999999997,1990,Hand-Check Grind,40.2996889987086,57.935211573899835,34.74603579807938,83.90597354118768,33.29849940087095,39.063967219173506
145,Tracy Murray,410,7815.821666666667,1990,Hand-Check Grind,54.32404273229463,80.13847709730024,35.101739833876366,28.193615137260196,44.472744510701794,60.70006487949959
146,Jud Buechler,381,4431.435,1990,Hand-Check Grind,29.420771995060324,17.343617846219864,77.9539111277091,43.903182563697946,51.329593268479606,67.53901501657664
147,Jalen Rose,762,24013.931666666667,2000,Isolation Half-Court,84.95753304572423,84.79062838477627,42.721365786952866,77.74926794341158,37.243138045239995,42.794106172857695
156,Antoine Carr,187,2916.5333333333333,1990,Hand-Check Grind,40.61221370931963,57.71920612253247,41.9806870534499,36.50537208997336,25.388547990407933,19.8889079402665
157,Derek Harper,186,5093.173333333332,1990,Hand-Check Grind,70.21657553446357,39.664312643891684,27.640520198441447,85.45503412868507,39.63382702841768,19.008778283549983
164,Chris Childs,410,10188.433333333332,1990,Hand-Check Grind,65.29156989459375,16.912222539414316,77.12897047178782,92.48398646267745,44.1249716132289,11.871470531769074
165,Hakeem Olajuwon,338,10231.096666666666,1990,Hand-Check Grind,79.38666172998406,81.67643235405679,56.42649993417946,53.51297316410261,86.69066851535848,33.00953452960396
166,Ron Harper,320,8311.9,1990,Hand-Check Grind,67.12691208881579,33.493141531722685,72.01201909791584,71.5785131501388,60.351332190600864,27.403606933875405
168,Chris Mills,329,9390.343333333332,1990,Hand-Check Grind,77.57028597429304,53.88812839887601,62.51338134183631,51.40844476998327,48.33486584761561,25.563448934605706
170,Joe Kleine,143,1646.73,1990,Hand-Check Grind,28.32274246687828,10.265502363375301,25.753720840991004,32.21205393194231,44.31840105394165,46.29118737208852
173,Keith Askins,157,2863.543333333333,1990,Hand-Check Grind,49.02938965488423,8.54087756601226,75.38969235249324,25.009240785267252,52.74086220533085,17.49121145561733
177,Muggsy Bogues,245,5926.1,1990,Hand-Check Grind,63.438315953337785,18.498673741150867,48.71516304948443,93.90018733603122,46.41815315023387,29.8467982644178
178,Olden Polynice,365,9276.795,1990,Hand-Check Grind,68.3632161918701,35.37314086698538,36.439673526869456,28.916790436342957,50.22835453276014,28.542696526281166
179,Bryant Stith,302,7562.958333333333,1990,Hand-Check Grind,69.8072956245265,44.71455963749079,33.09989431602692,56.65328215224794,43.121335267437,48.86207165906436
180,John Crotty,254,3604.9433333333336,1990,Hand-Check Grind,35.68110317794261,44.66021713090646,68.97323598659341,88.49189469072563,25.525624824397728,50.06715356026611
182,Billy Owens,272,6894.201666666667,1990,Hand-Check Grind,67.14639381739708,43.52506312940225,41.183056178064994,63.80521815906509,64.22497765788974,53.48542669887132
183,Bison Dele,136,3939.116666666667,1990,Hand-Check Grind,76.36241685024201,82.64000167241403,53.934665140137454,37.31805655867671,64.07157115800959,9.317685105147655
184,Bobby Phills,202,6666.028333333334,1990,Hand-Check Grind,83.82721312421832,57.920359276902175,55.996343173451805,71.7178603407274,55.12967842509465,25.072161979862045
185,Chris Webber,686,25789.065,2000,Isolation Half-Court,94.55863736889107,91.39135118052566,48.440850318131695,77.84834964097028,81.16329653119669,66.2526778601274
187,Terry Cummings,191,3418.51,1990,Hand-Check Grind,46.09722660217637,74.86698365955478,56.86120296877095,39.62979571414156,71.49338377835379,32.20198663772035
190,Duane Causwell,158,1664.6516666666666,1990,Hand-Check Grind,24.252162060877883,17.684481930186525,37.60079011742498,11.479734970495645,49.24788586912837,24.461373021943515
192,Dennis Scott,249,6455.514999999999,1990,Hand-Check Grind,68.98527310697989,53.2754534262029,38.267218919311446,48.95241206435632,33.46582190391355,22.897724135136976
193,Anthony Mason,463,17938.016666666666,1990,Hand-Check Grind,95.77875870953274,40.33554150032394,40.55899593025946,73.11914756976962,57.08859831234783,24.352755924485553
195,Lee Mayberry,168,3921.0049999999997,1990,Hand-Check Grind,60.71196357426432,8.985251493389137,13.829570914744304,88.22079716838229,32.55921813211098,30.17903546367986
197,Scott Burrell,247,4120.403333333334,1990,Hand-Check Grind,43.231946195477754,45.94854850167118,68.98347178869142,47.8006631519218,69.63799813536444,54.7860961842985
198,Danny Ferry,459,9135.455,1990,Hand-Check Grind,56.00349911315516,34.422656397766175,69.33389455642843,40.443875926515794,32.96564564435038,27.69369010120971
201,Chris Dudley,324,4793.136666666666,1990,Hand-Check Grind,41.22070602975749,4.898513827833107,73.74343459205572,9.928726626827546,54.25159646447781,21.35406009233484
203,Nate McMillan,55,1077.76,1990,Hand-Check Grind,51.59476253670187,10.887116160773886,86.75682685460636,88.66774776266566,79.1495475902237,9.218202960388762
204,Jeff Hornacek,287,8621.133333333333,1990,Hand-Check Grind,76.39867219389394,78.94068747588871,53.77774383438756,78.47336421193918,47.467457761632275,33.0710699555314
208,Sam Cassell,784,25139.491666666665,2000,Isolation Half-Court,82.35155482408078,92.20192488746234,40.106866930824374,95.93653844502023,44.71313791026033,50.56066619141164
209,Dell Curry,356,6855.24,1990,Hand-Check Grind,52.87542257843063,82.98089559938691,37.83680155771697,56.35151670665592,37.286041809050296,30.239573835948775
210,Terrell Brandon,345,12248.071666666667,1990,Hand-Check Grind,89.58377374866612,82.09341627200027,51.55270417225608,96.74959987597647,62.14824325509787,37.14041414087917
213,Antonio Davis,696,21252.215,2000,Isolation Half-Court,79.15789994241669,49.02592389451094,59.501844443409105,30.298600696239298,48.59815548565916,23.00847802015221
216,Brian Shaw,421,8006.089999999999,1990,Hand-Check Grind,52.07804916995698,21.112389561145832,46.56740853091478,84.72297336740272,53.33552410786688,51.61928810571922
219,Vinny Del Negro,308,7196.085,1990,Hand-Check Grind,64.91445958740027,39.554563518641444,36.17558016403217,77.57469565637932,33.751757846756796,23.1680255207115
221,Clar. Weatherspoon,597,15851.948333333334,1990,Hand-Check Grind,71.80622920674432,38.792788239206736,44.65122948853249,27.5154534316993,66.6968055122067,35.46644950729509
223,Bill Curley,94,1019.6883333333334,1990,Hand-Check Grind,23.54593773491398,19.126893312134623,54.7337111810055,18.539161505044564,56.23800460020123,74.72024431626238
224,Eddie Jones,820,28602.181666666664,2000,Isolation Half-Court,89.51533785537363,72.57028364572973,67.41552696698227,66.2207736861734,59.253282042664296,25.87404426281124
228,Adam Keefe,315,5056.626666666667,1990,Hand-Check Grind,44.93239923197002,23.506690057688385,51.140260250421214,26.976978540355013,56.242193165524824,28.293972122760312
234,Khalid Reeves,159,3542.375,1990,Hand-Check Grind,58.86000503808545,53.32870443601812,29.551704734463605,82.60217049323306,35.00303954859632,23.99712486356021
236,Kevin Edwards,117,1590.3899999999999,1990,Hand-Check Grind,32.428453340692485,38.54336278092895,55.01677515368391,65.63382497851485,53.92568872974185,82.79027646904349
238,Tyrone Hill,400,12475.813333333334,1990,Hand-Check Grind,80.47864241871557,38.80812066828781,66.46007298610313,17.837652936680847,65.70802893896206,24.339778952215273
239,Darrick Martin,421,7211.425,1990,Hand-Check Grind,52.37280839140291,62.2431289044031,27.033527212661248,85.9560269971193,34.26993089180007,53.002939040004634
240,Brooks Thompson,97,1223.2966666666669,1990,Hand-Check Grind,35.40427453254485,69.24394705180133,7.69466524681608,88.8496776444579,56.72618604897484,68.61215156078671
243,Aaron McKie,667,16082.471666666666,2000,Isolation Half-Court,64.6592084381511,34.59722408384726,82.73860753730445,76.45185979812317,68.2523584722288,41.4452606089267
244,Dee Brown,194,4520.2283333333335,1990,Hand-Check Grind,61.85845740722693,58.54940719404945,33.445383356250204,72.3472731325063,49.08539640430167,65.41699992233589
246,Greg Anderson,132,2058.5566666666664,1990,Hand-Check Grind,44.42209096842667,8.483244642745689,4.348803866217652,11.412617781778446,80.11277462044607,20.499382342555496
247,Joe Dumars,189,6370.405,1990,Hand-Check Grind,86.00068490184555,65.87354230433039,39.10221671008486,75.97118459996986,13.774426623817172,4.644251820410579
248,George Lynch,571,13944.835000000001,2000,Isolation Half-Court,65.41005562662095,26.41268432161922,74.53369333941664,50.870264774750844,73.34657998716733,31.41954125024845
251,Sean Elliott,196,5537.785000000001,1990,Hand-Check Grind,73.65831729514662,53.21181729796084,67.7538848342477,59.1877561195117,34.657629841728074,17.07362023789015
252,Karl Malone,578,21049.39,1990,Hand-Check Grind,91.59191878149426,95.77862894284335,51.888308973002886,81.63140569173645,79.2921592649483,29.763915012034918
255,Grant Hill,876,28839.766666666666,2000,Isolation Half-Court,85.45246659585706,80.29496230406153,37.878943400162505,73.92658872556441,63.29691354826674,47.99613436562171
258,Brian Grant,598,16745.878333333334,2000,Isolation Half-Court,74.3180210255852,47.22309217204249,65.30600229201205,31.019588785975035,57.097156618323915,13.574509983901883
262,Michael Cage,181,2685.9866666666667,1990,Hand-Check Grind,37.092448517765646,2.8050525717752484,42.868234768437524,15.85276364397134,74.77738345627655,54.853357553151625
265,Harvey Grant,190,3292.1549999999997,1990,Hand-Check Grind,44.96263013217927,7.503790515012943,64.14495991581634,22.573272293352108,46.52643648346805,49.41479523231111
270,Horace Grant,482,15432.425,1990,Hand-Check Grind,83.100696367141,27.88548947350142,52.61674897588897,44.06391181486648,55.24007325076389,30.293481054275144
271,Johnny Newman,417,9725.506666666666,1990,Hand-Check Grind,61.582963681647605,67.07507463897998,37.90136984025612,42.320305695850784,34.73798982137693,37.8345401097068
273,Duane Ferrell,120,1615.4950000000001,1990,Hand-Check Grind,36.783745763458,37.885258106359274,44.7589305451532,44.14068217786902,42.27941225612575,47.77365478435631
275,Allan Houston,602,21725.255,2000,Isolation Half-Court,90.99759563300611,88.88129802852387,59.44213566492796,59.997603617874454,20.19221375754933,22.70506229310876
278,Stacey Augmon,611,9764.321666666667,2000,Isolation Half-Court,40.86420118675917,24.02642225145979,74.83061648901138,53.082220591847076,56.12783024910752,34.98018294958858
280,Felton Spencer,243,3039.595,1990,Hand-Check Grind,37.78148289483957,15.777363171663932,45.32633218444786,6.447633574027717,58.23515367166299,51.16474624215119
281,Scott Williams,433,7219.998333333333,1990,Hand-Check Grind,44.09756775401629,36.66273371415655,49.113574487576926,13.416125217866693,68.11686895617109,56.67595444734826
283,Lindsey Hunter,733,17983.153333333332,1990,Hand-Check Grind,71.34772000384244,47.29719181441871,54.346658969514216,67.857746650285,51.6710884498242,32.61478545156038
288,Armen Gilliam,246,5623.44,1990,Hand-Check Grind,60.604334285974346,63.659401927384486,37.15957983266021,28.568944904983255,61.96572833256341,25.369016058264542
296,Rick Fox,562,15384.37,1990,Hand-Check Grind,72.27132443340815,49.409423619067454,49.04368232887726,71.62420644377563,54.43572755568512,63.32131806682707
297,Alonzo Mourning,553,15701.586666666666,1990,Hand-Check Grind,76.36559367777221,86.66814698481181,79.44927390032078,26.085440584870366,49.847715302493604,17.8953236260947
299,Glenn Robinson,526,19145.47333333333,1990,Hand-Check Grind,91.75567700508422,94.85070746151118,31.808803736011537,61.31850241080113,58.132207911292866,42.99137476700185
302,Mookie Blaylock,373,12924.02,1990,Hand-Check Grind,89.46696146142756,51.8419358343861,57.382775183245776,92.23939666226356,66.65514090475008,33.3809373879186
304,John Stockton,524,15831.256666666666,1990,Hand-Check Grind,77.11940030912388,68.08167787619685,63.59207595606647,99.56054164528516,57.07734666558872,24.624283872904307
310,Bobby Hurley,110,1504.0933333333332,1990,Hand-Check Grind,33.09028118494838,22.158966433248597,25.742014919070222,95.22556078198693,32.061143595041685,69.07087362930362
317,John Starks,387,10168.586666666666,1990,Hand-Check Grind,70.04481653187715,69.32152135209951,60.13911266585014,75.18946129231504,45.37273947360935,36.09176304364686
323,Greg Foster,356,4556.594999999999,1990,Hand-Check Grind,33.619862547953765,28.500177385478175,37.58503201435366,29.509249864800875,38.82289012257399,23.952372017993596
324,Anthony Peeler,574,14700.886666666665,2000,Isolation Half-Court,67.66466849136604,53.33269336228426,39.42188959192917,69.57336719312066,47.09617462735903,49.95196761450323
328,Rick Mahorn,97,1052.74,1990,Hand-Check Grind,24.55358036628954,10.262010844984538,75.60036386130948,10.675978413355509,54.42999531414002,30.387284372074657
330,Danny Manning,405,8275.248333333333,1990,Hand-Check Grind,55.79188349988886,70.53079444607113,54.12728576170356,60.19245860203078,68.62266085156291,43.040159640780644
339,Tom Gugliotta,449,12562.348333333333,1990,Hand-Check Grind,77.53956111307888,62.99436948300436,48.739846111326806,62.04884883265998,74.83620139916941,46.91336450347879
341,Joe Wolf,116,1156.6433333333332,1990,Hand-Check Grind,21.391326355198235,5.005381719481551,40.72469062870689,28.386276088912005,61.243305652973696,34.76427271109615
344,Dana Barros,316,6373.7,1990,Hand-Check Grind,53.033107252545015,73.80093169690848,56.097612577039875,83.93580049381646,43.97779125742824,70.64568222967497
345,Terry Porter,434,9308.978333333333,1990,Hand-Check Grind,55.707214889032116,57.65764038300748,73.83431956215061,85.98457291545327,47.613932341751735,38.86588203365029
348,Mitchell Butler,150,1730.08,1990,Hand-Check Grind,26.653571168586858,34.86138915196792,83.75070951387896,52.748445423189295,40.77439747626633,53.77960130054986
349,Mark Jackson,583,16021.97,1990,Hand-Check Grind,73.36313564209274,24.25703119075708,45.02055199410962,99.0847601304243,49.969292327961035,30.76076052390519
353,Darrell Armstrong,824,19870.25,2000,Isolation Half-Court,68.8404885802973,59.76801529450426,61.35582764354599,89.72197335039455,60.10786853495307,58.42631169575454
355,Vincent Askew,73,1286.31,1990,Hand-Check Grind,45.363714281778265,19.825135053984273,72.61081933938608,70.95016059904626,37.5129942872537,52.68518372792622
356,Chris Morris,171,2049.4416666666666,1990,Hand-Check Grind,28.204912329004166,51.25735112014301,37.200539606285496,32.27468216447152,60.994566024186064,24.855522118184744
358,Anfernee Hardaway,463,14785.888333333332,2000,Isolation Half-Court,82.88614450269333,64.18820144064972,63.97777826298785,79.74899759645258,60.18059224670187,38.97922575980466
359,Chucky Brown,302,4680.691666666667,1990,Hand-Check Grind,42.71174355018413,36.814493947495826,53.428022160209174,34.657872210034796,36.45889388310332,40.00155727046036
361,Clifford Robinson,817,25811.081666666665,2000,Isolation Half-Court,82.06079382201594,64.05274312775384,59.429983816413504,61.515777839249594,45.03469155317329,38.15359322312638
363,Christian Laettner,562,15233.558333333332,1990,Hand-Check Grind,72.60827279978083,60.6216515725472,50.99767091324685,64.17740289590934,71.56287070360348,32.42866023366881
364,Rex Chapman,224,6239.768333333333,1990,Hand-Check Grind,73.74195986011618,76.91370090219534,39.94568941703476,64.38758760342971,33.1885237455911,55.47460788458841
365,Derrick McKey,259,5410.3983333333335,1990,Hand-Check Grind,55.542185761194204,16.281152360216666,61.96245325046679,56.22198754975657,65.43373814307864,13.573152748153092
369,Charlie Ward,558,13261.108333333334,1990,Hand-Check Grind,62.54985327303437,26.999626047720675,77.41457749971542,90.97539281085041,66.70666179106415,29.092075158683677
371,Terry Mills,226,4764.205,1990,Hand-Check Grind,56.77573338661146,48.20041276545632,50.465190550140136,34.502508758230285,51.98468782862468,39.83847721462104
375,Isaiah Rider,334,10206.046666666667,1990,Hand-Check Grind,81.303836280571,87.37559473454954,39.969796914289034,67.12954308471187,27.11131152837681,35.32172944098771
376,Eric Montross,326,4727.445,1990,Hand-Check Grind,40.616586810326616,6.557268452596403,36.93038586785262,13.516599680066138,50.55981592511511,36.367759741317954
380,Tony Smith,82,1448.0800000000002,1990,Hand-Check Grind,45.95178736736251,22.4110053940227,16.919687174599428,73.9980573254034,37.022678454948405,32.433241307088615
381,James Robinson,176,3100.5750000000003,1990,Hand-Check Grind,45.51624693264128,71.80326803495764,14.593247244785255,73.78009460743273,32.24064135365806,54.38360161988434
383,Kendall Gill,537,15968.154999999999,1990,Hand-Check Grind,77.93288436041814,62.88321683932313,45.01056596876825,64.069900771253,64.5638527884855,52.57453214274382
384,Calbert Cheaney,612,15426.536666666667,1990,Hand-Check Grind,67.97471237514709,35.62658918429321,47.27556308892781,46.615073200389865,41.85816140500261,39.25243668838787
386,Elliot Perry,309,4993.621666666667,1990,Hand-Check Grind,44.15131288875177,48.14747266645464,47.33682520386608,87.29467792959073,52.6421818301984,44.979363741730786
389,Toni Kukoc,609,15716.361666666668,2000,Isolation Half-Court,68.63756435736158,71.15335195269522,60.694569634393595,84.32478980048147,59.77191561470888,38.28879386540073
390,Sasha Danilovic,56,1789.17,1990,Hand-Check Grind,81.06878908470722,64.75270039795338,76.69130187606595,48.20920977828311,29.88914155770324,13.928368391131324
393,Rod Strickland,525,15860.458333333334,1990,Hand-Check Grind,80.71515912288409,64.85738080461844,41.655903071186174,97.642723264091,54.05730518869152,41.05480827231249
397,Reggie Miller,669,23116.081666666665,2000,Isolation Half-Court,87.76618231707808,83.07479927399685,54.99582459281379,61.815718850092416,28.811429513333653,28.14717649220396
399,Sean Rooks,485,6687.361666666667,2000,Isolation Half-Court,35.03012746453256,27.945469652851116,52.165490282117105,36.818150923283376,46.16697295893072,58.74171818035912
400,Derek Strong,232,4985.32,1990,Hand-Check Grind,59.276357997957085,54.57848239047649,59.04293975270885,19.69621787535217,55.484416558856694,13.76417993213837
406,Shaquille O'Neal,912,30754.413333333334,2000,Isolation Half-Court,86.71029246618887,96.79515714547162,54.31197254601196,62.31413650760236,54.185593185105496,45.12759719008024
412,Sharone Wright,67,1054.9483333333333,1990,Hand-Check Grind,41.307600956464526,62.074777583079246,24.774647995621308,21.851698465455136,32.43913825603731,14.943677214788712
417,Sam Mitchell,435,8566.596666666666,1990,Hand-Check Grind,55.93927817306564,59.82892502632404,36.715221898940094,42.68248564490039,39.93906231340613,50.57224330983292
420,Jayson Williams,136,4793.883333333333,1990,Hand-Check Grind,88.78859171037918,47.384822785404396,39.875395053421535,18.57071650707728,57.415494129361875,48.77104131536672
422,Avery Johnson,500,13099.348333333333,1990,Hand-Check Grind,73.27005929591914,39.88810590208211,58.60872266408678,95.5464041280828,30.170856372244522,18.485410599412248
423,Chris Gatling,365,7710.676666666666,1990,Hand-Check Grind,55.64199514568675,85.88974531299611,45.56555205460276,25.614520883301385,74.02407622709283,54.99532160078678
426,Terry Davis,130,2512.3766666666666,1990,Hand-Check Grind,51.830830097250264,7.8676995344219645,41.86992323408108,7.934728111359993,53.28358569244929,31.535675490574945
428,Sherman Douglas,268,6252.533333333334,1990,Hand-Check Grind,61.87044181308893,45.41473096495944,36.029129884559374,89.92124687877781,33.902790467398034,27.941981605613588
431,Shawn Kemp,507,13434.571666666667,1990,Hand-Check Grind,72.31858157224153,82.70167063379692,58.58444866001992,46.609322633446794,81.90634767109825,43.44587445244266
432,Pete Chilcutt,238,3385.9533333333334,1990,Hand-Check Grind,36.049283654618186,21.486904401366754,15.166381091937142,44.87461113674765,65.10039746081713,53.833505501594686
433,Buck Williams,115,2240.5116666666668,1990,Hand-Check Grind,49.8212165222572,32.80679870961603,74.97742404128732,20.33231883709791,54.84726562015699,22.52386166716137
435,Carlos Rogers,193,3596.3183333333336,1990,Hand-Check Grind,51.313523699986895,56.726331221328074,27.391204722994857,19.667580560385183,48.83927048952599,57.44641141509612
436,Juwan Howard,1062,31017.986666666668,2000,Isolation Half-Court,82.18570708049612,71.13864835040775,35.78518711217842,55.8016519742276,48.72374427274765,34.9197245518366
440,Zan Tabak,143,2087.6833333333334,1990,Hand-Check Grind,37.67058638482255,35.771799567058295,53.39459909767223,35.004947268633856,47.499397214395856,38.275378099521404
441,Lamond Murray,578,14106.136666666667,1990,Hand-Check Grind,68.4821507095974,80.40657973123378,32.68617666150906,45.532894051537845,64.41273396194865,46.04137745036797
445,Wesley Person,573,16326.795,1990,Hand-Check Grind,76.22319881312325,61.88311879691265,41.59052599490807,48.01587663071784,43.071400867102014,49.25986536349823
446,Lucious Harris,583,11818.47,2000,Isolation Half-Court,54.03846432618867,49.370653900899434,65.99435025755216,55.569526486559376,44.53641342245212,45.43160531047972
448,Bo Outlaw,716,17244.105,2000,Isolation Half-Court,67.61496068722765,15.30530219179101,72.09866431977026,53.291523481813705,67.54860344538447,34.76522180262355
452,Vin Baker,545,16505.698333333334,1990,Hand-Check Grind,82.05549954315136,78.28092537982391,35.07312044818432,39.99103406531858,45.488490827622336,27.595286780974572
456,Chuck Person,148,2782.858333333333,1990,Hand-Check Grind,52.47507019155995,30.839524503997147,68.13165963341622,47.14034498781206,38.4037547117113,28.799641822361025
457,Andrew Lang,149,2520.595,1990,Hand-Check Grind,46.20365648368614,12.809544331387569,37.190015951979674,11.363650544709218,53.10346899291204,18.41575551243685
458,Howard Eisley,672,14500.648333333333,2000,Isolation Half-Court,57.989156051139595,41.16628239139674,45.68888072493376,90.68789340905347,39.56494403122573,32.36026706475123
461,Popeye Jones,306,6104.735,1990,Hand-Check Grind,59.96200152582518,24.884063243269267,37.249017830915065,34.40950790111617,61.22393174958322,32.97901599821133
462,J.R. Reid,160,2780.4733333333334,1990,Hand-Check Grind,47.44684701684017,43.05889620963393,53.37279889899181,29.898921262864285,61.8883334747081,46.57247339920973
467,Jason Kidd,1231,44441.96833333333,2000,Isolation Half-Court,91.88332633943864,46.945156318917164,59.304029675794254,96.88326984648018,79.60881292004409,43.93137067433419
468,Jon Barry,582,10760.756666666666,2000,Isolation Half-Court,48.786251223796846,45.289967237488895,76.51066331778254,79.49369736214938,58.17919536851898,47.58894263371542
469,Jamal Mashburn,434,16214.018333333333,2000,Isolation Half-Court,93.63995190797172,82.64051251821377,67.04289504430686,77.54074335456637,50.74340668157692,21.075973578180367
672,Matt Bullard,327,4998.981666666667,1990,Hand-Check Grind,38.88089702312497,49.79602096494511,32.1460662471748,37.22278110730321,33.98758127013116,52.51348761019951
673,Alan Henderson,573,12363.214999999998,1990,Hand-Check Grind,61.26888350823221,55.826317518518,38.58127592274375,16.698307424044142,49.671123961255,44.57137833672048
674,Reggie Jordan,139,1151.5683333333334,1990,Hand-Check Grind,16.479827040368843,21.761860703700123,75.89893223692788,72.82580805037831,63.79979018882883,75.75078853725203
677,Eric Williams,594,14257.973333333333,2000,Isolation Half-Court,64.80324270120728,48.172840338587754,56.047445440063385,48.7355527481828,49.76575925756745,58.638422470297876
679,Jason Caffey,405,8503.538333333334,1990,Hand-Check Grind,56.25376312534098,58.21499395027689,44.27906514084291,33.16335397520333,46.640281105015156,46.791294281751085
680,John Amaechi,266,4457.246666666667,2000,Isolation Half-Court,45.350540502229336,61.853002079771336,59.099704237388906,37.7971170439239,35.112598546914455,67.87454222728486
682,Bob Sura,578,14453.185,2000,Isolation Half-Court,66.00526267872756,52.96965264502031,50.7007082479549,88.21667163072728,61.25025700075923,48.94659261918177
685,Cherokee Parks,408,6577.6466666666665,1990,Hand-Check Grind,45.11042160568754,26.010828172400068,28.766511748251453,22.06461888532453,57.85398771700974,44.08274169328263
686,Antonio McDyess,939,25778.713333333333,2000,Isolation Half-Court,72.94876735749556,67.41428725577126,44.26564643393232,37.633485049349005,66.12846319992674,28.992414517864358
688,Michael Curry,611,12377.036666666667,2000,Isolation Half-Court,52.58977894410915,15.832494199339658,65.7954170082977,49.43098906813404,25.50960093022333,33.14802801615852
689,Theo Ratliff,735,19195.026666666665,2000,Isolation Half-Court,71.12230257506837,30.958619162158126,62.94159759213888,11.352734216139467,46.39403532194995,19.47608149321735
690,Don Reid,334,4371.34,1990,Hand-Check Grind,32.46315147615276,24.999683356726948,70.1629015668443,16.70382136023136,58.187521075033025,48.414042757162626
692,Andrew DeClercq,565,9639.143333333333,1990,Hand-Check Grind,44.856095629707866,29.77460474631331,59.86919731681359,19.660721395852395,72.20847786184169,56.04770574886713
693,Joe Smith,948,24219.448333333334,2000,Isolation Half-Court,69.84578900526772,67.99713292823353,45.50144166151988,25.510868184827576,50.37458283863784,47.028941188995454
694,Sam Mack,188,3897.9100000000003,1990,Hand-Check Grind,55.26114586973804,62.82338824699741,37.50394946375688,49.53277468774629,40.571716366720295,49.11424585310233
695,Eldridge Recasner,230,3831.3100000000004,1990,Hand-Check Grind,46.97724812569225,45.92225669457764,42.846771954999234,69.66363394593648,30.96459684831149,23.660525634650547
696,Travis Best,649,14580.178333333333,2000,Isolation Half-Court,60.11210324294975,51.10272528267417,64.50588304145725,89.81398039557014,47.25727747642145,23.01867679237545
697,Fred Hoiberg,526,9883.213333333333,2000,Isolation Half-Court,52.140432033906485,32.30599164394187,56.09446066988996,61.652192161565466,71.67595756816347,28.138297609345123
698,Eddie Johnson,130,2420.2400000000002,1990,Hand-Check Grind,48.23456833442929,77.16584100389538,26.076257851471166,47.99576572140046,26.81938115313744,44.43061455413713
699,Brent Barry,833,21752.31,2000,Isolation Half-Court,70.81974466673414,51.07529302376902,44.25912695446817,76.08460474626108,57.25275315558271,38.18413450660852
702,Voshon Lenard,535,15032.663333333334,2000,Isolation Half-Court,72.83989061932711,75.59866289215792,47.9663846227567,61.952818931461124,35.16085632835124,37.86160968276738
703,Kurt Thomas,1036,25504.18,2000,Isolation Half-Court,67.31289953959609,42.57504122908697,60.57221657403693,32.845468088423644,66.66507141558698,32.97222693115465
704,Shawn Respert,110,1500.0233333333333,1990,Hand-Check Grind,34.44952185337303,55.44332755518642,21.798883317983332,55.93915282826256,43.850258697194946,70.16486578233544
707,Mark Davis,173,3114.6766666666667,1990,Hand-Check Grind,48.93785480137146,48.585550251137086,33.59545280204957,60.154213121058284,68.60670602673062,83.70433169911007
708,Kevin Garnett,1382,48120.026666666665,2000,Isolation Half-Court,90.73293119812095,87.13358198582237,62.40497372491988,76.2093105737288,81.76301413612697,28.0808777550341
711,Jerry Stackhouse,898,27527.573333333334,2000,Isolation Half-Court,82.61868404875311,89.17437086507687,46.36093015303852,76.34838057123152,32.41862428212237,53.52003909270501
713,Chris Carr,237,3905.19,1990,Hand-Check Grind,45.04941813665591,77.82792172265265,45.51578088538981,52.988695238142114,36.08918882801513,68.00287250973038
714,Michael Finley,1021,34807.418333333335,2000,Isolation Half-Court,88.22988237104742,78.68724736621698,42.82768846000402,62.32086516499192,39.99139253702292,40.3294623111277
717,Arvydas Sabonis,397,9622.528333333334,1990,Hand-Check Grind,64.44508186893923,83.50043465891036,75.78267255554826,65.14305785925106,74.33005971644707,27.850728343425477
718,Gary Trent,437,8642.616666666667,1990,Hand-Check Grind,53.71896437995732,76.62904156459422,33.8011427802127,42.53215114748987,50.36758873866935,36.33072413048263
721,Tyus Edney,146,2259.8366666666666,1990,Hand-Check Grind,40.54783179894531,60.24331499115189,50.30836817271064,90.94697050602404,48.37017523721873,71.58752271660055
722,Corliss Williamson,769,18147.15,2000,Isolation Half-Court,62.984189709824406,85.05372765206236,57.600092881820835,42.58207158133321,39.64831235491506,49.754498064777
724,Cory Alexander,247,4268.991666666667,1990,Hand-Check Grind,46.83148481398672,51.76266452385844,31.502570023350778,91.0784290668631,62.51832930212629,40.448571959567815
727,Eric Snow,803,22744.975,2000,Isolation Half-Court,78.34640796445751,21.81046426078979,73.23008313476235,91.69679641846162,48.04791701125988,29.764573240914796
731,Greg Ostertag,699,14092.481666666667,2000,Isolation Half-Court,54.343475411073996,15.861683660967051,74.6998610116236,19.596278521883164,48.405587931389384,11.698881498429557
734,Lawrence Moten,75,1242.7816666666668,1990,Hand-Check Grind,45.895760785135785,56.114312360614505,12.676862109952658,74.50060318796595,42.25002811402622,22.62226011602154
735,Bryant Reeves,318,9602.050000000001,1990,Hand-Check Grind,78.825688123322,66.76055960336681,19.606174996147264,43.35558922076801,47.22890456765438,33.61918662702627
739,Rasheed Wallace,1044,34480.53,2000,Isolation Half-Court,84.93123583374373,76.70080444872082,69.15255141810574,44.93936246475805,65.67196625380083,13.874533951842096
753,Randy Brown,328,6478.821666666666,1990,Hand-Check Grind,55.584079968567664,20.927952948753337,61.83430618386264,80.62931361971783,54.864547285881876,38.534916827205976
754,Jim Jackson,642,20270.113333333335,2000,Isolation Half-Court,83.77278147046201,59.24219705514157,51.57966697257879,70.07312357619945,43.46707114718645,37.75561555190126
757,Damon Stoudamire,808,26255.661666666667,2000,Isolation Half-Court,84.93050140530875,63.57670505812566,42.03538443851163,92.08973213657363,41.890203892012664,25.446241635868212
760,Jerome Kersey,246,4739.31,1990,Hand-Check Grind,51.52255742639978,22.965034681179034,77.36157372193017,38.6666051887199,78.67930838822032,38.63096777956692
761,Matt Geiger,281,6406.87,1990,Hand-Check Grind,60.70911445241431,77.45135867742063,55.66277655750054,25.523893875922678,58.67399162905981,32.1193700562289
762,Shawn Bradley,622,13443.509999999998,1990,Hand-Check Grind,59.976399915306054,45.01357334162827,68.67558052689658,13.928324798444274,64.89627125729366,41.02906769624443
763,Tony Massenburg,496,8431.333333333332,2000,Isolation Half-Court,45.570437602069916,44.954757405501965,26.43418711768979,10.147483633141245,52.48036863653268,43.178845804331004
764,David Robinson,430,13063.416666666666,1990,Hand-Check Grind,77.45608205349951,82.14114765522572,90.40782526680188,44.97134911551991,77.55179558776408,17.237130592136946
765,Hersey Hawkins,334,9298.911666666667,1990,Hand-Check Grind,75.80519532751201,46.72671736410033,50.649101904888354,63.25522412114644,63.96039597816353,30.939019353861937
766,David Wingate,151,1603.8316666666665,1990,Hand-Check Grind,26.99932685176585,20.9596249016715,54.987258500304534,59.045008109423826,49.663898543547894,56.16586161823978
769,B.J. Armstrong,174,2791.7283333333335,1990,Hand-Check Grind,43.129806414027364,47.49845321143106,35.63546599135088,86.05361048861499,31.196674714031747,45.61241105697816
770,Mark West,156,1683.8433333333335,1990,Hand-Check Grind,26.717495652398757,10.657380499899476,85.78145989569079,10.950621350033412,37.42665972492045,13.676313876218414
777,Rex Walters,163,2173.62,1990,Hand-Check Grind,36.332356783047395,39.7665624579557,43.707653403389976,78.55081714171789,28.466102316341725,57.62481162980005
779,Glen Rice,443,14779.861666666668,1990,Hand-Check Grind,86.10430903637952,81.62060735105146,48.65791805305169,42.86692866044738,28.118357163667064,22.117733772754946
781,Will Perdue,261,4928.4783333333335,1990,Hand-Check Grind,54.394259451186755,21.02358373396703,45.59852616277816,23.367199256157644,54.69217587609655,21.388647642695947
782,Mitch Richmond,376,11930.811666666666,1990,Hand-Check Grind,86.83807695453463,92.32742838079116,33.7968654794125,70.13597590542547,45.215889163881585,45.93277778289494
785,Eric Murdock,149,2605.77,1990,Hand-Check Grind,46.23534437007988,48.05257098172788,69.2046169337373,89.8057873677169,64.69654133667032,41.32269988413761
786,Gerald Wilkins,155,3483.8066666666664,1990,Hand-Check Grind,60.390530354681225,51.67584722737269,26.115139345008817,60.3628328499699,23.010959715586637,12.235329125651347
787,Charles Barkley,183,6396.451666666667,1990,Hand-Check Grind,88.58853824547407,83.61741393565816,30.203378512357297,76.25181307199037,73.69814254143616,30.2006254373945
788,Kevin Willis,560,11680.933333333332,1990,Hand-Check Grind,59.25908637025643,68.19190959373289,40.03019868282534,22.3261266506378,62.367872966062876,36.38128768449298
891,Charles Oakley,473,14353.345,1990,Hand-Check Grind,81.04060869926748,19.27688262095145,61.94254782971511,64.11060466680208,76.62936993971115,25.3781047202507
893,Michael Jordan,306,11409.223333333333,1990,Hand-Check Grind,93.56520005686613,97.48855304725765,54.395095171868874,80.38775208147992,69.72330881978124,13.031746236487535
894,Ricky Pierce,99,1693.5216666666665,1990,Hand-Check Grind,46.03849671102286,80.45627405949045,16.21383468524143,56.65985356573745,21.725322216832517,34.909385458687446
895,Tyrone Corbin,265,7129.483333333334,1990,Hand-Check Grind,74.20456902625524,30.35392786338848,72.83369632119233,43.03096037610079,55.27132789271644,16.53838186464043
896,Tim Hardaway,417,13947.703333333333,1990,Hand-Check Grind,86.80699919132529,82.29830123163133,68.34921592750015,97.12200560303754,45.80045939492259,19.06330836500879
898,Blue Edwards,166,3689.811666666666,1990,Hand-Check Grind,59.089353864625906,60.33870181195973,14.159675501914913,69.12179790613672,49.53811210995658,27.35046735265846
899,Mark Price,133,3300.02,1990,Hand-Check Grind,63.949497520401955,72.10467429110177,19.560742347250372,93.54277855273322,43.556661378133704,53.20289831034118
901,Otis Thorpe,302,7822.0,1990,Hand-Check Grind,72.00566997339662,51.474935291041376,34.732610119160476,50.28694489001751,55.301004903546946,26.754087047159743
902,Bimbo Coles,383,8205.801666666666,1990,Hand-Check Grind,57.815259799577966,31.819320439168852,35.092166706721265,86.07945712474682,32.73133498750082,37.92895431996923
904,Chris Mullin,278,7040.061666666666,1990,Hand-Check Grind,69.5962678756468,70.6967588484067,40.233725952325415,64.80189591813217,60.58280089244348,40.03635987667119
905,Dale Davis,730,18786.45,2000,Isolation Half-Court,69.5219846189417,27.535829798102284,55.563967096571034,20.22351148401534,56.71452611317592,17.28855382866791
906,Haywoode Workman,69,1242.3116666666667,1990,Hand-Check Grind,55.6361508301597,18.340827417598874,43.5322536511176,92.24615465498871,58.18292866631834,36.59404495079839
907,Malik Sealy,270,7220.748333333333,1990,Hand-Check Grind,69.74406614082051,64.22563372442518,51.25155017789182,52.77628090337269,54.30157739787586,42.70533924166482
911,Ervin Johnson,655,14290.381666666666,1990,Hand-Check Grind,60.43539046303672,10.375208729978624,42.498479456497584,8.865411124171825,67.42529802918945,29.593200140449362
913,Larry Johnson,330,11056.263333333332,1990,Hand-Check Grind,84.39571332368712,54.28509198677635,71.50435701610772,56.238126812822905,36.547560367607396,9.45820772237115
914,Stanley Roberts,103,1794.0216666666665,1990,Hand-Check Grind,46.087054667158974,53.414051238579106,67.50531154109227,11.701898682912477,53.507369540700864,44.25094960141044
915,Rodney Rogers,640,16375.273333333333,1990,Hand-Check Grind,66.955285193763,73.12088051412763,53.47737853516168,63.3334258935265,65.09037819756753,54.33585624222327
916,Corie Blount,452,7620.866666666667,2000,Isolation Half-Court,42.50987791852647,12.626531402038427,69.77888740942106,25.42260780081521,69.47239380437507,54.78191615547454
919,Loy Vaught,223,4418.32,1990,Hand-Check Grind,66.43464548485242,57.682692864820645,26.245709468220547,26.161127663216796,72.19084754745641,40.59725998203448
920,A.C. Green,379,9405.163333333334,1990,Hand-Check Grind,66.74381260404581,15.559830667747109,46.35023289279811,21.022693116197797,60.973159856957814,20.667311793604167
922,Elden Campbell,601,14948.023333333333,1990,Hand-Check Grind,68.83408859738624,74.53601900947322,61.66004932806026,39.21910780317279,58.66739786851477,31.23691402450596
923,Donyell Marshall,823,22018.505,2000,Isolation Half-Court,72.89276698890741,73.6651728372339,42.83991225213731,42.056174136096544,72.78807004171996,50.06950803911312
924,Anthony Goldwire,224,4325.3,1990,Hand-Check Grind,55.12818680437744,43.77352808696974,15.882925920237948,85.6158373119327,35.94778673720395,33.034582380747004
931,Don MacLean,87,1357.34,1990,Hand-Check Grind,44.940811838525825,82.19672500583353,19.28961898035832,38.78600020834075,39.202313273615914,74.19599351795887
932,Oliver Miller,228,4410.515,1990,Hand-Check Grind,52.94499546256602,21.839529689101322,45.29956150871049,59.77420813338489,71.99135951075519,59.3799123379505
934,Derrick Coleman,422,13162.515,1990,Hand-Check Grind,81.33651386098478,74.73413415103018,54.457444545285675,54.301175869684606,58.51344191453745,37.514920797760794
935,Bryon Russell,652,17245.29,1990,Hand-Check Grind,72.61934127239901,46.84213346075533,62.34164960289383,41.798558298150645,64.27856633860335,26.637692770867066
937,Scottie Pippen,471,15964.288333333334,1990,Hand-Check Grind,86.78596239591691,63.13573339574063,61.406090057334715,84.927519016861,71.9656952288959,25.829034752663752
938,Rony Seikaly,139,4343.879999999999,1990,Hand-Check Grind,81.95387001064795,82.90553918807964,25.964808187862793,30.854687094715903,49.8184061447689,10.552997134612868
947,Allen Iverson,914,37592.808333333334,2000,Isolation Half-Court,98.63346037156178,96.91257815758009,48.71943915246628,89.88126562738313,53.24152265929795,56.89329000208205
948,Marcus Camby,973,28689.728333333333,2000,Isolation Half-Court,77.0046966003678,41.39080341779202,47.28326980567397,46.28688733809988,77.36025607701828,49.31143696293535
949,Shareef Abdur-Rahim,830,28883.976666666666,2000,Isolation Half-Court,89.17880284833728,89.09755172712607,27.647687552388632,62.78686693971013,59.567221804466016,38.67831996865143
950,Stephon Marbury,846,31913.126666666667,2000,Isolation Half-Court,94.80599339952525,87.25556025713612,29.837957072027486,96.04965854493132,33.093107644283954,46.31156972477444
951,Ray Allen,1300,46365.04833333333,2000,Isolation Half-Court,91.43624603788678,86.61966763192882,42.10951384167078,69.30569129932158,43.317119046763246,27.416621152388068
952,Antoine Walker,893,31544.801666666666,2000,Isolation Half-Court,90.31961579511062,85.3457127904312,36.2947127132778,73.46214565135176,70.2393018848724,52.62590829899012
953,Lorenzen Wright,778,18536.215,2000,Isolation Half-Court,64.227265179975,45.5447071697483,42.5634944991732,22.198787105999784,61.09929403067907,35.69824139044345
954,Kerry Kittles,507,16942.43,1990,Hand-Check Grind,85.04129679610647,72.09884774423837,53.39215271515254,60.350032638145095,58.982645607714986,54.47959061414475
955,Samaki Walker,445,7616.461666666666,2000,Isolation Half-Court,45.858202057877804,37.79012080882616,50.45423675790301,20.631000912282396,53.535559029110935,34.71033051619534
956,Erick Dampier,987,24002.331666666665,2000,Isolation Half-Court,64.74448896538239,35.94916579365274,47.7682966880431,19.60916319144647,46.825097604919236,35.15914003757657
957,Todd Fuller,225,2498.7933333333335,1990,Hand-Check Grind,24.96409503363905,44.077355021513796,55.36141560748744,8.517961481835428,46.60824126013607,70.28040239557279
958,Vitaly Potapenko,610,11607.635,1990,Hand-Check Grind,50.90165398162766,48.043120713946536,58.74955910152131,25.470143980002494,50.76058635143538,36.38031905980215
959,Steve Nash,1217,38074.041666666664,2000,Isolation Half-Court,82.73148197269894,76.13509768211875,34.51167970730374,97.0072493847056,26.005978051769016,69.31639857304029
960,Tony Delk,545,11710.008333333331,2000,Isolation Half-Court,57.68170101073715,71.57033947733875,56.80234980711258,66.84025094805281,49.99379730739824,66.50277734859081
961,John Wallace,381,6131.085,1990,Hand-Check Grind,46.59847056685465,83.5529745273536,39.321171233406396,37.7458852110387,41.31504896090218,60.207700513176654
962,Walter McCarty,593,10364.908333333333,2000,Isolation Half-Court,51.52914580789609,31.48437361638579,61.30086899894033,50.494459481439904,57.824412283953436,72.62107387769883
964,Roy Rogers,137,2311.9016666666666,1990,Hand-Check Grind,49.60940452299477,28.084278060525353,12.952993959335386,12.495995014951383,36.358183131013945,29.154166957066806
965,Derek Fisher,1287,32711.893333333333,2000,Isolation Half-Court,68.22167438438903,41.77256204625525,61.08549513700723,72.84635613950934,44.980366094012574,56.5762370241392
966,Jerome Williams,587,12733.148333333334,2000,Isolation Half-Court,59.884743690881855,34.091464580365795,65.27036891356435,24.861439325620545,85.91890543524605,35.03826607770023
967,Brian Evans,102,1092.8066666666666,1990,Hand-Check Grind,26.195834139782512,48.28858598357182,47.789004138313295,54.34333052334634,50.33406586553731,64.48462141556499
969,Travis Knight,371,4568.5616666666665,1990,Hand-Check Grind,35.13917657140925,28.83656218972902,62.21856263094173,33.54345941198014,61.915181022956716,65.5175732173925
970,Othella Harrington,709,13925.023333333333,2000,Isolation Half-Court,55.10703459907691,57.45280175582437,57.99588655612742,20.3276786299324,41.39715983589069,36.2274779383358
971,Mark Hendrickson,114,1500.31,1990,Hand-Check Grind,35.445173811321744,19.909330796921136,35.489548444493224,28.146089148776984,62.21163346979418,71.15843690200558
976,Jeff McInnis,576,15940.073333333334,2000,Isolation Half-Court,76.64930395907811,47.45838649840921,30.405191848109038,88.48903555184499,20.97792205202084,25.89551824796755
977,Kobe Bryant,1346,48649.28666666667,2000,Isolation Half-Court,93.56568886841424,97.94035667642817,44.30178164886058,84.5062140635742,61.11289570274378,51.92726267243694
978,Peja Stojakovic,804,26977.901666666665,2000,Isolation Half-Court,87.02272499625697,85.77445210106922,46.74267198300248,38.47947833465228,46.13081490969227,59.95991493966652
979,Jermaine O'Neal,1011,27368.906666666666,2000,Isolation Half-Court,76.82446585268849,79.41507988302172,64.64181406919457,43.15355957024435,52.84935327122435,25.960848477096366
980,Zydrunas Ilgauskas,843,22967.268333333333,2000,Isolation Half-Court,71.17951249154426,81.61093445847162,57.33938681184098,32.19300034904157,49.47721357345764,23.094218569449307
983,Moochie Norris,445,7625.418333333333,2000,Isolation Half-Court,47.251981190120794,32.50774161446604,53.3052781804608,89.8723205919368,54.57828801364269,16.608928567627252
988,Randy Livingston,203,2684.121666666667,1990,Hand-Check Grind,33.3742412846137,32.32740974248521,64.15921957869361,84.58078769399657,51.723956357033295,52.485731194809816
990,Malik Rose,813,13398.053333333333,2000,Isolation Half-Court,44.167012473705896,56.883634686685426,70.05650004175537,40.44243200890901,71.13087021747342,44.7712901156982
994,Jamie Feick,201,4313.805,1990,Hand-Check Grind,61.7155373563417,10.805420989335266,29.137005430713774,16.86331682188862,66.64118053905943,59.04114858619623
997,Chris Robinson,76,1096.8266666666668,1990,Hand-Check Grind,36.24800273130006,40.15531674064767,16.71247666308465,69.82843681115989,52.633857258914915,43.39442212460308
998,Mark Pope,153,1626.8383333333334,2000,Isolation Half-Court,26.346493716605114,6.198260727325464,71.1454410802076,19.76170742135707,30.895651606261623,77.92177436824564
1000,Shandon Anderson,719,15942.968333333334,2000,Isolation Half-Court,59.703244241547026,45.33751240164361,49.574450594030914,48.76609481627277,53.75083771674288,33.24651558680912
1005,Walt Williams,442,10892.693333333333,1990,Hand-Check Grind,65.92773302692846,68.93219184323671,42.69259272745787,56.712857849173645,51.128395040684026,41.9587037123373
1023,Emanual Davis,226,3935.981666666667,2000,Isolation Half-Court,47.0002237478179,26.763033971135528,50.31582004537793,71.17452288841324,54.375956166079995,54.80255991958649
1032,Darvin Ham,417,5142.808333333333,2000,Isolation Half-Court,33.39380868513277,12.634809369885962,73.82287036420259,29.806271825695426,37.23372265420237,63.73118766986966
1037,Stojko Vrankovic,120,1774.695,1990,Hand-Check Grind,36.8233624684899,10.970812840063724,9.473454521796796,14.187965934373926,44.407557756417894,45.12446712979562
1051,Dean Garrett,359,6973.091666666666,1990,Hand-Check Grind,59.37523966460155,19.968103882700238,34.952966861115,15.453121045828517,58.78369505968846,31.271070714455977
1065,Erick Strickland,501,10187.711666666666,2000,Isolation Half-Court,54.02150951767596,56.38201306139682,54.46573828137953,77.57725893707361,58.99983649061444,56.053373500811574
1073,Reggie Slater,223,3205.028333333333,1990,Hand-Check Grind,40.95803196273972,65.95552913847432,28.798036891646593,27.166788952352075,46.220672885821344,65.29371060479887
1074,Matt Maloney,295,7472.018333333333,1990,Hand-Check Grind,67.68002045137064,31.24553548947788,46.84079733859373,74.51493291466636,31.932910336088433,36.02282915671825
1080,Henry James,81,1115.5183333333332,1990,Hand-Check Grind,39.95241255321993,62.96736838695998,23.35116532304178,11.413505943796162,11.146741686451458,27.143845010397868
1088,Chucky Atkins,696,17305.7,2000,Isolation Half-Court,66.71933446844301,63.77141929240872,44.922806795316575,83.78858447547928,25.36643828913163,50.311960185655295
1096,Ivano Newbill,100,1096.4716666666666,1990,Hand-Check Grind,24.47645632115189,5.5873855004468105,54.79493413969214,15.250568904714353,69.09669198572408,53.30937154174658
1108,Tony Farmer,101,1367.5983333333334,1990,Hand-Check Grind,37.03389465676729,63.368887517099026,29.421800463552177,40.013932881807875,81.40193721264549,89.95618906838465
1110,Mark Strickland,277,3410.4983333333334,1990,Hand-Check Grind,30.927787967637563,57.27102358549477,49.25421915211756,19.24532329924264,50.7638699160073,57.36998534769971
1112,Ben Wallace,1088,32092.06333333333,2000,Isolation Half-Court,80.1183088012263,9.397698826865737,72.98668437603048,29.60527432418984,87.57650286327986,25.16714267949044
1114,Jaren Jackson,310,6165.355,1990,Hand-Check Grind,54.21540368239672,40.362334496836475,79.75585315690554,50.322884466476125,41.860231508069575,38.02915348578473
1122,Dominique Wilkins,90,2196.8416666666667,1990,Hand-Check Grind,71.47566462964852,96.55295749823145,12.067069992739567,56.56950732665748,42.48532721485688,12.50173052908904
1134,Ike Austin,341,7733.88,1990,Hand-Check Grind,60.176518673958704,61.77955874016256,49.668765220879855,54.625672117050385,59.548200804572325,32.134165184686346
1365,Xavier McDaniel,82,1351.3083333333334,1990,Hand-Check Grind,44.647423948301736,27.924872028740822,46.132985129134056,37.25903881296295,59.78443577952477,74.7883674789685
1425,Aaron Williams,694,11920.988333333333,2000,Isolation Half-Court,47.15119731409112,48.22035182630796,60.964842335404654,30.56459533006854,51.85204656051441,43.58172100975512
1442,Zeljko Rebraca,215,3279.465,2000,Isolation Half-Court,36.370528035116145,62.16620667416391,64.78337456420627,15.648878319928542,45.25324147734393,23.336121716776162
1444,Lawrence Funderburke,318,4726.765,1990,Hand-Check Grind,38.67669981904276,73.60253812505503,53.07707525626705,26.96018388860135,46.20721167475964,71.48671521376127
1477,Bruce Bowen,873,24048.401666666665,2000,Isolation Half-Court,73.70252421794629,12.567059135850569,84.2636914584023,29.809470586485013,36.36016273074387,15.160470585735826
1495,Tim Duncan,1392,47377.918333333335,2000,Isolation Half-Court,87.99133419591223,91.38692641364106,83.13322200741698,70.49563258988113,62.261365207485206,16.496941557369006
1496,Keith Van Horn,575,18159.953333333335,2000,Isolation Half-Court,81.73742488973022,88.39751262984838,46.231838043325766,39.545730188728484,57.09470691985138,50.503858541908386
1497,Chauncey Billups,1043,33039.138333333336,2000,Isolation Half-Court,82.16670004263759,82.20133306295992,49.08433483515624,90.23460771462469,38.70032998135522,25.783169641053217
1498,Antonio Daniels,872,19662.256666666664,2000,Isolation Half-Court,60.97715599338157,45.33961772066344,37.66931919894983,85.13712054957384,31.95949177543662,34.499378492957334
1499,Tony Battie,837,17659.29,2000,Isolation Half-Court,56.15995795201678,30.01374973433729,59.9425584915561,17.158306619453988,56.05388612166051,38.97830077553316
1500,Ron Mercer,432,13418.013333333332,2000,Isolation Half-Court,82.57456751307059,75.21483827282495,44.67708205083735,59.50029841566603,38.70645672401209,42.81214790385759
1501,Tim Thomas,824,21338.233333333334,2000,Isolation Half-Court,67.69845202295335,77.63093107731984,38.15548582213541,47.093644019510776,51.33747574933336,48.337054066211095
1502,Adonal Foyle,733,13063.475,2000,Isolation Half-Court,48.894545762508535,14.048336499358614,51.36318223330478,12.278286800112543,49.85563532210179,64.2576999014419
1503,Tracy McGrady,938,30671.62,2000,Isolation Half-Court,86.68820630239746,88.59287499415038,50.00987989987987,86.78819733447716,64.8918633981921,39.604101581381165
1504,Danny Fortson,440,8836.718333333334,2000,Isolation Half-Court,56.16807891199928,67.61214703690416,21.243745795743656,23.92511696319949,58.708407105201566,49.48704859005923
1505,Tariq Abdul-Wahad,236,4802.671666666667,1990,Hand-Check Grind,54.41053094540014,59.527526814891544,48.44981046729647,38.920934018117016,53.65041101648657,79.88618934881352
1506,Austin Croshere,659,11469.313333333334,2000,Isolation Half-Court,47.956832181114834,62.46179372731878,65.8865928669758,44.926006965938086,53.93136532450141,41.00267104536723
1507,Derek Anderson,615,17969.92,2000,Isolation Half-Court,76.31199290207996,67.87599385209819,62.73225048869249,78.01384406710639,51.1853350577544,28.25741303103952
1508,Maurice Taylor,534,13329.643333333333,2000,Isolation Half-Court,67.21562087550377,74.82938872990887,37.67782371165172,41.220088646402225,39.93472264953716,30.211315119372877
1509,Kelvin Cato,541,10628.988333333333,2000,Isolation Half-Court,53.95683307830263,26.637042464649504,63.994996125359926,11.951266398939511,64.51402862003272,35.65471124736893
1510,Brevin Knight,729,18189.63333333333,2000,Isolation Half-Court,67.16953021637305,32.896283550336086,53.50041286607498,98.01112279210616,62.63718909610306,58.60978099238397
1512,Chris Anstey,155,2155.0066666666667,1990,Hand-Check Grind,34.41711403608341,57.86121596214034,61.50006385700882,50.63575698718549,70.65226087982936,49.68419146435011
1513,Scot Pollard,506,8373.295,2000,Isolation Half-Court,45.17078507975428,24.136268770413864,81.13605250434952,12.071499042974699,73.34333670436719,51.03892429481727
1515,Anthony Parker,494,13750.738333333333,2000,Isolation Half-Court,77.04226007406143,40.50962146756614,33.81426309782282,58.370731406369224,47.98858768841777,38.92928289579367
1517,Bobby Jackson,755,16797.326666666668,2000,Isolation Half-Court,58.5250703287311,71.98964878951084,61.93102945690341,78.22079896070393,60.00462429052417,47.59781240190662
1518,Rodrick Rhodes,72,1236.5116666666665,1990,Hand-Check Grind,44.91520332350537,36.40337978397485,36.73237442627387,72.33548634378185,47.05488902136746,48.62584490858034
1519,John Thomas,208,2249.955,1990,Hand-Check Grind,24.91340429789755,20.051827712828068,74.45680239634034,13.03203883413784,48.08306003900602,51.79745485350562
1520,Charles Smith,142,1974.4966666666667,2000,Isolation Half-Court,37.12868548536916,56.684348051960875,62.14320287681985,51.70267445931832,49.96212384993903,52.028597816807945
1521,Jacque Vaughn,776,12647.029999999999,2000,Isolation Half-Court,42.92636099030407,25.270150339904983,61.50847638896981,86.33743562133084,37.124680773036715,36.54858763811283
1531,Marc Jackson,387,7565.0199999999995,2000,Isolation Half-Court,53.07755264311113,72.62423927894037,45.69838278526645,31.42854998110267,43.96772158012509,53.78008228833845
1533,Anthony Johnson,793,15564.245,2000,Isolation Half-Court,54.208516845104384,28.380037452295685,55.39660076664461,85.85265724366165,39.05127307093075,34.118307605899616
1536,Stephen Jackson,858,27387.401666666665,2000,Isolation Half-Court,85.38386618686786,80.3450780878168,46.32703252837426,70.71135025867666,56.091933307843476,48.847758379651154
1538,Cedric Henderson,260,6182.268333333333,1990,Hand-Check Grind,65.97853202657767,34.659526133811035,62.974324983968295,54.60790174876788,52.41036828818597,39.44191573746364
1540,Eric Washington,104,2297.17,1990,Hand-Check Grind,57.204860488757745,37.07751730697496,11.545319970945886,38.0069985289238,34.801730471917665,37.341628273301446
1541,Alvin Williams,460,12616.406666666668,2000,Isolation Half-Court,74.3618571994543,43.34188964940382,52.53198982675049,86.09526573530964,48.12103967827622,30.078472961003943
1542,Predrag Drobnjak,278,5545.945,2000,Isolation Half-Court,51.23123035851871,64.79300063668391,39.2606891112939,30.15110701268628,46.252456680080506,33.26443643321325
1544,Chris Crawford,252,3985.9533333333334,2000,Isolation Half-Court,43.96229931165258,67.27814180268051,46.00807977528848,29.035201931563797,34.448473625190005,51.99260254958969
1548,Mark Blount,605,14003.701666666666,2000,Isolation Half-Court,63.20969348818417,51.31757172414021,41.79654621394123,25.23458891484651,48.919209384178174,47.01869077664417
1559,Adrian Griffin,477,7978.123333333333,2000,Isolation Half-Court,49.02433339346041,17.276565760942265,62.00666181018605,58.724401522823705,76.42969352470492,62.91552001136589
1562,Gerard King,126,1824.1166666666668,1990,Hand-Check Grind,39.69780252253307,36.46581638479984,52.98868361683515,34.30431138313535,57.2140274130271,64.97308460056601
1563,Kevin Ollie,662,10289.251666666667,2000,Isolation Half-Court,41.74235521696096,17.402628837537872,63.15135120373659,84.74151033635059,44.19971313009172,30.27398982779341
1565,Michael Stewart,286,3296.205,1990,Hand-Check Grind,36.83280541652764,8.622549232473775,53.20870565039217,14.948275122001693,49.898092555002236,60.466809938426
1569,Keith Closs,130,1648.85,1990,Hand-Check Grind,31.73336417123381,34.70860646415929,14.837506290741487,13.742990568035289,41.405951738927115,82.05706794145617
1594,Rick Brunson,337,4509.108333333334,2000,Isolation Half-Court,39.521632609606485,16.870349930914788,50.68632560017218,93.4805892423094,52.44021807709963,39.587754769350894
1600,Kornel David,109,1583.81,1990,Hand-Check Grind,38.732358338849686,48.87915925550676,52.04096236957364,32.7618318442541,53.622442189622156,52.123790724261475
1601,Rusty LaRue,98,1557.0849999999998,1990,Hand-Check Grind,42.51934971167609,37.68646494298271,39.82786209355382,70.36965581090442,42.692557241387696,33.21875743577589
1607,Troy Hudson,517,11303.366666666667,2000,Isolation Half-Court,59.92700081983959,67.01111760570832,37.396868356252284,87.15966482594919,22.989953210095816,55.14018898464699
1609,Art Long,98,1216.9266666666667,2000,Isolation Half-Court,32.641022187675695,27.93924624225111,55.77241072687892,24.627418701823565,52.702188081593526,29.01530984239342
1630,Mikki Moore,564,10244.591666666667,2000,Isolation Half-Court,50.812637970239145,39.170140988413166,39.28292739308626,25.946214740323686,42.12216337978461,54.99324218043564
1709,Michael Olowokandi,500,13135.236666666668,2000,Isolation Half-Court,70.71915349653074,38.231260389190204,42.85686296000669,13.997401037837557,53.40903304828705,22.339528240067047
1710,Mike Bibby,1001,33965.055,2000,Isolation Half-Court,87.53333511433196,71.26118136112352,34.919161516123175,87.49092823158898,41.80283508438526,54.77601812266746
1711,Raef LaFrentz,563,14549.543333333333,2000,Isolation Half-Court,70.03690695170687,63.1047894560091,35.46823528525459,27.679593532491392,49.981818894052275,58.77927296729095
1712,Antawn Jamison,1083,37649.901666666665,2000,Isolation Half-Court,90.66547879138191,90.03825303709796,21.77677350023363,37.53446352307366,58.068956769475754,57.59535254265785
1713,Vince Carter,1541,46384.558333333334,2000,Isolation Half-Court,82.10073368763392,85.45291659902793,54.272897958298906,73.73547256872286,52.02976612844511,36.26194933074079
1714,Robert Traylor,438,6230.941666666667,2000,Isolation Half-Court,34.87952325726911,44.419650518879756,63.40081758167507,37.73402292432667,79.92051146433563,41.81614010124624
1715,Jason Williams,788,23178.803333333333,2000,Isolation Half-Court,76.71210867719275,52.14793459673013,39.85028497005133,91.98042756115868,44.281065143220495,62.37515678926033
1716,Larry Hughes,727,22368.668333333335,2000,Isolation Half-Court,80.22005359912343,78.0784913741825,39.099802365593845,73.720592563133,64.50446974181084,60.331283444505154
1717,Dirk Nowitzki,1522,51387.534999999996,2000,Isolation Half-Court,89.16874681958973,94.47408575339382,51.81713408085463,57.745049176696746,60.918869996076424,44.78066249268956
1718,Paul Pierce,1343,45885.29666666667,2000,Isolation Half-Court,89.81331858633729,91.29364957907072,60.72156801138917,73.78044230811966,67.79925406029425,41.35938297281196
1719,Bonzi Wells,591,15138.763333333332,2000,Isolation Half-Court,68.09056579509425,82.2415039025742,62.41573055538576,66.09491522911337,75.59750878293451,25.61090475003531
1720,Michael Doleac,587,8783.958333333334,2000,Isolation Half-Court,36.462872875464456,42.28738957538994,64.54167286460068,26.752344414085357,53.324208183751324,49.89300326413073
1721,Keon Clark,353,7976.13,2000,Isolation Half-Court,58.74682503219047,53.9087361068998,64.50792473270417,27.95451445113437,56.772799525420986,54.87505084336828
1722,Michael Dickerson,212,7495.214999999999,1990,Hand-Check Grind,90.35425942027906,73.9613607501241,33.552088883850274,59.91019017910939,27.490140471305807,42.40348076630463
1723,Matt Harpring,665,17586.556666666667,2000,Isolation Half-Court,71.60198222848132,73.79459485931008,49.6077444053644,43.14143672058681,51.32956249174198,25.728125762821545
1724,Bryce Drew,243,3963.748333333333,2000,Isolation Half-Court,46.7450207972306,25.484825914134206,57.58658351912083,80.56720887036153,31.824001645794755,44.42090328493988
1725,Rasho Nesterovic,811,18002.681666666667,2000,Isolation Half-Court,59.20340833525876,35.904544475828345,70.14663984865192,30.218583832748326,44.78786146144943,34.21192208030356
1727,Pat Garrity,552,11058.015,2000,Isolation Half-Court,57.537766245354725,53.932416444893214,46.90111624486059,26.34994113419298,35.94646456300703,64.8144292371455
1728,Roshown McLeod,113,2125.805,1990,Hand-Check Grind,52.55630860096363,60.82448592569726,59.7908828647404,50.02246769231156,33.645254891698634,40.706077918189166
1729,Ricky Davis,736,21936.123333333333,2000,Isolation Half-Court,82.43450417260922,77.391391859837,28.376783257101266,77.55565331415121,46.44041246296372,54.75964123286558
1730,Brian Skinner,608,10915.256666666666,2000,Isolation Half-Court,47.66111817836734,24.680687148275723,37.26434503555579,14.282709720501092,59.41418498282536,49.275682929187035
1731,Tyronn Lue,554,12577.845,2000,Isolation Half-Court,61.98146100084076,57.469834771817524,26.40862408549509,84.40019930794597,21.91757304315837,28.366121020066274
1732,Felipe Lopez,249,4140.86,2000,Isolation Half-Court,48.458961697634784,49.9002474615589,38.717102932825476,50.092542460697004,55.56763054800972,54.00604957361734
1733,Al Harrington,981,28001.934999999998,2000,Isolation Half-Court,76.56428879873769,79.38762634607579,40.00852984300692,47.6034412513294,62.02947247994307,49.068628716312865
1735,Vladimir Stepania,270,3724.53,2000,Isolation Half-Court,36.0451517348032,33.12018216598501,81.72499016427409,16.23184416248187,69.9523711224456,20.69445452944126
1736,Corey Benjamin,153,2187.8733333333334,1990,Hand-Check Grind,35.701989442192,59.868892337205274,52.99038783225521,58.33821688173577,42.24560397909621,42.642668443927285
1737,Nazr Mohammed,1005,15908.993333333332,2000,Isolation Half-Court,44.373033355319166,54.004812061615496,50.05100186769082,12.187977265633343,65.99744859295463,36.23764335843843
1738,Ansu Sesay,127,1289.5316666666668,2000,Isolation Half-Court,20.402543039567178,39.19541859005615,74.46416215401975,37.90424300548181,42.02695187833508,54.26132793026096
1739,Ruben Patterson,649,15968.813333333334,2000,Isolation Half-Court,65.15246811600345,73.7638176637626,40.729688951947736,58.16400470538452,58.67234679375448,35.636158224298484
1740,Rashard Lewis,1049,33551.14166666666,2000,Isolation Half-Court,86.29699753908935,78.02394841923532,38.4310009025097,41.12201618950832,57.2242904506172,34.75421348133832
1741,Jelani McCoy,260,3820.3433333333332,2000,Isolation Half-Court,39.01938385885531,38.450467430468436,46.53340987182939,24.928045690841884,50.18591325558925,45.27861077075808
1742,Shammond Williams,325,5339.8983333333335,2000,Isolation Half-Court,43.71565755400085,51.06871216108596,55.394920852756904,85.72795265574611,43.83193089642621,58.05332111210334
1744,Jerome James,358,4769.115,2000,Isolation Half-Court,34.31902363904107,39.97163161746184,58.623085711316556,13.711460988965836,46.37445147726892,15.980616482181345
1747,Rafer Alston,671,19397.658333333333,2000,Isolation Half-Court,79.95987494516983,50.233510643247484,57.94761757377232,89.4536433619171,54.0837642588288,36.82383325011969
1749,Cuttino Mobley,747,27633.41,2000,Isolation Half-Court,92.38607565785642,72.50272163800709,43.70973283579485,60.4287283155355,42.338781687217626,33.48055612974989
1751,Jahidi White,334,5910.596666666666,2000,Isolation Half-Court,46.88852389491017,43.311519850291944,32.127060035786194,4.319265686101221,59.28202775026563,40.277984077865945
1752,Sean Marks,230,2272.056666666667,2000,Isolation Half-Court,23.416883613021707,28.584637891714475,58.335375642686884,12.705308725275962,43.4333556280497,34.78751050085051
1761,Greg Buckner,570,10887.71,2000,Isolation Half-Court,49.313943457930314,22.892649568000916,54.56005979518716,48.84121945136865,61.53398143624322,60.18737747931082
1762,Tremaine Fowlkes,103,1216.0249999999999,2000,Isolation Half-Court,29.83336934533105,19.774658817316254,70.70300507481572,31.793222199000372,61.93865425462397,38.1316903207658
1763,Ryan Bowen,507,6478.983333333334,2000,Isolation Half-Court,33.215448892763355,10.555698877727396,75.51129567383438,24.184865081567544,57.65160364732803,40.86555769613743
1800,Damon Jones,657,13456.585,2000,Isolation Half-Court,56.28688068210869,40.24189102125293,46.07390646563635,77.47837211316481,18.96637901947768,53.38703959475152
1802,Brad Miller,868,24549.355,2000,Isolation Half-Court,76.48773936070252,64.17160197133597,45.948550197478674,68.93583841910043,63.47312864872988,57.281788192513346
1838,Tyrone Nesby,255,6661.626666666667,1990,Hand-Check Grind,68.13377231859305,54.315943404324976,33.48351701521521,44.87056839670302,55.32537298774621,47.13823654887569
1853,Anthony Carter,623,12166.056666666665,2000,Isolation Half-Court,52.876052726357,18.177482027357467,60.0735760565448,93.24561666721999,58.26841693901714,50.15158099463789
1863,Earl Boykins,652,12961.625,2000,Isolation Half-Court,54.60217510785763,76.38487862244008,41.14015834064722,90.79423333557838,28.728775437868702,62.90799178408489
1869,Charles R. Jones,85,1133.1033333333332,1990,Hand-Check Grind,32.85904798099271,22.13671037132475,21.770124547347148,77.49806836781572,47.55172210992911,53.39755302880758
1882,Elton Brand,1058,34912.35,2000,Isolation Half-Court,88.15476730470375,79.16851152938052,42.6055907340472,53.09350567308605,61.00930295005696,28.385095380996674
1883,Steve Francis,576,21632.656666666666,2000,Isolation Half-Court,94.02751617800499,83.28820297751587,44.14127554256006,91.1380820454153,58.553117021243274,32.65223562201731
1884,Baron Davis,835,28597.649999999998,2000,Isolation Half-Court,89.04598304936734,78.1855847604354,44.77317048619861,96.66863871745738,59.85116804674566,46.580332243573004
1885,Lamar Odom,961,32118.739999999998,2000,Isolation Half-Court,87.25256259347928,63.876078986030805,51.47940061077189,74.65609982243404,64.25167940037163,41.473231808851146
1886,Jonathan Bender,262,3842.453333333333,2000,Isolation Half-Court,39.702064310857125,57.45245716838479,67.62261082861087,36.02373321680589,26.20931386327155,58.57678987410784
1887,Wally Szczerbiak,651,20063.665,2000,Isolation Half-Court,80.75403645804661,78.60476548469636,46.11600302570214,59.37771640115023,28.96078068280638,38.434831911902315
1888,Richard Hamilton,921,29577.125,2000,Isolation Half-Court,83.49309859812708,90.15267758141634,54.36918084523155,77.13967293110446,25.63391639804094,13.790832807611908
1889,Andre Miller,1304,40274.02166666667,2000,Isolation Half-Court,82.66305202736416,64.71122744589633,41.88261233948771,95.73197820826567,50.46642751467084,37.108501907318065
1890,Shawn Marion,1163,40094.066666666666,2000,Isolation Half-Court,89.4998465564378,72.32458825533963,48.79313708418504,41.121167898319065,81.50991135734742,56.04498050189463
1891,Jason Terry,1410,42028.25833333333,2000,Isolation Half-Court,80.35226514514424,73.27775591158877,48.085193106401675,80.23869834141276,42.570784283545265,39.316567422288216
1892,Trajan Langdon,119,1737.423333333333,2000,Isolation Half-Court,35.81459253755115,56.63954380018605,75.75186089128842,64.03772948666402,38.4131485703057,64.94173456900317
1894,Corey Maggette,827,23369.601666666666,2000,Isolation Half-Court,75.4323192884386,92.52065808361816,32.6203166640142,59.83959019783645,50.04872589829101,57.08549913601523
1895,William Avery,142,1201.2366666666667,2000,Isolation Half-Court,14.877676456022984,38.04334619085353,56.82938726226086,89.38404545922376,29.130753685497147,75.85813379762081
1897,Metta World Peace,991,31441.579999999998,2000,Isolation Half-Court,84.71260476207527,65.10489311049632,63.23779688570302,63.46811378069783,66.71520461197748,35.277072138005444
1898,Cal Bowdler,142,1377.9816666666666,2000,Isolation Half-Court,19.057702015185026,35.6336039318818,56.305012980260095,10.629988410508954,56.71749950296918,77.07099918377195
1899,James Posey,864,23260.351666666666,2000,Isolation Half-Court,69.57496185508315,38.775725237355935,50.62456557071671,45.663752416672075,70.11018433602794,36.21641791573542
1900,Quincy Lewis,159,1849.07,2000,Isolation Half-Court,27.08738016999623,35.21502807533425,76.12902558593477,41.05774731752117,36.76887327709398,44.32631092548959
1901,Dion Glover,294,6131.231666666667,2000,Isolation Half-Court,54.822945815774865,63.91558886049107,54.45481751781556,61.53970333373251,58.28233185917835,57.2444828499412
1902,Jeff Foster,764,15753.513333333332,2000,Isolation Half-Court,55.70780454749592,15.967862757094998,67.87044209173091,28.130918331718533,75.17416975174872,43.78866412674558
1903,Kenny Thomas,632,17312.653333333332,2000,Isolation Half-Court,73.24407280764922,47.440839808604885,44.23631003329743,44.709825732631884,67.61110430095691,38.69305873718824
1904,Devean George,630,11682.253333333334,2000,Isolation Half-Court,49.94045860097453,34.099011174667844,61.62779657981526,32.414014620020055,62.20512535819186,50.571021023827974
1905,Andrei Kirilenko,797,23935.046666666665,2000,Isolation Half-Court,79.24284403525927,62.09635874110792,53.26957411151978,65.55015945146883,71.9528917536676,32.83036482237746
1907,Vonteego Cummings,199,3784.205,2000,Isolation Half-Court,54.0357258565691,55.1457302886635,29.35083997992364,85.20549601663288,50.95760991688381,77.40147833455045
1908,Jumaine Jones,471,9776.986666666666,2000,Isolation Half-Court,60.61114631999387,46.54364706287809,32.957628834342216,29.53681157523046,63.80909014402284,52.347181291262366
1909,Scott Padgett,448,5611.041666666667,2000,Isolation Half-Court,31.069804752856616,44.74623149819987,79.3049451813335,48.19045717814667,64.56441099471338,35.599093360621765
1913,Michael Ruffin,414,5952.078333333333,2000,Isolation Half-Court,35.86250118424029,2.6013426338757215,46.82079703140468,27.709630945616087,68.56444614526768,42.694010510632445
1914,Chris Herren,70,1003.8683333333333,1990,Hand-Check Grind,34.73771072847357,12.710732082401002,44.19174369776372,86.67579458888498,28.79255075919997,75.0800813049992
1915,Evan Eschmeyer,153,2143.7166666666667,2000,Isolation Half-Court,35.959114067245004,8.946825717278225,71.63391997290215,19.058506739541237,68.36563497247126,62.66508748798061
1916,Calvin Booth,366,4465.213333333333,2000,Isolation Half-Court,30.69188035897292,25.105726986361354,53.42926563834734,20.37748805049698,52.664890841209804,58.77828653489204
1917,Wang Zhi-zhi,137,1249.71,2000,Isolation Half-Court,18.071028638859026,84.13227384528552,51.361598429807884,20.129432480785752,44.404817066362256,68.52640562218846
1918,Obinna Ekezie,144,1511.1466666666665,2000,Isolation Half-Court,27.801251554227115,45.60237484090173,35.66513573002119,10.1398678677646,58.84858908408448,39.644734401546906
1919,Laron Profit,135,1526.5633333333335,2000,Isolation Half-Court,27.73578747803154,30.762084048502967,46.66304224666688,72.11263499979016,60.88559210526523,79.65337622453507
1921,Gordan Giricek,384,8823.778333333334,2000,Isolation Half-Court,60.713018078299605,70.9529303928992,43.841735385722636,55.62599407404359,35.417422501079336,40.75018092765919
1922,Francisco Elson,472,7210.993333333333,2000,Isolation Half-Court,39.382532441539716,15.753661254438429,64.73608098200907,20.905011096549593,67.42481338493768,51.23371286169705
1924,Lee Nailon,306,5816.3516666666665,2000,Isolation Half-Court,54.71490594890081,78.35761164311523,40.4782590444583,47.243856304464366,35.780628420861056,27.5854639419118
1928,Todd MacCulloch,223,3433.9816666666666,2000,Isolation Half-Court,44.39812480417933,65.98291277395515,79.8997046349719,21.374414126078392,46.07508391105635,73.36526603559503
1934,Rodney Buford,230,4176.288333333333,2000,Isolation Half-Court,52.67924681329794,50.42201205128628,38.95925942568291,34.429745869276545,48.38038031235165,43.958668254787575
1938,Manu Ginobili,1057,26865.886666666665,2000,Isolation Half-Court,67.27391624769929,85.47258966193831,80.78179153656417,84.85115964526867,67.78258042493684,47.79921254410168
1944,Eddie Robinson,278,5344.845,2000,Isolation Half-Court,48.85538383180063,53.586539783538484,60.84532389451447,37.029718911399435,56.63104772378786,61.71974469204576
1952,Raja Bell,706,19826.096666666665,2000,Isolation Half-Court,78.27754063844587,50.3499108857157,40.86685292115376,44.25970481306864,28.703918271999473,50.95140167646599
1956,Ira Newble,380,7635.581666666667,2000,Isolation Half-Court,57.26536608697438,20.22598986903327,39.62460196760533,30.77596583936734,37.827783196038204,43.630778509820814
1960,Milt Palacio,470,8410.668333333333,2000,Isolation Half-Court,48.35769708045452,24.561327511247164,58.998444060233794,86.13228655935654,46.60144671341464,45.09352065309259
1983,Jermaine Jackson,135,1331.9583333333333,2000,Isolation Half-Court,19.64483492308789,8.79152511718867,50.81892699656333,81.89506441003847,42.39500518089612,54.170079906596634
1985,Zendon Hamilton,134,1556.5833333333333,2000,Isolation Half-Court,28.447697902250297,57.956521127138,28.19415628965827,11.193993213726827,60.552594347835885,43.22796595653067
2030,Kenyon Martin,757,23146.555,2000,Isolation Half-Court,79.4324767270833,63.881909509454225,59.54584196374624,49.15838988285957,75.7532307600714,53.595669481814454
2031,Stromile Swift,547,10801.246666666666,2000,Isolation Half-Court,51.12578807995882,71.49692839457137,50.49382979420086,14.863042773477245,65.48892842821823,49.96821457463836
2032,Darius Miles,446,11727.65,2000,Isolation Half-Court,69.42477763225972,59.808706945500425,53.3480557347166,59.54636929371129,60.36139543718699,36.61974359960918
2033,Marcus Fizer,289,6037.981666666667,2000,Isolation Half-Court,54.32921243635997,79.51510929914834,34.689599043579975,54.528816416498636,55.41360647362956,35.789849324236016
2034,Mike Miller,1032,27810.743333333332,2000,Isolation Half-Court,74.60061625642616,61.91428639312054,39.220623032953135,67.7836295446163,44.10768781642992,45.1747165520628
2035,DerMarr Johnson,344,5909.716666666666,2000,Isolation Half-Court,44.54499183045674,52.52032670307504,60.367442788322286,38.62036187232579,49.967242953714305,72.8360899565827
2036,Chris Mihm,436,8754.475,2000,Isolation Half-Court,53.64443984487953,57.58758327643583,39.01205673765346,14.269358596674167,46.31464273901243,46.540657269449845
2037,Jamal Crawford,1327,38986.534999999996,2000,Isolation Half-Court,79.38205420341053,83.22444397182909,32.68628863218531,77.9538927401246,32.264524515077426,46.52253623810319
2038,Joel Przybilla,592,11724.466666666667,2000,Isolation Half-Court,53.04028504288259,10.373316918161263,43.69438816859882,9.897069384463094,52.20917398431432,16.613504298527157
2039,Keyon Dooling,728,14133.473333333333,2000,Isolation Half-Court,50.34537338713701,51.3835184816323,55.694024571427946,77.55263772780806,34.29969887390632,27.737044165498826
2040,Jerome Moiso,145,1380.2849999999999,2000,Isolation Half-Court,21.641988263272378,27.380027686764812,89.99480758970677,18.23184996332488,74.24110726958168,32.79699865212826
2041,Etan Thomas,409,7088.73,2000,Isolation Half-Court,45.566415257193,43.27127153742929,38.8678587608249,11.992606298247004,52.827185012870174,51.254964866114236
2042,Courtney Alexander,187,4055.741666666667,2000,Isolation Half-Court,54.98033770270448,70.93381723158977,42.35017396154665,48.86621005017643,30.63481998520946,45.02497723070079
2043,Mateen Cleaves,167,1861.4,2000,Isolation Half-Court,31.559446998547806,42.83975915280389,71.82550472716356,91.15755273551791,42.697101295507785,88.47607324573636
2044,Jason Collier,151,2175.2616666666668,2000,Isolation Half-Court,38.943309471882564,61.216091400210836,22.564456409845224,12.170811594723354,38.953874978817375,47.70043693067098
2045,Hedo Turkoglu,997,26717.616666666665,2000,Isolation Half-Court,74.25474763743222,65.15436150614276,54.486924060388716,71.1053622068109,50.071658413171946,42.098661460737915
2046,Desmond Mason,643,19635.341666666667,2000,Isolation Half-Court,79.11801880976317,63.05978097058372,34.48669379348911,40.7404197475136,37.2613776631468,36.08820796077071
2047,Quentin Richardson,783,20792.583333333332,2000,Isolation Half-Court,70.65951212050602,59.242387354110114,34.5020268735338,42.34257836330126,54.907710523241605,47.663795331487
2048,Jamaal Magloire,680,14648.21,2000,Isolation Half-Court,62.11905644622543,45.814880952371794,56.54077011358714,14.623987461984072,53.9134530644754,17.969307385197112
2049,Speedy Claxton,334,8555.191666666668,2000,Isolation Half-Court,66.92026168519357,54.32547048419522,61.27629252174558,91.85146746862682,57.66460206472642,31.31334445901976
2050,Morris Peterson,711,19366.131666666664,2000,Isolation Half-Court,73.49714665666562,63.724195841668596,36.29833430381838,43.85115030308659,51.626796177566106,36.34548994736307
2051,Donnell Harvey,205,3327.2966666666666,2000,Isolation Half-Court,44.01100594564091,48.30054013452733,74.80775057762524,41.66624027539249,65.80039169945499,40.3241002953776
2052,DeShawn Stevenson,824,18389.926666666666,2000,Isolation Half-Court,62.82820167245694,42.35765048414906,28.49732778907852,54.81649735464416,27.098718982876584,35.93860736510854
2054,Jake Tsakalidis,315,5008.018333333333,2000,Isolation Half-Court,41.61798228835271,32.868064147176895,76.47199036352202,9.02390981944494,44.800281801146724,39.301845000605994
2056,Primoz Brezec,342,6194.553333333333,2000,Isolation Half-Court,60.30409810469475,63.94815620663771,24.27148621390224,16.876831423213677,35.05719073227455,57.08946384748082
2058,Mark Madsen,453,5330.518333333333,2000,Isolation Half-Court,27.813146652815867,8.6652899509367,71.26293100395021,17.887583684395217,39.757331283376494,44.03052222533428
2059,Eduardo Najera,619,11204.241666666667,2000,Isolation Half-Court,47.51102891357187,24.64577099130985,58.65521893668901,26.57761390451298,65.90524397815264,75.56910781311913
2060,Marko Jaric,447,11255.706666666667,2000,Isolation Half-Court,67.73192236484655,27.87284547648272,40.93065875550047,82.60814138604486,59.34148285222707,30.952621287262534
2061,Dan Langhi,133,1246.6733333333332,2000,Isolation Half-Court,18.767448367749363,38.95828032859187,53.351982666078094,19.365728724269665,44.267484575694276,41.02324474678113
2062,A.J. Guyton,80,1241.0016666666666,2000,Isolation Half-Court,39.09699771239242,52.23950789584139,53.02040166992304,82.58006832446382,9.559144924588184,21.238538731937876
2063,Jake Voskuhl,450,6439.531666666667,2000,Isolation Half-Court,38.24920178360397,28.108481172662152,58.90216959566955,21.707312321900154,54.20576443754915,67.03173317748488
2067,Eddie House,717,12387.206666666667,2000,Isolation Half-Court,43.149692559083974,71.69372636744055,58.997589774516285,68.66622740982453,49.13187371266759,45.49090802670116
2069,Hanno Mottola,155,2357.1033333333335,2000,Isolation Half-Court,36.508000483831175,33.69557424087672,44.55963972115348,19.025120776165057,36.42265335987047,70.52689435773456
2072,Michael Redd,629,20110.615,2000,Isolation Half-Court,85.70266975386077,94.90368981122481,22.973141575079794,56.754734090374306,40.53312452372723,47.58399011069348
2073,Brian Cardinal,456,6470.416666666667,2000,Isolation Half-Court,39.94634866705938,43.28447804404183,60.526412426941405,55.57791822256089,66.54818442448537,34.67982117884925
2074,Jabari Smith,108,1063.3116666666667,2000,Isolation Half-Court,24.07302288997869,36.94730565617714,63.183262144435204,52.14965477556412,60.15725286593599,71.45154736128826
2078,Jason Hart,341,5291.87,2000,Isolation Half-Court,44.28711132823922,35.87125571932626,54.580216887521495,84.66093028523083,61.351248017947476,50.98893093574127
2084,Chris Porter,51,1145.0166666666669,2000,Isolation Half-Court,57.03736853882301,61.84828820765272,14.880286417543074,41.58648467218617,55.63884537927947,80.23047661669277
2091,Daniel Santiago,122,1417.6833333333332,2000,Isolation Half-Court,25.05898746787772,31.02630379305616,77.58290411617757,13.6014350266511,53.064998417454674,70.3666698892716
2098,Slava Medvedenko,263,3339.7799999999997,2000,Isolation Half-Court,34.04776022425259,69.35493866073577,68.40038211589946,29.23126630581352,48.19832038482685,54.7780631584986
2109,Eddie Gill,187,2018.8950000000002,2000,Isolation Half-Court,29.9211350242737,27.560900687318057,64.54388020042141,79.92955441916288,57.737864637509084,22.703984111227992
2124,Malik Allen,478,7261.626666666667,2000,Isolation Half-Court,42.66691422119516,41.08116576640995,56.333151217117006,19.5664899006152,38.106167198133306,34.98622603984205
2137,Ime Udoka,316,5711.405000000001,2000,Isolation Half-Court,50.34386159208164,29.081387427012682,50.63166486803637,40.02476130089316,63.385985902605896,29.17909922720573
2198,Kwame Brown,607,13384.188333333334,2000,Isolation Half-Court,59.64751415782615,33.33929420732257,45.30783499408016,27.983105595612255,59.31667470528538,30.901573947192702
2199,Tyson Chandler,1160,31619.301666666666,2000,Isolation Half-Court,74.35212689085441,31.279368908478464,50.9271744570949,14.586743186052162,58.39593394527331,38.09305289721287
2200,Pau Gasol,1226,40981.314999999995,2000,Isolation Half-Court,88.52382493519663,85.71885728106743,48.639756874130306,71.28290703777459,49.18989274392418,43.52122142709351
2201,Eddy Curry,527,13122.768333333333,2000,Isolation Half-Court,68.0920026742019,89.24573219894872,29.041776605354404,12.859056204999778,35.64254793850273,38.658755124611275
2202,Jason Richardson,857,29240.663333333334,2000,Isolation Half-Court,87.95577033686138,84.28277016266888,29.250081750100517,60.44425885058167,54.311508968009946,57.40169888818414
2203,Shane Battier,977,30008.028333333332,2000,Isolation Half-Court,80.73459077362907,27.05350895603017,63.932104251062405,40.591748578596786,45.86562288072273,29.804525246550682
2204,Eddie Griffin,303,6721.501666666666,2000,Isolation Half-Court,58.220998621666695,41.67827301913,51.28798089528871,22.785417385058334,51.10253418612305,15.870153663910449
2205,DeSagana Diop,601,8398.093333333334,2000,Isolation Half-Court,34.53165278842664,3.5864746407124937,65.27205399094285,18.482986465478938,62.19784994901334,28.10188130999704
2206,Rodney White,218,3357.338333333333,2000,Isolation Half-Court,40.491266343236305,78.73036627465726,80.13454318059442,63.74929186998875,55.25924718056764,67.39943311889017
2207,Joe Johnson,1277,44235.263333333336,2000,Isolation Half-Court,91.45523762341645,74.27652510264156,38.45083099093252,76.3422723475521,33.13419532987665,25.839946017954706
2208,Kedrick Brown,143,1935.5666666666666,2000,Isolation Half-Court,33.80736621240031,22.58284874607412,75.99172856944219,40.8356782305583,65.69137571742718,40.074155980639844
2209,Vladimir Radmanovic,737,16176.123333333333,2000,Isolation Half-Court,59.01742854747736,53.773528917594554,39.87221344687987,46.93406423074593,61.57442073632974,46.49154814421271
2210,Richard Jefferson,1181,34301.98333333333,2000,Isolation Half-Court,80.56836086234766,67.96184172466393,55.894431955126855,54.008397403288015,39.27621679403223,35.013799794217036
2211,Troy Murphy,729,19938.098333333335,2000,Isolation Half-Court,73.36702416975389,63.685355068184016,24.28968906944325,40.57531268810583,63.638602168451115,71.24154757925628
2212,Steven Hunter,400,5996.698333333333,2000,Isolation Half-Court,39.9947979230719,34.234596978812846,42.165072875043776,4.964564305937612,30.91782474666024,58.8472119387071
2214,Michael Bradley,173,2010.126666666667,2000,Isolation Half-Court,35.4183503994529,17.0513851640094,34.321408924532854,35.01389103969073,50.13381105806037,37.68938839133363
2215,Jason Collins,735,14976.73,2000,Isolation Half-Court,57.883540370386335,7.697747815867785,81.35926072545551,26.2488264436934,46.2349098596627,25.014795733725244
2216,Zach Randolph,1116,34623.2,2000,Isolation Half-Court,85.3003045900432,88.81036829614031,39.452999514780345,51.36848213052208,63.473185420493635,18.032920407879875
2217,Brendan Haywood,816,18692.683333333334,2000,Isolation Half-Court,60.716311068986805,32.390810385890084,50.79317158279204,10.476856192396854,43.90816135821639,31.29394264426645
2219,Jeryl Sasser,82,1058.5216666666665,2000,Isolation Half-Court,30.635185494202755,8.06627509378746,56.08330602900657,52.63136170618327,69.64341628460858,56.54926328590427
2221,Raul Lopez,113,2138.8316666666665,2000,Isolation Half-Court,47.34459413321157,47.40550068052074,80.77938561267104,97.62037639337056,51.16757954625592,10.463046488423277
2222,Gerald Wallace,832,24735.605,2000,Isolation Half-Court,85.88255199208149,62.7619990146526,50.96726378388634,54.70862652969069,79.11132802851075,30.528360242045704
2223,Samuel Dalembert,886,21655.469999999998,2000,Isolation Half-Court,65.94891403040654,36.011351141699706,46.97003694084906,9.241164045434648,59.50035590213032,29.377071329805172
2224,Jamaal Tinsley,547,14443.16,2000,Isolation Half-Court,70.62230536066035,41.04039112108834,57.2123190297762,97.41369246892505,60.24634655220144,49.458411692440485
2225,Tony Parker,1254,38291.135,2000,Isolation Half-Court,80.72968540744084,82.7753183028631,74.37729944784405,93.81264149221207,32.12616181560299,21.98525596154386
2226,Will Solomon,115,1595.0933333333332,2000,Isolation Half-Court,32.21026323232224,55.61421314897274,45.86915107575516,85.17585244746829,45.09431285179675,60.42995903902048
2229,Mike James,595,14361.581666666667,2000,Isolation Half-Court,66.71122380197568,63.416685109356095,42.0097075746577,85.86671820447613,39.704469506295744,33.98100526772481
2230,Maurice Evans,562,10908.878333333334,2000,Isolation Half-Court,50.800322933071236,46.613842791651805,32.739685358219724,23.66468091209047,31.663495087514292,45.31684916858942
2239,Trenton Hassell,644,16277.991666666667,2000,Isolation Half-Court,67.17211948448995,16.089798354199576,34.70756344717609,52.05624670096612,20.5723960377436,28.21326635358619
2240,Gilbert Arenas,552,19354.448333333334,2000,Isolation Half-Court,90.24780986807103,91.3531192074062,26.154387695303907,88.14261960436438,57.69786596154291,69.2603669893015
2242,Terence Morris,139,1939.695,2000,Isolation Half-Court,33.504875221281466,17.42587032302111,29.412365708483236,36.98511107684873,40.39906042165761,15.793027658353337
2243,Brian Scalabrine,520,6757.153333333334,2000,Isolation Half-Court,33.625802600294485,16.246499069434922,74.21449440048048,50.32901500706082,41.01899000633703,45.073766523457195
2246,Mehmet Okur,634,18436.64,2000,Isolation Half-Court,76.31531509752254,79.93504862203973,33.873604651157,47.96948229544651,52.84664007893058,34.685658030568675
2248,Earl Watson,878,19501.3,2000,Isolation Half-Court,59.31923093403261,32.054467475875626,49.173456522929115,93.1998066609341,50.88032601452528,49.80124732020297
2250,Bobby Simmons,466,11513.928333333333,2000,Isolation Half-Court,69.88303633502986,54.24092520341346,37.81057289179249,48.83683193389919,56.829068282567306,31.260406363766666
2254,Loren Woods,215,2412.39,2000,Isolation Half-Court,26.06955407939846,14.038084596470418,54.194109800264734,16.59361541523103,58.0820983620791,48.687009481659636
2260,Jarron Collins,542,8544.525,2000,Isolation Half-Court,43.49776130811744,19.158583662062608,68.22325033475454,35.869479675513375,34.42351504357899,25.964298303905892
2261,Kenny Satterfield,75,1058.545,2000,Isolation Half-Court,32.90335443763787,34.26948980309107,72.6800064019418,92.42534352829591,49.07397128763999,35.67305111365285
2294,Charlie Bell,376,9365.065,2000,Isolation Half-Court,67.4146060265977,47.37149645269848,29.130586721660805,65.13792818051529,37.148439898132395,54.96404428295664
2306,Carlos Arroyo,569,10635.823333333334,2000,Isolation Half-Court,50.69297467103103,50.002313479329004,53.31619397232542,90.07840458213732,30.90255861742448,16.8621265938826
2351,Oscar Torres,82,1180.9183333333333,2000,Isolation Half-Court,37.11206463955155,56.9615000385697,25.636370677142335,25.87615668457185,26.034518682543858,17.843006496664877
2357,Tierre Brown,134,1645.5550000000003,2000,Isolation Half-Court,27.74070137707557,39.593506036058315,44.06599130727977,90.37266345027867,42.72342949388505,34.2846677530649
2365,Chris Andersen,695,12261.281666666668,2000,Isolation Half-Court,44.870783785782606,32.90507714954764,70.564011799221,15.364122462317038,63.32142264625498,45.54069144615816
2366,Mike Wilks,233,2227.2566666666667,2000,Isolation Half-Court,22.525397655446895,24.14758532702587,67.88593932837192,79.00260808154566,43.807032370837845,34.214597636840715
2397,Yao Ming,486,15838.644999999999,2000,Isolation Half-Court,82.7245073212057,93.78203673233946,72.02261887909027,43.79174443313936,50.70128747397985,19.197061980486264
2398,Jay Williams,75,1961.19,2000,Isolation Half-Court,66.68158424703513,54.844484224658764,27.19847840680242,93.42134705750728,54.47527411053927,80.40948758111435
2399,Mike Dunleavy,986,27343.625,2000,Isolation Half-Court,74.8650939396119,62.07616606470555,52.51238395242609,60.5362244683092,48.311118697236296,58.07107043505593
2400,Drew Gooden,790,20134.521666666667,2000,Isolation Half-Court,67.76635863029078,71.65243213002906,31.038904509429,32.52546385008593,66.1776654142111,33.66632686422135
2401,Nikoloz Tskitishvili,172,1939.09,2000,Isolation Half-Court,29.657307062219488,22.44682559570716,79.01530332039852,46.73664685797412,37.77095131702702,74.19254214083267
2402,Dajuan Wagner,103,2203.415,2000,Isolation Half-Court,60.21721598915669,76.25137193189373,30.38875242773543,70.51088388798668,31.321153348300335,56.62099060613154
2403,Nene,965,25242.575,2000,Isolation Half-Court,71.28175769261104,70.6428343289593,66.35774783445339,52.12148191022138,77.36404128107405,56.17718148277592
2404,Chris Wilcox,628,12476.761666666667,2000,Isolation Half-Court,54.12756493980014,67.75579066231569,32.292425100928554,23.416918645567048,60.66658842905057,49.974641395585984
2405,Amar'e Stoudemire,846,26249.471666666665,2000,Isolation Half-Court,82.79621183920695,92.57970995789968,30.131642733283314,27.57796559621306,58.001173234883424,57.83857177842895
2406,Caron Butler,881,28323.408333333333,2000,Isolation Half-Court,85.23373507161318,71.82234002622535,34.298139673160016,53.10511745827295,64.0284192712681,32.58541561515914
2407,Jared Jeffries,629,13578.693333333333,2000,Isolation Half-Court,57.20691799798904,13.104595560164835,43.41719042043191,41.40349697357427,50.379318765766925,55.024025627158956
2408,Melvin Ely,375,6010.056666666666,2000,Isolation Half-Court,41.97656252580592,44.01990965221548,59.356836773446126,33.14066723674101,37.78160656742473,39.502709307277506
2410,Fred Jones,430,10290.388333333334,2000,Isolation Half-Court,63.95665702837448,37.18284951785708,43.04612241899894,71.63197938051907,41.35334268474221,34.912432925672405
2411,Bostjan Nachbar,317,5618.366666666667,2000,Isolation Half-Court,46.65811009998203,64.80371503137508,47.20443168087142,44.25911999528542,46.85677535832683,47.23282872967786
2412,Jiri Welsch,247,4601.758333333333,2000,Isolation Half-Court,52.81695951849836,43.16976309559297,48.7419492657398,63.21262624212018,60.92357442137106,77.4996153535166
2413,Juan Dixon,436,8507.201666666666,2000,Isolation Half-Court,51.19977463673886,73.47270292823073,32.52413198354018,69.375066559954,48.84994551062306,44.995010404872836
2414,Curtis Borchardt,83,1113.7216666666668,2000,Isolation Half-Court,30.718290924365572,13.791786609087165,39.3575479686824,46.744537783215414,48.132142486252036,9.107272389678426
2416,Kareem Rush,346,5960.451666666667,2000,Isolation Half-Court,45.8624784244634,57.01779444614002,38.662946072238306,46.87471577620464,31.251458480687333,70.39507984154321
2417,Qyntel Woods,167,2052.0383333333334,2000,Isolation Half-Court,34.396117540912904,45.34682357243145,38.39607329642869,41.697991902215826,65.94410458756339,39.22667575201098
2418,Casey Jacobsen,287,5328.464999999999,2000,Isolation Half-Court,49.20522534418889,27.220302979333795,75.3683888246762,43.036869409290986,25.9458607240611,59.69783468333007
2419,Tayshaun Prince,1017,31576.628333333334,2000,Isolation Half-Court,83.672349297129,51.1146697024972,55.56664763816905,59.963974879957476,30.93652797726586,4.099575640628251
2420,Nenad Krstic,419,10549.731666666667,2000,Isolation Half-Court,66.05951775437313,63.81369160316787,54.63945522781642,21.121589334656345,40.52474399886766,37.316336007580006
2422,John Salmons,895,23641.363333333335,2000,Isolation Half-Court,74.48896502187368,47.068416758228466,43.38938377431742,68.51515768231066,45.57465109393996,45.33232115925685
2424,Dan Dickau,300,4607.156666666667,2000,Isolation Half-Court,47.6259671148772,58.852903009822285,29.824819300078552,91.57245437488899,42.90792998224037,31.716401010526432
2427,Roger Mason Jr.,518,9143.438333333334,2000,Isolation Half-Court,50.117849899829466,51.27083799878988,44.055547664360674,57.27241327300457,28.94194802358317,25.080273806207455
2428,Vincent Yarbrough,59,1379.2516666666668,2000,Isolation Half-Court,59.43164018796151,30.476616692772435,68.28149474155292,71.40299843365406,60.86372790333409,42.15708212127993
2429,Dan Gadzuric,527,7779.474999999999,2000,Isolation Half-Court,37.05649483659612,38.6865644823423,36.23784119721496,12.362214106569636,71.21533065883521,52.931893203159504
2430,Carlos Boozer,861,26913.346666666665,2000,Isolation Half-Court,82.06153417140122,86.44159260312331,40.82618086272661,59.72163359801933,72.3875234172793,40.380926165554534
2431,David Andersen,103,1263.3249999999998,2000,Isolation Half-Court,27.672347202917425,62.94076775951345,49.98440362910277,32.32043815827563,48.927235133723556,54.502625589713226
2434,Juan Carlos Navarro,82,2117.16,2000,Isolation Half-Court,66.03266950100694,73.0140971134482,5.124188856567464,63.48176325799957,28.64175430745133,87.82725441933319
2436,Flip Murray,487,11076.939999999999,2000,Isolation Half-Court,59.951196506513945,73.26584086747374,34.422988368699855,72.73247211210884,43.45503941575558,34.52193394641737
2437,Lonny Baxter,162,1884.2533333333333,2000,Isolation Half-Court,24.850961661334463,46.068204068578964,78.78053050902355,11.508843927987725,49.545612354811865,54.65981246711221
2440,Matt Barnes,929,21951.971666666665,2010,Pace-and-Space Small-Ball,64.41919882839714,44.548221009077075,46.66210151220201,53.883456927991915,61.99919711756118,52.87270387441514
2443,Darius Songaila,495,9216.15,2000,Isolation Half-Court,47.463112400111555,56.68143137492487,38.743106317108676,49.83840612327483,61.70172210663323,51.81446584146472
2446,Rasual Butler,809,17215.501666666667,2000,Isolation Half-Court,59.88006983958367,49.91762125996527,50.96278197120841,25.17877564631419,25.259967572128637,26.746246448028014
2449,Luis Scola,743,19001.391666666666,2010,Pace-and-Space Small-Ball,70.44058053676909,77.51508715062059,51.811836241878126,51.13243202672726,61.91075845679249,36.428597508357285
2452,J.R. Bremer,100,1939.2566666666667,2000,Isolation Half-Court,52.131849581415295,44.21902462673203,59.65999272120735,77.2844575097546,36.354744113658114,28.427323903902877
2454,Junior Harrington,140,3087.1133333333337,2000,Isolation Half-Court,57.02430394594467,16.648636667797412,76.68220854804899,84.66071908907786,63.137187609253694,35.39609562291142
2457,Jannero Pargo,499,7441.558333333333,2000,Isolation Half-Court,37.50348148722073,71.56800940642607,61.69201974929754,83.76953493807913,42.84500719796116,41.736787143215736
2469,Pat Burke,127,1296.085,2000,Isolation Half-Court,21.894439656432912,53.653120023023675,50.43556699524651,22.998886840803557,43.63944368436003,85.40060890967965
2470,Smush Parker,274,7064.264999999999,2000,Isolation Half-Court,70.7301151563368,49.923943754078515,27.22722061966376,73.88149730686239,54.50876323922569,68.74191244143385
2471,Mike Batiste,75,1249.4916666666666,2000,Isolation Half-Court,40.09845603043186,61.937793689863504,60.281942268963974,33.1170284179906,66.48579100469904,58.05549339897069
2484,Devin Brown,465,9008.43,2000,Isolation Half-Court,52.024716868092156,57.354832387849996,51.82516028145809,59.78080498820368,47.8958480955093,34.03211642615448
2499,Richie Frahm,140,1454.2166666666667,2000,Isolation Half-Court,21.47347303749161,48.064231885476865,70.9173329964692,43.2649347193951,36.794217778949,70.4928519032662
2501,Reggie Evans,809,15580.475,2000,Isolation Half-Court,50.50860369567841,11.544619700307535,37.86692883611682,13.305895506970119,83.4685532058377,18.55518205769102
2544,LeBron James,1562,59042.39166666666,2010,Pace-and-Space Small-Ball,97.9343948526424,97.87894399842934,50.35263420771901,96.3017647903238,75.57010530454806,33.82225036348238
2545,Darko Milicic,468,8636.911666666667,2000,Isolation Half-Court,52.37860444754948,39.715785566235816,39.000600975417264,34.47807671187205,54.06733003119975,45.49501660341963
2546,Carmelo Anthony,1260,43512.28333333333,2010,Pace-and-Space Small-Ball,91.31533288527473,94.46594238483577,32.49870575719688,61.17608551880355,52.48755529610503,53.48811201669299
2547,Chris Bosh,893,31937.699999999997,2000,Isolation Half-Court,92.95801162406171,86.90113153732086,47.40386058316391,45.821955534185555,57.70415428937494,25.956051601288063
2548,Dwyane Wade,1054,35786.825,2010,Pace-and-Space Small-Ball,89.8466969025073,95.41614431240602,50.54883461848378,91.08794138515387,61.291684952191396,34.3401058164585
2549,Chris Kaman,735,19651.626666666667,2000,Isolation Half-Court,72.20686045070832,65.22483142531702,42.34990878773928,36.70917368163912,53.52492185029993,33.11997936893013
2550,Kirk Hinrich,879,27015.011666666665,2000,Isolation Half-Court,81.4101089015963,49.11492872530006,61.808540535982075,86.96904128539428,46.71136185445426,41.180290706586945
2551,T.J. Ford,429,11894.328333333333,2000,Isolation Half-Court,72.76763131606197,62.60726883289239,41.43099542589998,94.91553764427876,55.399557309555554,57.494761842430684
2552,Michael Sweetney,233,3606.455,2000,Isolation Half-Court,40.7261511997988,71.79885590714005,52.845376470068146,28.632263579108095,55.93545644698676,40.552083862828866
2553,Jarvis Hayes,427,9900.273333333333,2000,Isolation Half-Court,61.28833103171544,52.67692321289069,35.600269047347155,35.10951545078494,53.033943969000134,54.314711259272926
2554,Mickael Pietrus,557,11950.83,2000,Isolation Half-Court,55.84858651595899,60.25947191213092,50.10817655361508,23.247908290340387,48.05775205527893,59.66796814757092
2555,Nick Collison,910,18603.858333333334,2000,Isolation Half-Court,55.29060002157781,29.444426860063874,52.41453364477843,33.25756561264862,53.653189666296214,45.08932206724066
2556,Marcus Banks,348,5559.218333333333,2000,Isolation Half-Court,42.28733957991734,56.3378184773005,53.80918397593451,83.0911440635761,49.760240386875914,69.47046195484604
2557,Luke Ridnour,830,21623.903333333332,2000,Isolation Half-Court,71.30260264105719,49.18521250290726,29.21503967066609,90.2802732951535,43.476296221086194,42.193130858669655
2560,Zarko Cabarkapa,150,1555.54,2000,Isolation Half-Court,21.248460326881823,66.81142492305912,39.83043991645683,45.05476646205902,46.76940086857635,75.35679579137
2561,David West,1034,29138.681666666664,2000,Isolation Half-Court,80.74193610229737,79.26829243542923,53.9885780321413,60.42913559028539,59.4405514490732,21.509585206873496
2562,Sasha Pavlovic,567,8885.461666666666,2000,Isolation Half-Court,39.677957586998296,38.216610136824166,59.69850425790735,44.96609435164154,43.86356375259703,36.372118656033564
2563,Dahntay Jones,624,9793.998333333333,2000,Isolation Half-Court,42.46910714410855,45.26711959474006,45.802964069980014,41.225367937480044,34.318923917895134,55.52456589712567
2564,Boris Diaw,1064,28756.591666666667,2000,Isolation Half-Court,73.09447833413918,37.45262519995049,54.78719522756934,78.0551131532412,40.535503931372986,43.36879714916334
2565,Zoran Planinic,148,1572.8799999999999,2000,Isolation Half-Court,21.203219745302704,51.3549166843728,88.89845626004546,80.20353219476709,54.015720717437894,19.80446588148266
2566,Travis Outlaw,622,13025.736666666668,2000,Isolation Half-Court,58.26418122375825,62.665907896168626,27.256708828127486,28.742809570146875,44.48088912643772,26.820092723178266
2567,Brian Cook,421,5640.388333333333,2000,Isolation Half-Court,33.990050929149724,67.8136223327328,47.11770710262832,32.3340732763122,51.54838193800611,56.51849904766283
2568,Carlos Delfino,507,11584.471666666666,2000,Isolation Half-Court,64.92513478125397,48.583183655872126,53.28523182638398,59.61865728294548,69.18578795625017,29.520772942312135
2570,Kendrick Perkins,782,17154.855,2000,Isolation Half-Court,60.36884509775704,19.899541629217445,68.65045555222768,28.52425545767663,49.28076571071675,34.520768575692685
2571,Leandro Barbosa,850,18384.498333333333,2000,Isolation Half-Court,58.668572299645085,81.42457589340488,36.89208023105448,68.86604301576375,42.54109824305395,73.31969910099231
2572,Josh Howard,507,15345.598333333333,2000,Isolation Half-Court,78.75457823574284,78.5548044160354,48.189996598749666,40.91299511920552,62.54940155884778,37.386945172493526
2574,Jason Kapono,509,9062.653333333334,2000,Isolation Half-Court,48.405264616141466,57.75145501314084,38.93772896151454,34.037718239854506,22.504969808730056,55.66305918806212
2575,Luke Walton,564,9667.431666666667,2000,Isolation Half-Court,49.014213897555706,26.52294638096196,50.40188754319679,79.26852413367037,53.68133693904495,59.236341454571416
2581,Steve Blake,870,20818.451666666664,2000,Isolation Half-Court,63.88440837786279,23.98045418990062,43.363259201859556,87.07950033920481,32.37445998508866,32.287225529560075
2584,Willie Green,731,14785.140000000001,2000,Isolation Half-Court,52.596801061472014,65.12691719188048,50.636579451960074,54.52430681828119,29.79053119634542,30.2045373191568
2585,Zaza Pachulia,1098,22232.866666666665,2010,Pace-and-Space Small-Ball,55.972724262306635,40.61234619111075,49.82801816291976,44.307178949168,73.88279488871015,29.36484313638028
2586,Keith Bogans,671,14530.898333333333,2000,Isolation Half-Court,56.492537564436724,31.2215212875107,45.505185329358454,43.92083798833784,44.56511785134238,46.0012050730287
2588,Matt Bonner,792,13346.371666666666,2000,Isolation Half-Court,44.47190787473286,46.19206452742276,57.15728038206637,24.41082062968196,44.575889488974006,33.19652827459607
2590,Mo Williams,818,23879.755,2000,Isolation Half-Court,78.76557087296644,75.21889310908279,34.84371719418161,89.33336183275097,38.05976085825426,31.64258607913063
2592,James Jones,709,11090.493333333334,2000,Isolation Half-Court,41.85064264852416,42.34752872166472,55.25446742593718,17.643734519954997,28.559427320082136,37.06568852200584
2594,Kyle Korver,1232,31163.295,2010,Pace-and-Space Small-Ball,70.28655566005689,56.086997731081375,60.87627382192841,49.636634704651144,39.89887873476603,54.1517774528803
2605,Marquis Daniels,548,11706.885,2000,Isolation Half-Court,56.607262596457346,54.367818405126876,53.41736515068325,62.620875902008606,54.65782233197587,53.51086340830199
2617,Udonis Haslem,879,21723.135,2000,Isolation Half-Court,70.45557929515265,33.83829516833797,52.7446910380261,18.97874021530784,55.75367334340712,26.72708635962433
2624,Quinton Ross,458,8437.993333333332,2000,Isolation Half-Court,48.02792624129929,12.418065255775442,53.2496771965815,36.836998944214905,39.85896702532408,44.70405209604979
2648,Ronald Dupree,157,1761.29,2000,Isolation Half-Court,31.34099141647035,38.15454841253134,70.63326517976279,47.70100734865462,56.29442353923411,55.59608517140491
2669,Linton Johnson,151,2110.485,2000,Isolation Half-Court,34.754505214580384,26.598164138295793,59.829404347743505,18.50475397234641,74.11215234476981,49.085253831853066
2679,Matt Carroll,459,7589.153333333334,2000,Isolation Half-Court,47.79912440989563,61.753877364761,39.02185834642213,29.678688370314983,44.54894584092943,56.598323688090204
2693,Keith McLeod,200,3716.876666666667,2000,Isolation Half-Court,49.40218736795746,32.054714599180755,40.69559203123268,85.08385561334909,43.396035529539276,27.28853196874729
2694,Josh Powell,316,3965.9766666666665,2000,Isolation Half-Court,29.861090543326377,34.80650971296878,22.43039588199492,27.913757036724796,40.943016476920064,53.17638804179378
2730,Dwight Howard,1242,39463.00666666667,2010,Pace-and-Space Small-Ball,86.33377412875525,80.46344471665327,51.610083155928464,29.573763373286827,71.21973188986125,38.916650062813204
2731,Emeka Okafor,616,19055.56,2000,Isolation Half-Court,81.10003924938286,59.753000862976926,41.20003718818178,14.757171728478509,61.53157086749574,30.214953070770978
2732,Ben Gordon,744,20377.028333333332,2000,Isolation Half-Court,73.45381785513374,88.4886341076225,37.53648647084732,71.58547504727788,27.64049621724234,45.925845578619864
2733,Shaun Livingston,833,17193.586666666666,2010,Pace-and-Space Small-Ball,54.56223394054184,30.25692185987013,57.357930045168025,82.44924794005831,43.79175436783808,40.01012921790814
2734,Devin Harris,985,23966.701666666668,2010,Pace-and-Space Small-Ball,67.09251969649871,70.88072821252568,44.72951970782752,86.6239826167608,49.12524591254241,43.704693782070656
2735,Josh Childress,391,10427.82,2000,Isolation Half-Court,73.136917864332,46.79680157218268,15.828810363457299,45.88708986860381,53.66628207889984,39.7913567254482
2736,Luol Deng,902,30938.036666666663,2010,Pace-and-Space Small-Ball,90.1320058987115,69.69725638217938,60.245260693045104,52.173741228470995,52.12948031305322,37.38423067982133
2737,Rafael Araujo,139,1583.8916666666667,2000,Isolation Half-Court,24.26655622349977,18.07268366035068,38.06567922899061,11.95931086344918,73.57869763118933,70.07322937362798
2738,Andre Iguodala,1231,39498.534999999996,2010,Pace-and-Space Small-Ball,86.61537616225,46.696894833815406,57.50927721951024,77.22604940656089,68.61439800094337,45.1144120185409
2740,Andris Biedrins,516,11144.573333333334,2000,Isolation Half-Court,60.58862592343958,36.08394478632734,27.569837762755775,23.771613555800123,72.67719226418907,76.68869935382659
2741,Robert Swift,97,1496.5416666666665,2000,Isolation Half-Court,43.62027259922935,27.316641480036953,9.63032257191911,5.484379132159535,49.1230355735573,69.15542469241743
2742,Sebastian Telfair,564,12148.086666666666,2000,Isolation Half-Court,57.45429021342973,45.954399216092895,27.89630242263865,89.25628913626264,36.84940476226191,37.83692288631563
2743,Kris Humphries,800,14227.968333333332,2010,Pace-and-Space Small-Ball,52.33045769383086,53.23483850388017,44.501214186930156,26.381341476936225,61.30389621829344,29.15133520612171
2744,Al Jefferson,915,26292.506666666664,2010,Pace-and-Space Small-Ball,81.45083265101634,89.71749631017073,31.89278607097519,44.92792297336495,64.40039463386586,29.519150755844493
2745,Kirk Snyder,211,3533.543333333333,2000,Isolation Half-Court,42.39451198451689,58.95873913244563,34.92818081172965,54.028378087249834,38.24690119981844,25.685717534901908
2746,Josh Smith,894,28998.781666666666,2000,Isolation Half-Court,86.85547708162238,74.14373428246945,42.50216800372048,70.2305450837338,75.54904250621773,30.290370787187346
2747,JR Smith,977,26279.39333333333,2010,Pace-and-Space Small-Ball,73.49991035106369,72.11981354803395,38.00693363840654,59.48969304052412,52.12734196457881,43.185385247593246
2748,Dorell Wright,549,12282.253333333334,2010,Pace-and-Space Small-Ball,65.33423289756462,52.57844767261746,40.145908039102274,52.42485095436629,63.13323589237435,33.596766505569306
2749,Jameer Nelson,878,24540.218333333334,2010,Pace-and-Space Small-Ball,75.23417971995417,61.791608705322524,42.03995464525558,92.17409664866476,41.80994455295542,37.47569781035923
2751,Viktor Khryapa,143,2356.7633333333333,2000,Isolation Half-Court,45.79599537128915,24.110709491707976,20.7693086799194,46.50921253201661,70.36690866034243,29.856311684848706
2753,Delonte West,432,11840.21,2000,Isolation Half-Court,73.35665577809873,50.54274355841373,53.0453751770981,80.84778939964522,52.716335312028484,37.831785473665384
2754,Tony Allen,820,18046.719999999998,2010,Pace-and-Space Small-Ball,59.61819242704158,51.03513494231579,75.59946674388792,45.13335254923073,68.70596176334048,34.412015644937114
2755,Kevin Martin,714,21562.011666666665,2000,Isolation Half-Court,82.88511398096259,89.64855344833609,29.56844889110995,50.69140428400305,40.50543368160111,63.469079356449804
2756,Sasha Vujacic,581,8906.361666666668,2000,Isolation Half-Court,40.19748541462057,45.824500450645004,40.86745771085617,61.20894817564286,53.19950462660373,52.01598391806775
2757,Beno Udrih,832,18191.105,2000,Isolation Half-Court,63.418272228916294,56.88098505623307,43.38087547198305,86.55681954193588,38.77303994802304,46.3203347933093
2758,David Harrison,189,2686.173333333333,2000,Isolation Half-Court,34.523387119684045,51.164984140675315,74.64183198021266,8.194688482692937,47.53977500230811,50.31596705604212
2760,Anderson Varejao,632,15090.628333333332,2000,Isolation Half-Court,67.83396300845318,31.489828033364365,64.4369053210591,32.773508051171824,78.60104922815454,23.352204995287362
2761,Jackson Vroman,87,1111.7483333333334,2000,Isolation Half-Court,29.65556025827735,22.915998276912557,60.062642992346376,33.73478526668222,70.10758459023525,34.060845451743404
2767,Royal Ivey,492,6166.018333333333,2000,Isolation Half-Court,30.18283305384793,22.089172984006048,39.64895112021552,55.99215766343065,41.98810814684657,52.88140064271573
2768,Chris Duhon,606,15519.953333333333,2000,Isolation Half-Court,68.66375825699564,20.987723861595466,50.81042258428212,88.96391887134013,36.22774109896435,60.28582690554018
2770,Justin Reed,136,1429.4183333333333,2000,Isolation Half-Court,25.385841759695936,43.03402751069448,58.33529646957542,35.92915576446911,24.792508207014503,73.60602909529709
2772,Trevor Ariza,1118,32950.705,2010,Pace-and-Space Small-Ball,83.34245169806141,45.17860241857773,46.8588256352498,51.08765657445922,73.09400533619745,49.97116941416767
2774,Bernard Robinson,128,1910.2183333333332,2000,Isolation Half-Court,39.61267820422105,34.14812022059395,56.79862360339938,52.87516499474187,73.4483045795049,88.22898419707309
2788,DJ Mbenga,234,1564.195,2000,Isolation Half-Court,9.826807611024543,24.241738292651597,69.01199899429427,13.840245016057374,47.82932554623897,58.58503218884025
2804,Andres Nocioni,514,12016.39,2000,Isolation Half-Court,61.29793162713605,75.38622080731396,36.530212937965906,40.03192942435388,47.30361967769909,70.07640928039723
2853,Earl Barron,140,1983.7583333333332,2000,Isolation Half-Court,40.778723920082186,40.31840411452158,36.61554465387994,19.876924765281654,55.11212662458965,27.08474853358654
2863,Damien Wilkins,582,10989.605,2000,Isolation Half-Court,49.2278033428676,42.020887737580054,23.65280879807139,55.76482524557854,51.492720824463824,55.54220062165962
101106,Andrew Bogut,706,19863.171666666665,2000,Isolation Half-Court,76.48485348312978,45.04250956124532,61.17946947309269,57.86968161126873,61.49322127153059,38.821953067217464
101107,Marvin Williams,1072,30158.555,2010,Pace-and-Space Small-Ball,75.16725599740411,49.82923513605422,36.53237462347008,29.64505373797727,54.80732665293132,34.146873630924794
101108,Chris Paul,1354,45606.941666666666,2010,Pace-and-Space Small-Ball,90.33876192001874,79.99635197725271,49.904144044066506,98.83739195459823,70.28862747537362,31.754928813363595
101109,Raymond Felton,971,28829.5,2010,Pace-and-Space Small-Ball,82.45050041397069,54.9619324660001,40.15361473091561,90.88757701446623,49.895064047347965,35.57928223649393
101110,Martell Webster,580,13915.0,2000,Isolation Half-Court,65.15299006718337,50.88814220224039,35.97619436987387,27.37863782783973,36.01303447838557,22.84632462684787
101111,Charlie Villanueva,656,13576.449999999999,2000,Isolation Half-Court,57.15967487909775,84.64432878569193,14.770161807028774,28.660444695345458,58.786037974129385,44.69814266629878
101112,Channing Frye,890,19771.923333333332,2010,Pace-and-Space Small-Ball,62.6045849860616,58.46255901609196,36.3951613887845,26.64104646398069,54.03245534161598,39.116578092209714
101113,Ike Diogu,225,2795.0833333333335,2000,Isolation Half-Court,28.256925733489723,83.25175877186207,46.55138473591188,16.263796980115014,40.224434971536745,64.32152967917676
101114,Deron Williams,845,28864.51,2010,Pace-and-Space Small-Ball,90.1712532284983,79.5445183841823,32.23302545037803,97.20385504226286,37.02297804427898,33.15991588015144
101115,Andrew Bynum,418,10690.078333333333,2000,Isolation Half-Court,72.77807834416647,73.91478947350983,58.8244250134075,32.644754559735894,49.33743547519398,44.38778966276508
101118,Sean May,119,1868.5316666666668,2000,Isolation Half-Court,43.785487974717824,73.03899320304981,41.95679982416858,52.00480475624183,65.58905760901072,54.72814589513434
101119,Rashad McCants,249,5036.516666666666,2000,Isolation Half-Court,53.110507666482825,83.67629577051957,30.121636996893855,56.065292781066645,45.56446320499418,48.075836269246366
101120,Antoine Wright,297,5713.9783333333335,2000,Isolation Half-Court,51.44515495525367,28.044323495455217,30.399482462187734,37.55467097192597,34.95513018380652,53.48193747150896
101121,Joey Graham,377,6116.205,2000,Isolation Half-Court,41.277908834366634,54.61985148111374,31.754966494156573,19.532055673055186,45.748208824236194,58.9727932137341
101122,Danny Granger,586,18487.815,2000,Isolation Half-Court,84.33756707615734,82.12395705202906,43.49269554234475,48.33919501332602,52.090973960487375,58.40608864663996
101123,Gerald Green,658,13025.448333333334,2010,Pace-and-Space Small-Ball,54.87538770192831,79.67234127949354,50.158154547334405,34.099886458487624,37.90054861029037,52.98105024221489
101124,Hakim Warrick,526,10624.24,2000,Isolation Half-Court,53.74084866372961,80.24921379122097,20.25991405333795,28.096895855460396,44.95430028761947,55.02613098362318
101126,Nate Robinson,618,13878.81,2000,Isolation Half-Court,59.407887300717405,82.41036525925225,41.418562099208,81.91305385385225,47.425410764200684,45.64212998055684
101127,Jarrett Jack,867,24140.24,2010,Pace-and-Space Small-Ball,74.73019566088233,57.91007046161997,28.680243795710364,88.60095658664034,39.1987948796661,33.96102173722928
101128,Francisco Garcia,549,11854.298333333334,2000,Isolation Half-Court,57.082120241100995,51.124651804982896,37.97668517032206,49.05111533677129,51.40981596676471,63.21155251058905
101129,Luther Head,348,7795.388333333334,2000,Isolation Half-Court,59.76923709116931,53.70590916272918,59.569206758990916,72.13655276573,47.17476976132417,33.480439989432774
101130,Johan Petro,473,7261.926666666666,2000,Isolation Half-Court,37.73041710775656,32.231162914754755,32.2870415475142,19.54336405592446,63.49763539285011,51.19022843496847
101131,Jason Maxiell,618,11377.656666666666,2000,Isolation Half-Court,48.774040037082635,33.500919509029075,42.87719808090934,9.353771966929127,44.405397802165396,11.14709299791045
101132,Linas Kleiza,409,8184.876666666666,2000,Isolation Half-Court,54.592042244068374,73.40401490407525,45.1375583659966,25.29084408475498,39.77268593670962,68.70275827480843
101133,Ian Mahinmi,618,10351.493333333334,2010,Pace-and-Space Small-Ball,44.71789724274457,30.85844595697221,74.44424512603392,19.071528321128472,68.4898371877964,41.831648314254636
101135,David Lee,829,24293.066666666666,2010,Pace-and-Space Small-Ball,81.81436548267514,74.93403970078013,34.49344858439393,56.37884653325842,65.47621616238936,54.50935142373454
101136,Salim Stoudamire,157,2671.6983333333333,2000,Isolation Half-Court,43.000080044060844,83.49678534115449,20.873309425620118,55.0726411078594,21.878028712904182,68.46098304427642
101137,Daniel Ewing,127,1683.0583333333332,2000,Isolation Half-Court,30.222816443199015,19.415139505071004,78.28436315190514,73.3248506532347,49.35227651952645,42.05964172304964
101138,Brandon Bass,758,16411.021666666667,2010,Pace-and-Space Small-Ball,62.05728786207246,59.91899773760563,52.99889148282572,23.06874554944106,41.216844954429796,30.76182869665211
101139,CJ Miles,849,17282.796666666665,2010,Pace-and-Space Small-Ball,55.45201789742265,76.91120232895047,54.50757322439987,36.9742094140832,48.863214244464295,51.977357253314025
101141,Ersan Ilyasova,825,18958.286666666667,2010,Pace-and-Space Small-Ball,62.99944977356758,70.27424987025593,53.035977004215425,32.108504860342805,64.36686929215995,52.83446820588128
101142,Ronny Turiaf,473,8018.916666666667,2000,Isolation Half-Court,43.76659782378209,26.9085816099145,40.944892241127256,52.9512465034559,49.935893854019945,68.99008470188582
101143,Travis Diener,179,2660.798333333333,2000,Isolation Half-Court,38.68764853037799,40.51359869583869,20.7072236365437,85.9501400901933,33.62326814356674,83.3365994877788
101144,Von Wafer,200,2473.76,2000,Isolation Half-Court,33.919252593620456,66.40803714362306,68.69397458157492,51.78741035190686,35.636886173119386,41.970041482818594
101145,Monta Ellis,833,29010.26833333333,2010,Pace-and-Space Small-Ball,92.48046836768688,82.42342227863891,34.290790645794644,81.00635213364636,54.63836487715559,61.119432948306375
101150,Lou Williams,1123,27101.956666666665,2010,Pace-and-Space Small-Ball,67.75149945698548,88.65766107645962,37.97948147176977,82.59759553235459,40.2769020444231,56.24476711534202
101153,Mickael Gelabale,145,2347.62,2000,Isolation Half-Court,40.05418085935573,27.165470362590916,41.61775243919582,33.2920037103586,31.116480808930618,48.870820950051055
101154,Andray Blatche,564,12462.4,2000,Isolation Half-Court,62.60587052572164,74.60963874962391,28.698137192007177,55.325483549051604,75.9866866468963,30.8674728165139
101155,Ryan Gomes,487,13462.568333333333,2000,Isolation Half-Court,73.09590289994344,54.81819340003376,14.52969241266843,39.61692670015927,49.05277819318286,46.46044311743549
101158,Orien Greene,131,1554.3816666666667,2000,Isolation Half-Court,30.692293628675976,10.592295726492479,87.33537605143012,72.64921161174267,66.66014490151716,74.45674937268119
101160,Lawrence Roberts,87,1149.4333333333334,2000,Isolation Half-Court,38.11722253947802,29.272711923641282,31.115470410548028,15.27187290221526,78.37693324220123,71.83757497597718
101161,Amir Johnson,870,18321.123333333333,2010,Pace-and-Space Small-Ball,59.32958489934124,38.49752656559011,59.052285157159744,39.59927433355787,60.71710908620409,33.693886431999125
101162,Marcin Gortat,806,20689.413333333334,2010,Pace-and-Space Small-Ball,74.55596565870117,53.499659876033775,55.841267415897555,25.874298940437555,56.174864559957605,41.82323977650961
101177,Fabricio Oberto,336,4869.793333333333,2000,Isolation Half-Court,37.31286239586521,13.612541727080627,65.37885615106521,44.62118742869159,46.926381739514184,25.45518217548714
101179,Ronnie Price,544,7293.1050000000005,2010,Pace-and-Space Small-Ball,34.033039950515494,25.371194579899342,66.16045192287454,78.6978766667076,53.925082987865416,49.797505476295974
101180,Sarunas Jasikevicius,138,2529.8483333333334,2000,Isolation Half-Court,46.11365515140951,56.220452662694996,69.3640661003643,90.67740507604854,29.590266369455527,69.32538268713172
101181,Jose Calderon,895,23642.156666666666,2010,Pace-and-Space Small-Ball,73.42677360757041,41.90358213929626,22.07965303654543,93.31382088770224,37.343519916970415,33.991348691175666
101183,Shavlik Randolph,146,1203.0733333333333,2000,Isolation Half-Court,16.786742094191546,27.1158133835193,76.99622286154425,15.785868920623235,75.67869054517796,58.87864901569125
101187,Alan Anderson,330,6792.318333333334,2010,Pace-and-Space Small-Ball,56.21321905472611,44.98042720064072,59.372307922802754,40.84789924926531,34.05105696601498,26.962161179951025
101189,James Singleton,243,3254.09,2000,Isolation Half-Court,33.921246696231165,31.007247039182634,51.57206351122752,19.888229299480518,69.38308661349959,45.85865673420512
101198,Will Bynum,360,6610.381666666666,2010,Pace-and-Space Small-Ball,48.05542486584156,71.17689802355771,22.258768794485476,93.32978431544741,44.19874134528239,20.854725406571248
101211,Stephen Graham,239,2914.1383333333333,2000,Isolation Half-Court,28.638388200140728,42.85614911781671,47.9792381853872,26.32680764841568,38.51309168833432,48.992140334723636
101214,Jawad Williams,90,1153.4983333333334,2000,Isolation Half-Court,32.000243700236446,28.899708453632858,27.693973499132763,35.9244140321911,28.866704426156634,47.680719383208476
101235,Kelenna Azubuike,208,5024.838333333333,2000,Isolation Half-Court,65.27217278955443,74.87716870956582,11.057164530035289,30.136633908629914,42.92609625959892,94.52832694933971
101236,Chuck Hayes,644,11814.766666666666,2000,Isolation Half-Court,49.94580218246897,10.807482420110867,63.94698596208008,43.98582336764806,80.16993148259685,33.10434898743022
101249,John Lucas III,242,2926.7266666666665,2010,Pace-and-Space Small-Ball,26.721905774985498,55.46976346792048,63.00268552276159,80.51279437863612,30.21972187928718,15.092632928853462
200081,Jamario Moon,286,6452.086666666667,2000,Isolation Half-Court,59.57322753793812,26.19145794598143,39.684412818655105,28.415539769864022,71.36947619236186,31.567050663360675
200745,Andrea Bargnani,550,15806.578333333333,2000,Isolation Half-Court,78.34665453841792,83.77165089650812,17.780623766510526,29.203724846867164,35.57665441978535,36.38647502353005
200746,LaMarcus Aldridge,1076,36241.888333333336,2010,Pace-and-Space Small-Ball,90.60725066475733,90.30696704179668,45.04308856805218,47.784960954844465,50.732342230571504,20.160612048408357
200747,Adam Morrison,161,3277.805,2000,Isolation Half-Court,61.33348901969655,55.13413427612979,24.908914758200083,57.416987686193,16.830698064895532,55.06704528800496
200748,Tyrus Thomas,402,7932.42,2000,Isolation Half-Court,52.608519903675194,60.44830215846379,49.8158115116355,31.177043405834016,80.58801623283672,53.67471612286714
200749,Shelden Williams,361,5585.986666666667,2000,Isolation Half-Court,39.73991336320819,29.606226420703337,36.010688278510145,14.464027990597167,72.26439204791757,39.44208506605874
200750,Brandon Roy,326,11559.933333333334,2000,Isolation Half-Court,90.61376993166436,88.4556204589755,24.76568801988799,83.81901700225669,43.64751921070497,3.6808848510705876
200751,Randy Foye,752,19279.095,2010,Pace-and-Space Small-Ball,69.34447876355722,61.19108890549816,29.693866012981946,73.17324149071987,31.825901816049043,42.86734828841033
200752,Rudy Gay,1120,34560.23,2010,Pace-and-Space Small-Ball,85.63458667412024,83.96585826217047,39.925070626629854,50.4907930628188,64.69260242139742,46.55388609154075
200755,JJ Redick,940,23964.761666666665,2010,Pace-and-Space Small-Ball,72.17485920300567,80.72269837805598,53.24858853736646,54.870124574522265,14.936127900288184,54.61543073096796
200756,Hilton Armstrong,292,3379.175,2000,Isolation Half-Court,25.65024225272007,22.155772661036178,62.072178675361855,15.93584687026982,54.24023088917879,29.202105607460023
200757,Thabo Sefolosha,869,19060.135,2010,Pace-and-Space Small-Ball,60.488066699491675,19.98911672893452,66.91316104805524,42.48071692852472,73.75278880953562,58.082878926609105
200758,Ronnie Brewer,502,11538.405,2000,Isolation Half-Court,64.6626007094164,45.599512617586626,49.056619940253356,52.18002318446207,59.55387110935597,47.67474950921964
200760,Rodney Carney,299,4598.815,2000,Isolation Half-Court,37.19120929867369,61.83704117421137,32.958105651195176,15.688842912252657,50.108467533331066,62.465147510929825
200761,Shawne Williams,314,5367.593333333334,2010,Pace-and-Space Small-Ball,44.212379655054924,38.786615884152795,40.8087674917246,25.031059490433698,45.86950107553247,47.78695352630601
200762,Oleksiy Pecherov,111,1044.0283333333332,2000,Isolation Half-Court,17.219036882328204,71.80749908082282,27.743772739791407,8.855106053075376,53.1894081057395,70.3004784920168
200763,Quincy Douby,143,1536.2416666666668,2000,Isolation Half-Court,22.060329738747043,60.80439865292377,30.18304654987261,49.44061926059595,39.30392634508032,88.83219816020178
200764,Renaldo Balkman,221,3064.57,2000,Isolation Half-Court,33.291753098076434,31.318245131394345,55.18504070840256,29.440186732366904,83.63878952419579,59.75670008305332
200765,Rajon Rondo,957,28570.271666666667,2010,Pace-and-Space Small-Ball,81.89425629588301,37.58393741385735,58.14199329606907,97.35162029409157,70.13981987783116,46.34126498620033
200766,Marcus Williams,203,3094.2483333333334,2000,Isolation Half-Court,36.98671710339986,54.66253568733065,33.288355691433445,93.82464490971114,43.480795973460644,72.30864600303237
200767,Josh Boone,256,4481.545,2000,Isolation Half-Court,46.91235063685569,33.47611291626265,26.92220386022106,14.870908295950738,56.812863497078766,46.95880084941274
200768,Kyle Lowry,1173,36682.58,2010,Pace-and-Space Small-Ball,86.72603679216765,66.93348715614368,50.05354994477215,92.06874115215192,60.0597048615758,40.24224319875734
200769,Shannon Brown,408,7329.026666666667,2010,Pace-and-Space Small-Ball,49.901376335660274,68.2683359785298,53.84328029520956,50.862264585183084,46.456209245696535,35.670688743506346
200770,Jordan Farmar,504,9840.536666666667,2000,Isolation Half-Court,50.86500225763374,60.0114175052685,49.175966610419074,83.25114159950957,48.634391490618796,55.339868285003035
200771,Sergio Rodriguez,353,5279.825,2000,Isolation Half-Court,39.16927984902947,40.966742564682136,30.306758350122124,96.89923957807126,48.664040017471685,45.66445448785315
200776,Mardy Collins,189,2770.9933333333333,2000,Isolation Half-Court,35.58575991398572,23.32643471731535,27.53695167031653,76.98993220415002,54.307116576666694,56.43245402468057
200777,Joel Freeland,151,1821.23,2010,Pace-and-Space Small-Ball,24.76149995847999,17.15336144102365,76.03854227716377,17.761489274021187,48.07894612606233,37.659364955445334
200779,Steve Novak,467,5657.331666666666,2010,Pace-and-Space Small-Ball,35.42333934437888,54.58738518383115,48.84597740345853,11.362899426026324,24.525823127239487,42.15414863625294
200780,Solomon Jones,281,3092.8483333333334,2000,Isolation Half-Court,24.435657471490444,23.695357594314643,32.40646534500515,20.840747213388266,40.54717741999275,61.74776191259785
200782,P.J. Tucker,886,24994.04333333333,2010,Pace-and-Space Small-Ball,79.2209922796363,13.899271731799669,41.891583758988695,26.075101064452642,64.27183827845678,49.457693591041675
200783,Craig Smith,403,6825.525,2000,Isolation Half-Court,42.80763332013318,76.53908118123935,29.78834985112841,37.34338158232434,58.59460239315258,37.67695537551106
200789,Daniel Gibson,397,9315.86,2000,Isolation Half-Court,63.14934837023917,41.8187605304281,50.62961178726677,63.19093099897812,27.90289804492345,23.223897414306084
200792,Alexander Johnson,102,1301.3966666666665,2000,Isolation Half-Court,28.248414481041305,45.476624278245076,6.944850302892566,10.61667682545908,63.91589109068048,51.612579466071914
200794,Paul Millsap,1085,30497.26,2010,Pace-and-Space Small-Ball,78.73350245703841,78.36067840294673,55.57397125481907,57.34400999705457,80.20445929411733,41.80432667069691
200796,Leon Powe,239,3319.37,2000,Isolation Half-Court,32.9402143801482,74.37664180365654,74.17884209509333,14.195505283519084,53.102965811228614,35.18689363718749
200797,Ryan Hollins,518,6134.041666666667,2010,Pace-and-Space Small-Ball,27.40218487071333,33.54694583426645,46.650367819282316,10.877831298082473,28.81503720565882,47.85579834539498
200809,Chris Quinn,241,3303.4683333333332,2000,Isolation Half-Court,37.58044617268912,43.623237017726865,33.58364002683148,84.9006809399753,37.14474193761424,13.47278559604761
200811,Lou Amundson,428,5506.321666666667,2010,Pace-and-Space Small-Ball,30.71161054036871,25.898005386591617,49.27600872972554,19.731882840887568,59.112152975180095,50.6654159324741
200814,Tarence Kinsey,109,1339.61,2000,Isolation Half-Court,38.75298907769166,60.73514663665747,16.53604955967612,26.458168578665877,55.643441275982084,87.1742048250577
200816,Jorge Garbajosa,74,1983.1133333333332,2000,Isolation Half-Court,70.64941213201908,31.4927138972059,56.38087207249992,47.63310334850729,77.38053880492981,46.670157480619814
200821,Yakhouba Diawara,187,2613.6783333333333,2000,Isolation Half-Court,34.75656284029465,18.520654439972635,56.271387264513706,29.614403442653135,17.7444246603304,67.40684000241887
200826,J.J. Barea,831,16286.278333333334,2010,Pace-and-Space Small-Ball,52.570636168534456,74.33195627541747,49.52386991248999,94.34052025950055,27.151202506910042,44.225038353364226
200835,Walter Herrmann,152,1938.6583333333333,2000,Isolation Half-Court,32.96866417161432,70.62378370584071,48.9639680126138,21.81335266040372,36.52748382361273,50.06187047846032
201141,Greg Oden,105,2027.8016666666667,2000,Isolation Half-Court,52.18510104365494,68.92944675345582,27.191065376644023,13.712963634149187,58.931277669021114,2.949163637732907
201142,Kevin Durant,1123,41235.11666666667,2010,Pace-and-Space Small-Ball,96.68582987111651,98.25435532503788,45.724083199953625,77.23663786313003,60.00426617496606,55.60006533105876
201143,Al Horford,1138,35917.058333333334,2010,Pace-and-Space Small-Ball,85.11660092190091,59.54499841234958,55.88854764987258,65.73505360911476,58.82406850864358,31.084081278755807
201144,Mike Conley,1172,36595.09166666667,2010,Pace-and-Space Small-Ball,85.03515680318645,66.75802532732524,54.21618502402874,91.13256635540677,49.71594254753667,26.32618365641049
201145,Jeff Green,1217,33258.92333333333,2010,Pace-and-Space Small-Ball,76.10893859303705,67.88857153443679,35.27205543225365,37.58315961498126,39.037045695883116,47.72861232349669
201146,Yi Jianlian,272,6037.336666666667,2000,Isolation Half-Court,61.80589524721568,50.54432836305663,16.884068575296194,18.58402749583021,54.943126624522684,29.67531566789797
201147,Corey Brewer,819,18771.591666666667,2010,Pace-and-Space Small-Ball,62.767359510061034,52.538055676766874,43.98093792479607,47.57022024760721,60.001958741021944,73.14575221857822
201148,Brandan Wright,428,6948.643333333333,2010,Pace-and-Space Small-Ball,40.68275001467131,66.65156424243534,56.95708102102798,12.684364974758003,53.97109523103373,46.074662992023896
201149,Joakim Noah,672,18644.48,2010,Pace-and-Space Small-Ball,77.98867726873225,34.832724720314125,65.8289218622495,65.43257726990998,68.53813850187494,29.37985345356717
201150,Spencer Hawes,684,15541.633333333333,2010,Pace-and-Space Small-Ball,63.01964448405948,55.40787988206782,36.830083805132105,61.605135367105504,50.04497802794733,48.72659456914419
201151,Acie Law,188,2384.4683333333332,2000,Isolation Half-Court,28.760924285594317,31.480089749119887,35.54467556355304,80.67915408322686,37.9049919071894,49.78102436990112
201152,Thaddeus Young,1172,33012.706666666665,2010,Pace-and-Space Small-Ball,78.98745430538571,66.88581970016659,45.428805905930446,44.134117965362805,72.28708697118174,40.89021569647214
201153,Julian Wright,231,3048.2883333333334,2000,Isolation Half-Court,29.666054101321954,31.6063758387552,49.85084439910252,43.21328915372759,65.01156940964572,35.87429867563971
201154,Al Thornton,296,8274.576666666668,2000,Isolation Half-Court,74.34582522893352,71.4314910640923,14.931793792812034,32.169971614212194,36.48607834259082,35.702148759291866
201155,Rodney Stuckey,651,17889.6,2010,Pace-and-Space Small-Ball,74.60340873241289,75.36222192430932,37.4457464486,81.82546670876184,41.410139815193986,14.493692491823078
201156,Nick Young,720,16419.565000000002,2010,Pace-and-Space Small-Ball,62.83208614817789,81.4741455345387,31.83157612461596,29.310750041640997,23.957757314482418,46.11510005384981
201157,Sean Williams,137,1979.2116666666666,2000,Isolation Half-Court,35.431566184064486,31.730671952455932,32.56608567745133,11.819287335681468,52.88291514034614,60.32359921118533
201158,Marco Belinelli,860,19546.704999999998,2010,Pace-and-Space Small-Ball,62.25735625954318,67.24242603084102,41.212043599357585,53.938025838716676,28.847022887073027,49.11320817111467
201159,Javaris Crittenton,113,1852.2283333333335,2000,Isolation Half-Court,40.783634793557994,40.03994512865187,21.45319443377479,71.70857633987383,51.254462557826876,61.156657752127906
201160,Jason Smith,616,10028.188333333334,2010,Pace-and-Space Small-Ball,42.735010165443505,51.41948715265679,49.14971977811729,30.74895508118722,45.45990898021626,37.23930047256643
201161,Daequan Cook,328,5993.056666666667,2000,Isolation Half-Court,49.433236245430095,48.544720313289574,43.533725894170786,29.1158681168003,33.431846817536226,23.35226719889528
201162,Jared Dudley,904,20116.041666666664,2010,Pace-and-Space Small-Ball,61.986958132057026,38.84801134378577,50.01488816943098,47.73923198686954,50.5672999393061,51.760784470573675
201163,Wilson Chandler,676,20285.401666666665,2010,Pace-and-Space Small-Ball,81.50772022629064,64.15515186584351,25.217994198904726,42.46997051493914,45.921660105683436,66.5800586318721
201164,Rudy Fernandez,249,5964.1466666666665,2000,Isolation Half-Court,62.26124029656105,55.99737097480496,53.32549799957868,68.76961005738733,53.44175024446947,11.851091492076534
201166,Aaron Brooks,645,13439.373333333333,2010,Pace-and-Space Small-Ball,59.25548405914949,75.87137719196966,39.254649184490454,85.2305443164274,25.559039477509458,42.64124072538923
201167,Arron Afflalo,762,20828.696666666667,2010,Pace-and-Space Small-Ball,80.09432309267976,56.137180509681336,33.85092136326318,48.70356756766494,21.38051958378622,33.246824707386715
201168,Tiago Splitter,355,6812.29,2010,Pace-and-Space Small-Ball,51.388208120984274,61.81437346091097,86.10570057536765,44.47104735604063,63.164013736388995,39.33143329120038
201171,Carl Landry,513,11523.243333333334,2010,Pace-and-Space Small-Ball,60.67607697494352,79.45829319151308,36.339414403269856,17.646702745924603,40.23900671519253,33.399711946527
201175,Glen Davis,514,10865.538333333334,2010,Pace-and-Space Small-Ball,59.931832526766904,53.639454972914464,67.29044406669821,30.143471692790065,62.35842085094499,16.09929943094848
201177,Josh McRoberts,433,8271.561666666666,2010,Pace-and-Space Small-Ball,55.84169412114622,23.77715278108768,54.078801829707025,70.80794586315079,53.87427016675393,29.773224999026073
201178,Kyrylo Fesenko,135,1106.765,2000,Isolation Half-Court,12.83877612083595,25.421962258475357,89.67706582024964,19.762166629468304,45.07233287171741,52.96717718691949
201187,Dominic McGuire,342,5349.173333333334,2000,Isolation Half-Court,44.85243209231692,5.797786020410233,28.800626703424044,55.51949171968021,61.81173928794396,32.64632835837347
201188,Marc Gasol,891,28720.608333333334,2010,Pace-and-Space Small-Ball,87.97294256071187,67.08272929970956,54.47956983126934,70.77290790823928,64.77828031906444,20.604463087339784
201189,Aaron Gray,318,3850.2333333333336,2010,Pace-and-Space Small-Ball,26.449511022334086,26.160574050001177,45.51328150727662,37.906294158775275,62.99883489443262,40.34363804259841
201196,Ramon Sessions,691,16117.543333333333,2010,Pace-and-Space Small-Ball,62.939272088550965,70.67329387127687,34.12331077806435,91.14355637534904,40.67033799454203,49.40752423962633
201202,Joel Anthony,490,7057.711666666666,2010,Pace-and-Space Small-Ball,39.96437716115529,3.97913086504011,67.63382501155249,4.945175649100959,33.29876198128353,14.056971850518797
201228,C.J. Watson,600,12093.82,2010,Pace-and-Space Small-Ball,54.010072281170146,48.781498284142,53.114091088493325,76.75185836097016,51.319043814219974,51.12204317560136
201229,Anthony Tolliver,730,14198.27,2010,Pace-and-Space Small-Ball,51.36673561427649,33.023975686194355,47.8730192046031,25.70023419246779,38.81034948340364,54.76335541175262
201274,Ivan Johnson,125,1969.19,2010,Pace-and-Space Small-Ball,36.85431846820647,61.77617923473355,90.52390353698688,27.245289459354424,85.87687242127794,28.145321045040145
201563,Michael Beasley,609,13903.636666666667,2010,Pace-and-Space Small-Ball,63.03076831983321,88.8087806432884,30.349173088812428,47.24535571925325,54.96524051984834,38.70652772482109
201564,O.J. Mayo,547,16920.348333333335,2010,Pace-and-Space Small-Ball,83.56843758792907,73.35341155157722,38.52576309478654,68.79447591788741,43.054109161634386,36.115825362481985
201565,Derrick Rose,723,22052.32,2010,Pace-and-Space Small-Ball,84.42306251519678,89.56856125355557,45.1174526783382,91.28692656525097,25.70089318624098,45.39647521354372
201566,Russell Westbrook,1237,41170.89333333333,2010,Pace-and-Space Small-Ball,90.78784539023938,91.13047905271323,44.05201863243781,97.14782484478418,73.30101903761927,67.01802096001471
201567,Kevin Love,952,27503.921666666665,2010,Pace-and-Space Small-Ball,81.50846535590695,87.10596637770477,39.81786699219998,57.355136390571346,61.702486383637265,47.88156930991564
201568,Danilo Gallinari,777,22408.12,2010,Pace-and-Space Small-Ball,81.05666239950904,82.81009209637686,34.423964359742584,46.356710388052356,48.280159525485615,52.77452537863308
201569,Eric Gordon,925,28885.176666666666,2010,Pace-and-Space Small-Ball,84.79483335790829,77.4500471940936,29.20739213841822,61.224647939649934,24.983790926058415,51.35136005432041
201571,D.J. Augustin,976,22852.033333333333,2010,Pace-and-Space Small-Ball,64.85127125947784,60.0830630649777,40.840510003817386,88.71349283672924,23.25375182739081,32.852180547729354
201572,Brook Lopez,1105,33521.84833333333,2010,Pace-and-Space Small-Ball,82.49581175291358,80.46887809600169,41.5681459769065,31.68213549733355,38.131256973051684,50.3359181781343
201573,Jerryd Bayless,586,12484.746666666666,2010,Pace-and-Space Small-Ball,57.641842170072714,56.27621549778859,41.61450763769971,80.37913959758718,38.50450293794047,25.034138067881226
201574,Jason Thompson,588,14819.318333333333,2010,Pace-and-Space Small-Ball,68.58184269604301,46.37354720380771,26.662465802574623,26.00869739198735,51.756245540240805,46.83349095278789
201575,Brandon Rush,481,10564.234999999999,2010,Pace-and-Space Small-Ball,61.88262651292882,34.54712856371445,29.6934438420299,26.520286323529685,35.80022219696046,60.362981401368195
201576,Anthony Randolph,252,3840.29,2010,Pace-and-Space Small-Ball,38.367100780425965,77.93737327521445,31.658442669817582,35.565006397721085,78.889015039436,82.13180002957687
201577,Robin Lopez,992,20935.373333333333,2010,Pace-and-Space Small-Ball,61.8176754030467,56.936302741526035,43.13312970312793,22.364194075866855,27.137811093607766,43.91956043999674
201578,Marreese Speights,705,10639.123333333333,2010,Pace-and-Space Small-Ball,36.28073207862706,84.46943633030324,55.75368701522607,31.253775022843215,50.496651254888555,50.16036466077394
201579,Roy Hibbert,662,16389.136666666665,2010,Pace-and-Space Small-Ball,68.89801578864214,59.9494754048535,61.371636280702866,40.01877834530601,40.69333359301007,34.20358236909652
201580,JaVale McGee,909,14675.88,2010,Pace-and-Space Small-Ball,45.72352368978338,73.33167920578576,39.46177569835137,10.553465807091438,58.38606621855522,59.06163233412799
201581,JJ Hickson,534,11926.466666666667,2010,Pace-and-Space Small-Ball,63.20178869237275,66.86230764579034,26.521444460941957,25.05977723063565,59.67942183774268,36.49075180467456
201582,Alexis Ajinca,293,3903.778333333333,2010,Pace-and-Space Small-Ball,31.474707110260542,57.57658452308237,59.612846079210875,21.970325905258445,64.1995954396827,36.13133492070591
201583,Ryan Anderson,649,16768.23,2010,Pace-and-Space Small-Ball,73.34772432083341,76.46492210854717,40.43294818618022,18.841573760559854,40.673332105512756,36.350519192497984
201584,Courtney Lee,811,21939.305,2010,Pace-and-Space Small-Ball,74.59324983736148,45.44987894254315,43.252885203984064,44.87424205975324,45.627088766771074,32.95938263866472
201585,Kosta Koufos,686,11271.858333333334,2010,Pace-and-Space Small-Ball,43.783893190373405,42.173318376597145,57.0747677439484,16.42557879954021,63.16971483905311,40.89707588608125
201586,Serge Ibaka,919,25127.21833333333,2010,Pace-and-Space Small-Ball,76.75412357966528,66.90125382621812,57.3912087801133,14.270232657871858,44.83799280147286,45.57671753229204
201587,Nicolas Batum,1131,32635.31333333333,2010,Pace-and-Space Small-Ball,81.46528705671493,41.60652480799024,43.42887384210298,62.02672286496092,57.196915057706455,33.22289426071276
201588,George Hill,915,24500.84833333333,2010,Pace-and-Space Small-Ball,75.06385414681861,54.220291469170085,70.30839611543624,73.63868072874575,42.87530033079574,31.59134431362961
201589,Darrell Arthur,503,8944.163333333334,2010,Pace-and-Space Small-Ball,45.45653546415294,48.89773287203011,60.361918861167126,31.42815965374442,62.040734721842895,46.9984426919244
201590,Donte Greene,253,4260.026666666667,2000,Isolation Half-Court,42.155434645452026,50.404679909426314,35.93016380073878,26.569328597815048,41.16073113270298,73.73490811137891
201591,DJ White,138,2110.0133333333333,2010,Pace-and-Space Small-Ball,39.30670121432651,52.86388320872946,42.34058745521776,27.32586738136345,45.174641069267345,15.322335972185078
201593,Nikola Pekovic,271,6745.533333333333,2010,Pace-and-Space Small-Ball,72.2792146270784,81.75671986856774,49.175555171077676,14.175923075056536,46.40209421449803,36.31480396095384
201595,Joey Dorsey,130,1489.4283333333333,2010,Pace-and-Space Small-Ball,23.12832640977185,11.598831547381911,72.0780339100807,18.297705498186396,87.54933477616828,49.33348534515417
201596,Mario Chalmers,646,17245.181666666667,2010,Pace-and-Space Small-Ball,72.04542257582193,38.45784825196222,63.111083153603495,81.2289968461747,57.641735572658675,21.5656075148646
201599,DeAndre Jordan,1111,27866.976666666666,2010,Pace-and-Space Small-Ball,73.96456871875944,39.25622720352631,40.9273307453581,19.662700033196483,60.131130200346234,41.019313934927204
201600,Omer Asik,471,9217.28,2010,Pace-and-Space Small-Ball,55.900452042125,21.095081118066723,67.6255155315973,11.805938224208559,57.35183789144074,35.12804257946492
201601,Luc Mbah a Moute,689,16038.365,2010,Pace-and-Space Small-Ball,62.70942222999802,22.156501580204182,69.91138252510778,20.794417082145465,59.584323088997266,39.208758337222015
201602,Kyle Weaver,73,1379.4733333333334,2000,Isolation Half-Court,48.53500436546695,21.368121137865934,41.97612702898284,62.290762507344674,54.727093618622426,80.36550702281787
201603,Sonny Weems,183,3334.5466666666666,2010,Pace-and-Space Small-Ball,50.596689346603874,49.851570343247644,13.568708226798512,58.354475126557645,36.46895998670336,63.59025762137635
201604,Chris Douglas-Roberts,222,4379.628333333333,2000,Isolation Half-Court,53.7173989142323,50.134963049837125,48.621613013725145,47.46982000319124,41.67069154197841,28.7367030843263
201609,Goran Dragic,946,25602.465,2010,Pace-and-Space Small-Ball,78.39943120557875,77.8369507355684,43.817372261873366,89.74788296409355,42.065073059044224,46.118473530043765
201611,Henry Walker,181,3015.85,2010,Pace-and-Space Small-Ball,46.515186100805145,47.76095119677881,60.42105405423282,35.955883653998626,51.611435367069106,57.93424515678537
201616,Darnell Jackson,138,1037.7533333333333,2000,Isolation Half-Court,11.83879955464565,31.618837007400803,42.57254770258535,11.198586158097596,37.95122017907844,61.866454392945194
201627,Anthony Morrow,564,12281.113333333333,2010,Pace-and-Space Small-Ball,61.455701293081034,70.42549714669795,39.22307976148951,23.684959741023658,30.015455404430334,50.07242666302685
201628,Bobby Brown,158,1688.5200000000002,2000,Isolation Half-Court,25.620702315561072,67.21566268621682,8.78541156316785,83.73735254849217,21.27026689553015,68.88559821119343
201632,Hamed Haddadi,151,1055.7316666666666,2010,Pace-and-Space Small-Ball,11.025866708558484,36.319333844132785,77.78624987284422,23.92445297189016,50.4173409548715,60.57911470766847
201814,Gary Forbes,111,1503.8633333333332,2010,Pace-and-Space Small-Ball,29.17437300047316,67.21814371564798,47.30117808598309,55.496383741654306,49.24442554252512,45.71574916188051
201858,Cartier Martin,243,3350.7916666666665,2010,Pace-and-Space Small-Ball,35.358805864326854,50.63663769040193,70.73051759628856,20.03231792103662,47.7416448674655,41.249812476016956
201880,Greg Stiemsma,203,3047.855,2010,Pace-and-Space Small-Ball,37.235479571317974,9.448457691179252,70.76961022985341,14.89280632035957,74.5684881944406,17.373268788938507
201933,Blake Griffin,765,24385.338333333333,2010,Pace-and-Space Small-Ball,90.04758379680501,88.96419938065299,46.44905145815376,80.1535668210713,61.20136930712242,34.445274978658574
201934,Hasheem Thabeet,224,2357.5983333333334,2010,Pace-and-Space Small-Ball,21.578455630025967,9.551408277578476,53.18480558210723,3.6576997988301243,57.13982409499464,53.207475389275984
201935,James Harden,1151,40009.43666666667,2010,Pace-and-Space Small-Ball,94.46993852253301,92.29429722055355,42.197667579814215,92.54619712592145,68.88697822442876,43.88583893742506
201936,Tyreke Evans,594,18242.28,2010,Pace-and-Space Small-Ball,84.96435030339028,84.36418235732931,30.30844404560921,88.3210589075326,65.25978017633496,35.30136050626666
201937,Ricky Rubio,698,20693.805,2010,Pace-and-Space Small-Ball,81.96281356354947,46.057831229390125,50.618834716604184,96.92594464287627,70.53300263201807,55.40242178687783
201938,Jonny Flynn,163,3738.4216666666666,2000,Isolation Half-Court,61.71187701792368,61.043472352148655,7.141078515167556,88.99393491177959,38.623728106700604,72.70135928580984
201939,Stephen Curry,1026,34976.22833333333,2010,Pace-and-Space Small-Ball,92.37274574114473,96.12635816662178,53.307209051391304,91.60257395003819,60.83209804702816,71.9189200879542
201941,Jordan Hill,409,7691.153333333334,2010,Pace-and-Space Small-Ball,50.967050566211945,64.6472813334809,34.135814583983255,29.129039902756364,53.81577402825283,42.40494282090939
201942,DeMar DeRozan,1187,41227.62333333334,2010,Pace-and-Space Small-Ball,94.96920439999732,90.76788797992563,32.46026533346964,73.72346552177453,43.04756141542475,31.17521687491444
201943,Brandon Jennings,555,16842.601666666666,2010,Pace-and-Space Small-Ball,84.78355690123264,74.26808665410562,45.742603346937074,93.03092848698024,49.239892112752884,38.24437040597482
201944,Terrence Williams,153,2921.501666666667,2000,Isolation Half-Court,49.135875282329124,54.484338809440054,30.74316138550959,82.11227913407168,62.8646585405605,44.3511095246113
201945,Gerald Henderson,535,13854.483333333332,2010,Pace-and-Space Small-Ball,74.58389247475876,67.5011264603097,46.99329035686647,59.415422831954444,38.210420614032614,24.98898376213273
201946,Tyler Hansbrough,428,7231.683333333333,2010,Pace-and-Space Small-Ball,44.20728359142985,56.9009787345451,67.4301020643333,11.757834207928905,57.29891890274366,25.675641509066846
201947,Earl Clark,261,3631.1066666666666,2010,Pace-and-Space Small-Ball,37.404760962292826,32.94610927036286,48.400911538794375,21.86536484702046,50.976658707306434,39.81515360611263
201948,Austin Daye,293,4131.996666666667,2010,Pace-and-Space Small-Ball,35.356946427678324,50.26297390710827,39.58210035758791,37.91130978153595,60.25858050033596,26.13932125416308
201949,James Johnson,786,15561.413333333332,2010,Pace-and-Space Small-Ball,55.38360374675772,49.64559730324959,50.91345021796335,68.37894747721184,63.79833987501315,41.08765402933364
201950,Jrue Holiday,1037,34157.945,2010,Pace-and-Space Small-Ball,90.30867091360054,73.00216071310695,53.964659542190404,90.12207418656475,54.875611618214,49.01152023910045
201951,Ty Lawson,551,16086.913333333334,2010,Pace-and-Space Small-Ball,82.18647331746496,67.72103518559229,37.65145604316611,93.18382792029611,44.54638030906248,57.333544965267436
201952,Jeff Teague,826,22163.56333333333,2010,Pace-and-Space Small-Ball,78.77556565268108,71.1210740302158,50.88362978838592,93.41959088608711,47.96196241183702,48.41402347799334
201953,Eric Maynor,267,3895.153333333333,2010,Pace-and-Space Small-Ball,33.41751921225349,26.811766370944085,65.21698604039204,94.37862201092655,33.186541694163175,42.94553484969335
201954,Darren Collison,711,20833.90166666667,2010,Pace-and-Space Small-Ball,79.63530082290278,66.50777582485719,37.46709185102354,88.49277180639761,44.48986802353657,48.4520000698513
201956,Omri Casspi,588,11961.113333333333,2010,Pace-and-Space Small-Ball,54.88378584374819,55.98219724912049,41.98904096148763,38.69970155569305,60.56415559403367,62.35177138613925
201957,Byron Mullens,189,3446.73,2010,Pace-and-Space Small-Ball,57.43468620560804,60.31121316603899,13.75234044371552,35.81533243449923,54.23469780662405,25.732907898283273
201958,Rodrigue Beaubois,182,2895.5216666666665,2010,Pace-and-Space Small-Ball,41.26904361102294,67.79917726107703,75.20655302890573,80.50013165347802,58.458105982883,53.735149161037576
201959,Taj Gibson,1002,23069.905,2010,Pace-and-Space Small-Ball,65.13721868911918,47.50286722744023,58.30765931145629,23.14376091641479,49.52427425892526,30.38710331993595
201960,DeMarre Carroll,578,13674.015,2010,Pace-and-Space Small-Ball,70.29616286740558,51.12843812379659,50.472600581030115,35.292662283172106,61.43227316478723,49.030059546019494
201961,Wayne Ellington,770,16100.433333333332,2010,Pace-and-Space Small-Ball,56.90635413573084,53.34588551059231,45.71034833137119,35.842201962026564,31.643949153970798,44.217104000238805
201962,Toney Douglas,394,7509.38,2010,Pace-and-Space Small-Ball,49.59094464929137,59.551105549221475,44.50350186925242,77.00041088261729,56.11704621978078,53.58718329263885
201963,Christian Eyenga,51,1049.3933333333334,2010,Pace-and-Space Small-Ball,54.03773768666381,30.220797970626908,16.089067863977863,22.89380108456922,53.02588337931425,27.83770011494638
201964,Victor Claver,80,1071.8433333333332,2010,Pace-and-Space Small-Ball,33.13889973557103,13.2402505281261,49.54655215722674,34.05510903861055,51.027757094716655,23.529446802049808
201965,Jeff Ayres,237,2322.1,2010,Pace-and-Space Small-Ball,19.54795545738669,28.317604798903133,56.49399599416819,26.40036730771578,49.12751368370812,46.54782350371413
201967,Dante Cunningham,715,14875.485,2010,Pace-and-Space Small-Ball,56.4391120124021,22.75595774129737,46.27100711904375,15.819807247093019,54.10668534243755,42.10496800598695
201970,Sam Young,249,3965.5733333333333,2010,Pace-and-Space Small-Ball,40.12393509157146,49.51154752123369,55.95568910408694,31.58097805498828,48.65967715397295,41.268220813449524
201971,DeJuan Blair,424,7054.326666666667,2010,Pace-and-Space Small-Ball,44.434004538588624,61.935533255666854,57.00997756434998,33.57408977385012,83.8134124314673,47.4139747720075
201972,Jon Brockman,150,1569.855,2010,Pace-and-Space Small-Ball,21.28811276037893,8.770732531944434,57.39383335891344,13.039703003985442,53.56837808990761,37.05761303599636
201973,Jonas Jerebko,635,11322.98,2010,Pace-and-Space Small-Ball,46.46237056419692,43.37073677298251,47.08159526828762,29.280118806494347,59.657165381384544,36.42413657321002
201974,Derrick Brown,171,2554.0533333333333,2010,Pace-and-Space Small-Ball,41.64059270840558,44.216821165337784,49.88450610091787,37.22499926446905,51.574611562976344,21.585609812227396
201975,Jodie Meeks,539,12110.06,2010,Pace-and-Space Small-Ball,64.56731095640114,61.51108689440286,43.746550420660235,31.232339570921628,40.800540649890564,46.743622426229436
201976,Patrick Beverley,666,17688.296666666665,2010,Pace-and-Space Small-Ball,73.70480976483475,29.671996012575725,49.86632616146214,73.00654604320206,58.55491712921004,51.44662638410057
201977,Marcus Thornton,483,11297.536666666667,2010,Pace-and-Space Small-Ball,64.30109810316723,82.74293321600634,34.45376831961879,47.532254148667406,46.82147598193314,42.96363845547496
201978,Chase Budinger,407,7998.0216666666665,2010,Pace-and-Space Small-Ball,51.00408833964441,59.36263454679446,48.87991395435314,43.69942963665338,48.447070267323056,48.52511179734641
201979,Nick Calathes,129,2010.5116666666668,2010,Pace-and-Space Small-Ball,36.13954389644088,24.94914193836898,91.74542218019106,90.39574044668348,65.59539377736712,19.204568783882475
201980,Danny Green,832,20898.35,2010,Pace-and-Space Small-Ball,69.40310429375727,40.38264884107283,76.71409805040359,37.93453933607544,58.79763311295202,41.84489300125891
201985,AJ Price,261,3929.3433333333332,2010,Pace-and-Space Small-Ball,40.65571274118649,54.9760876802211,78.16997633133182,86.2083917936688,38.24237835909173,35.878531526738705
201986,Nando De Colo,119,1414.6616666666666,2010,Pace-and-Space Small-Ball,23.355066090511688,33.13369601858779,67.0663781870096,83.17887838692175,68.17471751582927,44.0185835362013
201988,Patty Mills,921,18315.53,2010,Pace-and-Space Small-Ball,55.86938656145439,65.17648301471336,60.5841184184929,67.84882330446978,32.29821757743736,59.274546188500985
202066,Garrett Temple,771,15462.458333333334,2010,Pace-and-Space Small-Ball,60.07496588838713,26.216046709528186,49.326492540248736,54.56636928169077,48.77361752431199,54.84265846330393
202083,Wesley Matthews,986,28579.545,2010,Pace-and-Space Small-Ball,82.93904387314981,55.862001102191044,47.69629412742976,45.8005498837511,38.53458242010347,38.86393364914047
202087,Alonzo Gee,417,9069.289999999999,2010,Pace-and-Space Small-Ball,63.19411476412508,30.928046239108884,34.03344986678718,32.75412338251288,61.0850540459804,34.45279438049211
202130,Reggie Williams,206,3735.5283333333336,2010,Pace-and-Space Small-Ball,54.47167178774034,66.91439602561147,23.020673538682335,62.820315954946736,36.84665376689715,41.74065011951038
202178,Sundiata Gaines,113,1310.7233333333334,2010,Pace-and-Space Small-Ball,25.211244593143046,54.539203108172345,66.79863175842628,89.8172502641801,67.12320987351927,33.39598041825518
202322,John Wall,647,22586.616666666665,2010,Pace-and-Space Small-Ball,95.16766646744702,85.06697137699933,49.42219519106354,98.63981975032915,60.98114283699891,49.87749546601856
202323,Evan Turner,705,18938.618333333332,2010,Pace-and-Space Small-Ball,74.2038679442666,45.602345282517625,54.46306673324377,77.83206912417245,55.74884627693514,47.009385383558985
202324,Derrick Favors,790,19201.863333333335,2010,Pace-and-Space Small-Ball,67.78341271261749,65.90113344425353,58.78653508937104,29.400260925843266,68.2146841806919,29.394188646161805
202325,Wesley Johnson,609,13471.281666666666,2010,Pace-and-Space Small-Ball,61.91934708318092,32.12556586085637,37.02952005802598,28.90515208679126,52.694427389441024,60.99926342967781
202326,DeMarcus Cousins,654,19508.95,2010,Pace-and-Space Small-Ball,84.40499862446416,93.83568115267444,37.29853587950915,73.23272735239404,90.46049398151456,48.27581731310627
202327,Ekpe Udoh,384,5693.66,2010,Pace-and-Space Small-Ball,41.13448947750042,13.719570929765787,70.47452604905483,24.544693855863493,46.701197956034875,36.098895108529824
202328,Greg Monroe,646,17670.078333333335,2010,Pace-and-Space Small-Ball,77.85257242633088,76.21164226312631,33.66435901854581,59.50615255913543,81.30405441638241,25.377646576348482
202329,Al-Farouq Aminu,711,17698.091666666667,2010,Pace-and-Space Small-Ball,68.69923487061044,28.106839406155842,47.71109727847408,29.45437117816225,76.53696281269944,41.13863414543817
202330,Gordon Hayward,835,25652.961666666666,2010,Pace-and-Space Small-Ball,86.09751533965249,76.3607813457863,46.514805204882606,74.83202944361489,52.097937822272,33.967969457606934
202331,Paul George,908,30515.378333333334,2010,Pace-and-Space Small-Ball,92.52652556444417,88.80657559110855,62.85511962324701,73.98079348680609,79.80625888781138,36.86670866938647
202332,Cole Aldrich,339,3388.0533333333333,2010,Pace-and-Space Small-Ball,22.75528993864048,33.543502358194246,59.45708644241092,39.20739490543505,81.9606621323127,41.80234307455587
202333,Xavier Henry,185,2905.355,2010,Pace-and-Space Small-Ball,39.09081358989542,44.940135912656785,62.11780636220789,27.4475814758052,46.35077808431927,29.784858077475498
202334,Ed Davis,722,13756.481666666667,2010,Pace-and-Space Small-Ball,51.28740732044677,32.171870634785165,51.91122921076097,22.065767892232937,64.09536023872634,32.22542071841301
202335,Patrick Patterson,719,14920.61,2010,Pace-and-Space Small-Ball,56.89723529404964,33.65374832627439,55.02845238968519,30.216989237824812,46.82291412930119,36.173823840665605
202336,Larry Sanders,238,4634.8983333333335,2010,Pace-and-Space Small-Ball,55.994402995444005,35.5947477718918,79.26867187028776,21.74013425364155,67.48775427584827,29.032540891071903
202337,Luke Babbitt,381,5332.106666666667,2010,Pace-and-Space Small-Ball,32.56655238269658,39.853377819257574,39.425871459885514,23.353697876276645,37.774253654888554,43.45862004559184
202338,Kevin Seraphin,423,6430.655,2010,Pace-and-Space Small-Ball,39.31006796930385,56.34606598098565,65.00416608310606,25.50779353074165,39.32184616104898,26.673843821547155
202339,Eric Bledsoe,756,21019.911666666667,2010,Pace-and-Space Small-Ball,78.7031542082813,74.16995873904904,52.38236811457168,87.66548434954969,61.84440894040205,57.57770396078571
202340,Avery Bradley,660,18151.593333333334,2010,Pace-and-Space Small-Ball,78.85006164454272,56.748358751914395,51.224850002775334,43.60958883085089,42.64530730154929,51.64392619394678
202341,James Anderson,247,4320.731666666667,2010,Pace-and-Space Small-Ball,53.271955793220584,36.61014862748535,42.54005098343884,47.20118972409781,42.89287653071624,72.15834899062449
202343,Elliot Williams,109,1470.44,2010,Pace-and-Space Small-Ball,35.42800314109521,45.3067178035213,45.42974669314576,51.21472108325825,38.52030802540324,73.50540494473735
202344,Trevor Booker,532,10873.106666666667,2010,Pace-and-Space Small-Ball,53.7809557406088,39.051505429529364,50.35767994864616,36.53486985674144,68.05917900366791,36.31523861435311
202347,Quincy Pondexter,355,5530.105,2010,Pace-and-Space Small-Ball,45.06818441128876,24.733708003191058,69.26227848191866,30.582249362619955,26.134785258607145,17.64650480221713
202348,Jordan Crawford,281,6843.068333333334,2010,Pace-and-Space Small-Ball,65.4140999060892,82.20467887581276,42.9757294863872,82.98686781421839,33.55753182313703,34.48265538375156
202349,Greivis Vasquez,401,9518.675,2010,Pace-and-Space Small-Ball,68.22301307992024,51.51978120956386,51.16200052109072,94.1367247394917,35.38858094726522,10.48860170833642
202355,Hassan Whiteside,511,12646.043333333333,2010,Pace-and-Space Small-Ball,71.03622756346027,82.93330222009341,42.08147573811488,11.32411926680672,63.10202435028932,44.00814712735234
202357,Nemanja Bjelica,449,9172.016666666666,2010,Pace-and-Space Small-Ball,55.25193961523472,48.29468829358054,35.259299108531614,58.29188328989868,66.34713683126887,61.382444347192184
202361,Landry Fields,255,6010.413333333334,2010,Pace-and-Space Small-Ball,70.85580138550098,24.738840018454948,49.32615717069583,48.75125103721821,63.77203136457912,34.96542217169787
202362,Lance Stephenson,554,12680.683333333332,2010,Pace-and-Space Small-Ball,66.6143412392285,49.624260914622816,59.11939336432449,78.60539644738674,55.53670337949973,34.419027164678695
202379,Jeremy Evans,250,2626.6133333333332,2010,Pace-and-Space Small-Ball,27.156121800888343,37.95135461485999,57.75238241335817,27.63622793317938,67.00543326784724,31.948814816809524
202388,Donald Sloan,218,3749.42,2010,Pace-and-Space Small-Ball,48.19474672092526,32.37597286685975,48.77352976727139,91.4390973252406,34.19261340912373,26.711409939704687
202389,Timofey Mozgov,454,8181.911666666667,2010,Pace-and-Space Small-Ball,49.18613834174489,50.68062155001122,48.03045562007621,12.725871237596122,46.795295128989835,48.57380242456688
202390,Gary Neal,352,7505.801666666666,2010,Pace-and-Space Small-Ball,55.92825625334737,75.24176723129278,50.450937325446894,59.94401889158026,24.53444414898853,34.344230278409846
202391,Jeremy Lin,480,12217.288333333334,2010,Pace-and-Space Small-Ball,71.4460542591338,71.94186000073572,53.36218433793921,88.22521770445987,50.42247799477256,60.74131200835264
202396,Samardo Samuels,109,1722.165,2010,Pace-and-Space Small-Ball,38.58067577027001,49.222509007775066,61.675737034200615,12.571201747575778,42.62119356478497,22.905675798622607
202397,Ish Smith,805,15492.815,2010,Pace-and-Space Small-Ball,55.5554427790117,48.80034987562303,42.15640335815091,92.39148266600932,50.60327354218821,60.15758146842413
202399,Jeff Adrien,153,2148.958333333333,2010,Pace-and-Space Small-Ball,33.81745962851177,36.42367406429926,45.29807920390159,30.566786956708835,61.22724206545303,29.58507690363992
202407,Elijah Millsap,69,1119.5066666666667,2010,Pace-and-Space Small-Ball,43.97892497535481,16.124748831956264,94.18474047088445,52.528430500379514,73.74854622590072,22.049545614488125
202412,Manny Harris,93,1593.4050000000002,2010,Pace-and-Space Small-Ball,42.789150843048496,46.1054111730395,32.56581698952022,65.37075308513465,52.44056658870128,24.758794481432147
202498,Lance Thomas,399,7323.721666666667,2010,Pace-and-Space Small-Ball,48.84824164113074,23.144954383351912,42.34707816907813,19.073419126911112,29.07440823769769,37.916426967578616
202681,Kyrie Irving,779,26878.18333333333,2010,Pace-and-Space Small-Ball,94.15957795765338,96.14181954643617,32.49787212260946,89.32002680285038,50.09520408779944,39.52930139541191
202682,Derrick Williams,428,8863.086666666666,2010,Pace-and-Space Small-Ball,54.7177839347304,65.09876738510982,42.016089387930684,18.605046908801835,47.291007512287344,40.775545647764844
202683,Enes Freedom,748,16100.516666666666,2010,Pace-and-Space Small-Ball,59.71437644287917,80.76782671090854,30.976357376997864,24.884913940006314,54.559735273223154,39.21124910160526
202684,Tristan Thompson,819,20432.55,2010,Pace-and-Space Small-Ball,72.19278947231744,37.046629052088214,31.599275793884054,20.28157512139196,52.102858377789445,29.6957012661669
202685,Jonas Valanciunas,457,11591.786666666667,2010,Pace-and-Space Small-Ball,69.94606235077312,74.15140238956216,39.84734966309519,33.60574767952279,53.71106995622616,20.597405950938736
202685,Jonas Valančiūnas,480,11966.073333333334,2010,Pace-and-Space Small-Ball,67.37008963141098,85.8089024078068,36.84564485024432,35.7673406337288,56.64927242781901,49.606057833176806
202686,Jan Vesely,162,2455.3016666666667,2010,Pace-and-Space Small-Ball,36.431571095515366,12.868150564596693,73.52546472770139,20.46481980483372,67.61512285922583,26.40852670864216
202687,Bismack Biyombo,867,16912.323333333334,2010,Pace-and-Space Small-Ball,52.40457416326508,18.23771614519124,40.38358469080749,17.64692099243915,48.84312700567504,26.395174254582656
202688,Brandon Knight,451,13202.946666666667,2010,Pace-and-Space Small-Ball,82.80063837416476,75.72448906866039,37.28286571376388,83.64854820667269,37.66050067902946,36.02169412128301
202689,Kemba Walker,750,24809.606666666667,2010,Pace-and-Space Small-Ball,91.1474111092591,88.77419768544316,38.87133410187945,90.07243766452608,50.05579051741907,35.455057664115756
202690,Jimmer Fredette,241,3211.1200000000003,2010,Pace-and-Space Small-Ball,31.770574475946457,69.1012892452982,30.969085570587417,72.98797477349173,29.128256288332476,39.82441591994639
202691,Klay Thompson,865,27806.491666666665,2010,Pace-and-Space Small-Ball,88.61257867937307,89.96540989372843,53.2768867023885,50.463817247469066,32.22307756550519,63.79901193096538
202692,Alec Burks,791,17575.58,2010,Pace-and-Space Small-Ball,62.09981183131014,72.62603313504722,44.26910594027669,61.58545681893894,52.28573363221136,33.84473548221033
202693,Markieff Morris,791,18461.129999999997,2010,Pace-and-Space Small-Ball,66.55431926344451,66.79164438582688,46.64554214697293,48.454590131675914,64.8667522839559,53.8319640043466
202694,Marcus Morris Sr.,832,22093.02333333333,2010,Pace-and-Space Small-Ball,75.09079702548846,68.8472583362242,38.77173654500854,36.407296900236815,46.75460930508849,42.613445623251884
202695,Kawhi Leonard,733,23282.114999999998,2010,Pace-and-Space Small-Ball,87.48608568000928,86.41579688602641,66.79852467057859,64.33711814573499,81.63572738887315,30.48960951836835
202696,Nikola Vučević,972,30502.478333333333,2010,Pace-and-Space Small-Ball,87.04276900933448,83.41623877778238,32.31282127616106,64.90159413322597,69.18886623166729,39.08987663791589
202697,Iman Shumpert,461,11470.818333333333,2010,Pace-and-Space Small-Ball,67.07399873732336,24.892101556702375,54.88252015635456,51.472016499557704,60.26494645731866,33.622141166601104
202698,Chris Singleton,148,2604.6716666666666,2010,Pace-and-Space Small-Ball,46.4547653905578,12.362206673861133,78.5418383000772,17.10698665206209,73.3343796748397,25.98387425128841
202699,Tobias Harris,970,30727.646666666667,2010,Pace-and-Space Small-Ball,88.6002613781651,79.75555918640708,41.705402234508604,52.822158082107464,55.08451071021563,36.89825444738075
202700,Donatas Motiejunas,251,4564.836666666666,2010,Pace-and-Space Small-Ball,52.099907776635305,58.622716029695475,65.02001490561481,44.90927216032839,51.050162716479555,57.735475228089875
202702,Kenneth Faried,478,11728.078333333333,2010,Pace-and-Space Small-Ball,67.18143917510763,74.6575091219142,28.590542688221095,22.55161473669484,71.10897433105599,50.760450850642094
202703,Nikola Mirotic,319,7718.318333333334,2010,Pace-and-Space Small-Ball,65.108382539079,82.39821612353616,57.30345772871057,36.16033434406097,70.41091925365944,60.73972997698093
202704,Reggie Jackson,884,21858.498333333333,2010,Pace-and-Space Small-Ball,70.46736542024352,76.43469596283424,53.80711347473711,87.55050523224992,34.36841598457728,34.285567866642566
202705,MarShon Brooks,200,3456.035,2010,Pace-and-Space Small-Ball,53.37830771078162,72.3478195702782,43.07449122491602,66.8148795771885,44.26884237806775,21.85237281403133
202706,Jordan Hamilton,151,2100.02,2010,Pace-and-Space Small-Ball,36.97546973323876,64.07715051699451,48.06654240356151,44.69554247275485,65.79164613102732,61.86925561782408
202708,Norris Cole,360,8019.301666666666,2010,Pace-and-Space Small-Ball,60.00753796934122,31.381507513224076,54.79982459227268,78.51737288512457,42.69000002446216,16.50697612184314
202709,Cory Joseph,866,18296.336666666666,2010,Pace-and-Space Small-Ball,59.09340289159931,31.56548860117227,50.080674629280814,78.93927513318938,44.44692550315486,43.289782784308024
202710,Jimmy Butler III,869,28788.885,2010,Pace-and-Space Small-Ball,92.31061770151506,81.8344457119048,57.56660757288021,77.4311136141843,64.56615974413779,24.971215545619838
202711,Bojan Bogdanovic,719,20889.416666666664,2010,Pace-and-Space Small-Ball,79.85217166574112,82.09984983996495,33.823801451373754,37.94337608322234,27.642610739516414,48.14084780970384
202713,Kyle Singler,356,7795.1866666666665,2010,Pace-and-Space Small-Ball,63.497185592921014,27.291891084299138,42.670883092295576,15.680103515619622,34.3896645349254,35.584563775962046
202714,Shelvin Mack,456,8393.083333333334,2010,Pace-and-Space Small-Ball,48.13933473766503,44.790170456746885,58.228234042257505,89.83205347532532,49.10509920722897,34.14608630259668
202718,Chandler Parsons,440,13246.933333333332,2010,Pace-and-Space Small-Ball,84.8194996753874,63.8136819843498,49.537393694908715,65.74512688696201,52.79579971371663,41.57126865331165
202719,Jeremy Tyler,104,1034.145,2010,Pace-and-Space Small-Ball,22.198349542416416,45.96198457629907,27.91481524277736,8.419791142270052,54.33553480964812,38.421359225523396
202720,Jon Leuer,377,5944.664999999999,2010,Pace-and-Space Small-Ball,43.740157997075336,58.76084510253353,61.59869501531243,35.20492346575403,56.153815582859046,48.77095002274203
202721,Darius Morris,132,1464.2266666666667,2010,Pace-and-Space Small-Ball,22.984774631831304,25.179141879434095,79.49444076250536,81.99387172383578,31.083251784911994,39.02971608515503
202722,Davis Bertans,475,8544.34,2010,Pace-and-Space Small-Ball,51.18063720576258,62.00235107596468,43.6693015422059,28.283406538538713,38.12940852226664,68.74875121152391
202724,Charles Jenkins,110,1333.8416666666667,2010,Pace-and-Space Small-Ball,32.07139210685046,29.767325229347925,50.627484043901205,86.91490479763306,38.653073659566765,44.94198539583436
202730,Lavoy Allen,388,6904.456666666667,2010,Pace-and-Space Small-Ball,44.95588829889979,18.65161510771412,74.41834722908281,38.07638982597381,45.02408818002519,34.25401793364822
202732,DeAndre Liggins,177,1906.5916666666667,2010,Pace-and-Space Small-Ball,21.851526796102704,6.237588977276382,42.76749772123482,42.97000535216755,68.38845672209636,53.91552336358329
202734,E'Twaun Moore,598,12563.603333333333,2010,Pace-and-Space Small-Ball,61.045976875649174,51.021857804418204,43.03636186072206,58.39446862418567,34.386166710339424,62.53833138142588
202738,Isaiah Thomas,556,15582.18,2010,Pace-and-Space Small-Ball,79.0585905080819,91.25830966215443,36.0321190900958,90.25643276779061,31.550961817264238,59.61997129575774
202951,Jeremy Pargo,86,1123.41,2010,Pace-and-Space Small-Ball,31.067380287179642,48.665884872033665,62.41413339723147,86.80083735418826,23.852922372145173,20.295022204247534
202954,Brad Wanamaker,191,3084.673333333333,2010,Pace-and-Space Small-Ball,42.18508766757867,36.881840309067286,65.02761709967393,81.86852056494396,47.96154040887985,60.43447536122739
202962,Greg Smith,149,1834.4733333333334,2010,Pace-and-Space Small-Ball,28.33049129812794,37.72779747509386,61.427286288886805,7.599037346283243,46.140565981695346,53.53268151575165
202970,Gustavo Ayon,135,2252.2633333333333,2010,Pace-and-Space Small-Ball,41.71840146090867,21.70266889534573,76.06831846580262,57.029325647173025,79.6477193811939,20.02975120717088
203076,Anthony Davis,787,27114.878333333334,2010,Pace-and-Space Small-Ball,94.21034788031466,95.5762175588657,44.06446493753793,55.4963435359222,82.5380631542116,51.91060856070008
203077,Michael Kidd-Gilchrist,446,10978.496666666666,2010,Pace-and-Space Small-Ball,67.97363759607896,40.20770027088008,52.67154424813694,30.01095334669978,56.29190381083027,35.97732828337857
203078,Bradley Beal,801,27559.541666666664,2010,Pace-and-Space Small-Ball,93.87358455399239,89.76558673106325,36.823903970457955,77.85602198825393,42.540985523502854,50.782103305873555
203079,Dion Waiters,419,11835.116666666667,2010,Pace-and-Space Small-Ball,76.87692231295009,73.36755438551495,43.04285638755073,68.82368047916304,39.50844717365451,41.06701427651104
203080,Thomas Robinson,313,4203.253333333333,2010,Pace-and-Space Small-Ball,28.80098756363432,47.092452048210326,33.589037335564605,30.05245935757668,82.57781896650549,47.58778099376065
203081,Damian Lillard,900,32610.06333333333,2010,Pace-and-Space Small-Ball,97.82700036000966,95.15813785587528,31.046284829174194,93.25913877188981,37.3865782566432,49.517526497570394
203082,Terrence Ross,733,17957.165,2010,Pace-and-Space Small-Ball,66.66927777303565,67.24219593767604,37.862787827452564,33.51639786130156,46.07483604595037,42.78946324277317
203083,Andre Drummond,904,24217.851666666666,2010,Pace-and-Space Small-Ball,77.72103099725743,73.07129890834963,35.16870525892772,26.970652480407242,91.32551802495965,34.79119239519593
203084,Harrison Barnes,993,31035.478333333333,2010,Pace-and-Space Small-Ball,86.22318027200004,65.58719151021725,35.539133059011384,33.17078093181691,36.693778071407074,54.75174913070724
203085,Austin Rivers,707,16856.133333333335,2010,Pace-and-Space Small-Ball,65.62531982456983,43.87461163179078,34.41453086801455,60.58813071541161,31.44459513576103,48.58541953795519
203086,Meyers Leonard,456,7270.916666666666,2010,Pace-and-Space Small-Ball,41.1715071549423,42.673626509070765,40.79787535788389,35.70443207354321,47.010044771008005,52.87677796273143
203087,Jeremy Lamb,573,11896.303333333333,2010,Pace-and-Space Small-Ball,58.13889332165528,78.60638902195078,43.14972588444214,57.30460661020875,64.25652584489133,53.11086923889188
203088,Kendall Marshall,160,3083.2833333333333,2010,Pace-and-Space Small-Ball,55.61001229132871,17.14132453892552,29.80870363219488,95.93764889961437,38.694183263730615,63.50342215367688
203089,John Henson,445,8752.106666666667,2010,Pace-and-Space Small-Ball,53.36988296055765,54.10910759697258,46.29571850070823,42.10133863963836,56.003382900815794,36.478112049795
203090,Maurice Harkless,621,14018.566666666666,2010,Pace-and-Space Small-Ball,61.3335883438932,28.634914895716257,35.18353675422912,18.662296729541485,59.39922507649493,53.30299241214727
203092,Tyler Zeller,414,7252.836666666667,2010,Pace-and-Space Small-Ball,48.12268582349943,55.29978804539574,55.74607008191565,34.547314806944065,41.4540819638736,46.85664746287844
203093,Terrence Jones,234,5563.423333333333,2010,Pace-and-Space Small-Ball,65.30877788670577,69.2682354744954,40.023623329804494,27.327822271014263,56.25083987461497,56.67808078128413
203094,Andrew Nicholson,285,4079.8016666666667,2010,Pace-and-Space Small-Ball,33.160926219991666,62.16540261744945,65.70030447420417,16.255218735069207,45.6472549978493,32.96924571506837
203095,Evan Fournier,704,19514.13333333333,2010,Pace-and-Space Small-Ball,79.0943817042074,77.5878927039899,33.953135677335666,63.4678168395451,37.327793702545925,51.8070990768822
203096,Jared Sullinger,269,6531.468333333333,2010,Pace-and-Space Small-Ball,66.47392996598653,68.95491825107139,69.56849364728842,53.471655961726746,65.74491452203958,41.19258745488696
203098,John Jenkins,171,2182.85,2010,Pace-and-Space Small-Ball,27.376913414371707,55.903866829460576,54.43894826418856,50.45139839591134,22.904885393192227,58.60128874270298
203100,Tony Wroten,145,3075.485,2010,Pace-and-Space Small-Ball,63.92915112640103,83.93794112724353,30.75212818734244,86.77443198636094,50.9439843915703,66.4338772103643
203101,Miles Plumlee,346,5658.048333333333,2010,Pace-and-Space Small-Ball,44.21508999741757,28.407178128849427,50.90618001846871,14.245553048251326,60.21726692196455,49.231967643011345
203103,Perry Jones III,143,1675.5149999999999,2010,Pace-and-Space Small-Ball,25.15578226488641,24.223490113605433,59.534735288972655,13.49197935077953,37.24942905496156,45.141645678407485
203105,Festus Ezeli,170,2393.875,2010,Pace-and-Space Small-Ball,31.76798439239572,34.99672778124818,84.36948604739226,9.760132578645857,48.75183276824621,59.17018204429145
203106,Jeffery Taylor,132,2567.0533333333333,2010,Pace-and-Space Small-Ball,50.73969020755738,31.21377928413747,55.25890751973703,29.13358856789747,29.97995003671218,24.73488421512768
203107,Tomas Satoransky,388,8615.91,2010,Pace-and-Space Small-Ball,62.65699596116656,30.415033552853764,36.6693988625687,88.09386304571292,48.64607316588589,56.91362036470681
203109,Jae Crowder,812,20159.291666666668,2010,Pace-and-Space Small-Ball,69.91219030306345,48.1556418186053,54.74815402828438,39.65627443750741,64.47192901151438,63.183645186072575
203110,Draymond Green,881,25281.6,2010,Pace-and-Space Small-Ball,81.00704395938067,28.100408576548126,70.64110799402589,84.90606917491966,83.58676191357993,77.37984639071753
203111,Orlando Johnson,103,1112.7416666666666,2010,Pace-and-Space Small-Ball,20.84730903649401,26.566634582517892,84.49914455137815,50.36927890303145,35.92077818140752,21.557533158759973
203112,Quincy Acy,337,5392.891666666666,2010,Pace-and-Space Small-Ball,39.18982824784889,30.608198399684838,51.26536553696014,22.927360635249585,55.70640458571436,53.733780955330815
203114,Khris Middleton,776,23824.076666666668,2010,Pace-and-Space Small-Ball,85.11506997103122,83.15495251368688,49.429353312017255,75.63057862467022,62.31679767584173,58.445116823848
203115,Will Barton,679,17115.61,2010,Pace-and-Space Small-Ball,74.82719499156995,68.02996530545688,38.444745283440774,69.28325274857382,53.717233131894105,45.01781755134882
203117,Doron Lamb,100,1272.5883333333331,2010,Pace-and-Space Small-Ball,25.757832644409234,18.66920059034852,70.60943390324395,41.824116294468986,14.245875132670983,29.074630618849607
203118,Mike Scott,555,9182.54,2010,Pace-and-Space Small-Ball,41.059073270316674,57.95056944835352,57.12368456115096,37.46292518861815,42.90889718863061,62.82972955795933
203120,Justin Hamilton,113,1961.2166666666662,2010,Pace-and-Space Small-Ball,43.29890213200693,42.65425181489679,15.349197011989949,33.66567547007892,55.09930800175464,60.45468970849123
203121,Darius Miller,271,5358.87,2010,Pace-and-Space Small-Ball,54.67159365037186,28.774153870075544,36.56414943282461,43.42491881110989,22.322448991753674,67.81596628441174
203123,Kostas Papanikolaou,69,1089.445,2010,Pace-and-Space Small-Ball,39.41755602445691,10.6481707402502,75.22955031064811,61.7119670846561,54.90726991623756,45.75235742684294
203124,Kyle O'Quinn,472,6713.299999999999,2010,Pace-and-Space Small-Ball,33.96517780903287,53.122093626344366,47.43534763999516,65.86844960723896,69.11162494179119,48.77824294022776
203133,Robbie Hummel,98,1396.9433333333332,2010,Pace-and-Space Small-Ball,32.28329461088003,18.7631744116798,40.205808963135254,16.792598849604236,48.88291943828745,45.14392465977417
203135,Robert Sacre,189,2745.653333333333,2010,Pace-and-Space Small-Ball,36.37546330418973,23.822800524232274,50.70756876273108,28.618700867151226,43.393248632748694,59.22805677406953
203138,Hollis Thompson,265,6423.698333333333,2010,Pace-and-Space Small-Ball,65.60022958129441,33.39282246038269,40.96432668676746,28.866013250613662,36.81529557726206,65.97134539841923
203141,Mirza Teletovic,324,5765.38,2010,Pace-and-Space Small-Ball,47.27459219447277,70.27798000070092,43.876793894085665,33.372664499776675,42.65837845169677,43.57350538809109
203142,Chris Copeland,171,2109.6466666666665,2010,Pace-and-Space Small-Ball,31.45941295521523,70.98067735120252,54.759814136437505,38.436006009142744,24.474095249140692,20.05450288523422
203143,Pablo Prigioni,270,4564.87,2010,Pace-and-Space Small-Ball,41.406268356411196,8.079542974068412,67.09750963989947,86.7976606801831,58.90092761988709,20.18049947555888
203144,Alexey Shved,182,3270.825,2010,Pace-and-Space Small-Ball,49.91892934764233,57.820872205176336,66.35776893425415,84.31084987296428,41.654108614021986,36.20818131884396
203145,Kent Bazemore,657,13545.76,2010,Pace-and-Space Small-Ball,60.87938240137888,56.827964168961714,51.1134939744043,58.234898605132166,70.39766053184476,73.63185200929972
203148,Brian Roberts,314,5206.961666666667,2010,Pace-and-Space Small-Ball,44.54883661509292,57.1342391942719,47.08825833761121,85.26913476064391,25.749765727454797,20.227721611352944
203156,Henry Sims,135,2541.3,2010,Pace-and-Space Small-Ball,48.36622880036658,60.32331693157055,53.082033097249116,48.349752349263404,64.21087446025359,51.10402479906421
203186,Willie Reed,152,1884.205,2010,Pace-and-Space Small-Ball,26.081714938797674,57.52626942852961,64.48316420206433,8.250794088045401,50.58304104409721,64.63567317059979
203187,Chris Johnson,147,2274.87,2010,Pace-and-Space Small-Ball,38.133072541315876,24.16060601515776,82.90731005226324,23.3795248647574,53.7104132289744,42.51132601903233
203197,Diante Garrett,90,1196.9766666666667,2010,Pace-and-Space Small-Ball,30.35964289261314,12.790283482888036,62.850763051762115,78.92690168668669,49.79832513604732,23.27682180605295
203200,Justin Holiday,680,15716.671666666667,2010,Pace-and-Space Small-Ball,67.81278394750846,39.28289565750852,38.90955020802216,37.306996039454475,51.59047438227151,64.94366099353384
203210,JaMychal Green,544,10932.545,2010,Pace-and-Space Small-Ball,56.29684057515895,51.16219855732795,42.54122949596586,25.82676430392418,63.89740688830333,46.66505417956385
203382,Aron Baynes,522,8369.996666666666,2010,Pace-and-Space Small-Ball,40.19766145671799,47.73688204384909,69.26069873211773,30.834227059983554,47.19239184540612,58.03623910304725
203457,Nerlens Noel,467,10280.753333333332,2010,Pace-and-Space Small-Ball,62.97170670594705,37.81016494763891,59.95253338991245,34.04891336093943,87.90576473592701,51.29319523554688
203458,Alex Len,690,11754.84,2010,Pace-and-Space Small-Ball,47.55752637317428,53.17378172870404,35.86460157815221,30.832393793032324,55.1556757629731,79.71942833495864
203459,Allen Crabbe,381,9125.141666666666,2010,Pace-and-Space Small-Ball,68.47506499279041,51.76390610063506,33.101604006429916,28.557107657966224,35.538128758578715,71.0825107845775
203460,Andre Roberson,307,6800.855,2010,Pace-and-Space Small-Ball,63.66747511374274,7.650886402275686,71.38669690042407,16.168218961798,63.012388056976754,57.898313370887806
203461,Anthony Bennett,151,1904.8600000000001,2010,Pace-and-Space Small-Ball,29.127033087609526,41.03091052231564,22.765919706533573,26.830519226435754,67.32543397076968,62.76324035475529
203462,Archie Goodwin,165,2395.63,2010,Pace-and-Space Small-Ball,35.995215205625925,67.48857832110724,28.407243867204507,61.32043535551667,41.97843031066335,69.30497716182552
203463,Ben McLemore,556,12533.456666666667,2010,Pace-and-Space Small-Ball,63.50784461233226,56.13568853221397,34.33679305683203,25.697232192548707,33.534767132406444,58.719686310029175
203468,CJ McCollum,787,25263.92,2010,Pace-and-Space Small-Ball,91.18006527074273,91.67223547524722,32.416266070278496,75.75857056369902,35.74478079398582,50.620492199503055
203469,Cody Zeller,552,11509.521666666666,2010,Pace-and-Space Small-Ball,58.55764665715442,50.534729284457015,52.31462839012017,44.546003663869605,64.12976973959668,47.935340938086796
203471,Dennis Schröder,842,23024.245,2010,Pace-and-Space Small-Ball,76.93849593942454,77.77237943104987,47.904194965048596,90.2501496431219,37.527305843252655,48.33461235313301
203473,Dewayne Dedmon,515,8897.046666666667,2010,Pace-and-Space Small-Ball,46.217893139442296,46.12988892364584,53.791553437449465,22.594866936631178,71.21336186210704,52.7203916042382
203476,Gorgui Dieng,628,12626.5,2010,Pace-and-Space Small-Ball,60.554140840190406,45.64256124245959,31.150457543710665,47.12889710134821,78.10576792876927,51.384139115288235
203477,Isaiah Canaan,235,4797.7716666666665,2010,Pace-and-Space Small-Ball,55.314306378439596,57.54617522771436,36.16831697746135,66.9774849794973,35.31970797098895,58.82984602710065
203481,Jeff Withey,207,2072.5316666666668,2010,Pace-and-Space Small-Ball,19.681989049543976,33.72180786631216,65.30892954658765,15.014292597979066,59.23966830894053,31.304710209935873
203482,Kelly Olynyk,800,17999.748333333333,2010,Pace-and-Space Small-Ball,61.031733044537,69.63713805078706,42.822631088679444,68.68765599994498,70.79020046927332,57.37014740831876
203484,Kentavious Caldwell-Pope,912,27034.301666666666,2010,Pace-and-Space Small-Ball,82.17070147511377,48.02116120797513,45.79965915007848,35.589256299454114,46.40463124891486,41.775527598887535
203485,Lorenzo Brown,103,1183.8383333333334,2010,Pace-and-Space Small-Ball,29.348128932486194,14.83300314307595,49.245046717135985,84.29742929902976,63.53629795197713,50.73677890808213
203486,Mason Plumlee,860,18794.190000000002,2010,Pace-and-Space Small-Ball,59.52735281556555,46.454036737039445,28.86877399941358,65.00318595183889,72.69653686827522,48.642674474005595
203487,Michael Carter-Williams,395,9943.43,2010,Pace-and-Space Small-Ball,73.83572443851796,58.41718850873945,48.549184374254224,89.33853938920379,73.84725822691121,56.413853134009095
203488,Mike Muscala,548,8239.83,2010,Pace-and-Space Small-Ball,38.35554209888068,50.519658886371616,55.60469476637046,35.08427012919737,46.24114367120245,75.56554660133644
203489,Nate Wolters,84,1574.8199999999997,2010,Pace-and-Space Small-Ball,53.126892790895965,27.821382768068315,72.13910619324189,79.97551069038988,36.60506695582512,21.375711158285423
203490,Otto Porter Jr.,527,13400.725,2010,Pace-and-Space Small-Ball,74.18448181733277,57.86678698469852,49.039055659070115,36.42774095845952,72.5642262023911,58.36212157273486
203492,Ray McCallum,154,2806.878333333333,2010,Pace-and-Space Small-Ball,48.25648702018863,35.460708932913256,29.023833400598377,81.07739851824311,33.87700501535606,37.95471643647406
203493,Reggie Bullock Jr.,556,12556.945,2020,Positionless Spacing,69.56809727100033,32.84085590926855,45.52894352048092,26.53671598161165,35.18258932437655,33.603137035470866
203496,Robert Covington,614,17331.465,2010,Pace-and-Space Small-Ball,79.7312806453712,51.34260287483423,55.180697216199384,28.893027653051767,81.38886594434521,59.786915254566146
203497,Rudy Gobert,829,25430.46833333333,2010,Pace-and-Space Small-Ball,86.3763934059732,57.21590326265746,74.83812941256062,22.66546276501697,62.88366163872984,31.191308608379817
203498,Shabazz Muhammad,278,4771.045,2010,Pace-and-Space Small-Ball,47.63851976896922,86.09005603901737,19.79856663144951,18.15097612832731,27.18156232000624,50.12515678746381
203499,Shane Larkin,256,4879.376666666667,2010,Pace-and-Space Small-Ball,52.85637773248491,23.868628149872233,43.9715828592749,85.06626925884264,57.32490234895034,32.28160767673949
203500,Steven Adams,764,19738.68,2010,Pace-and-Space Small-Ball,73.39168296404738,39.71576716195486,54.56057577062451,29.42405121931357,64.91195761033998,54.75116577734957
203501,Tim Hardaway Jr.,813,22262.831666666665,2010,Pace-and-Space Small-Ball,75.70675757545021,77.54831053951375,30.605144018501946,45.34557109720683,28.29893247126101,45.02512536699061
203503,Tony Snell,601,13092.38,2010,Pace-and-Space Small-Ball,60.42697327681387,21.81229672411393,43.58973807749611,28.761887170464256,24.710975232410167,43.45389836118263
203504,Trey Burke,498,10400.666666666666,2010,Pace-and-Space Small-Ball,61.777811973504846,71.5326937651383,36.13563657473601,84.05475024842293,26.938221366498915,29.464522188560654
203506,Victor Oladipo,504,16246.953333333333,2010,Pace-and-Space Small-Ball,88.68844017685986,81.69719208187848,53.303306420482585,77.56947681731995,67.45016473175707,46.53922315882741
203507,Giannis Antetokounmpo,859,28233.6,2010,Pace-and-Space Small-Ball,90.33710651382269,88.05850221716909,54.10350455779726,86.61266950405413,76.01972877530388,55.96133796791204
203508,Sergey Karasev,95,1110.47,2010,Pace-and-Space Small-Ball,27.841532014316808,16.31336548720026,65.85232722450696,53.12933472017489,40.78326305344256,53.040821558498116
203512,Lucas Nogueira,141,1753.87,2010,Pace-and-Space Small-Ball,34.677875329814675,16.11256833342428,70.72043563427489,18.457733953605207,75.92613204558053,55.93422721913557
203515,Phil Pressey,148,2015.2383333333335,2010,Pace-and-Space Small-Ball,29.59963139996677,13.513413023670967,77.11818631045271,94.37670473298913,59.80547039912691,47.25166056693885
203516,James Ennis III,395,8021.956666666667,2010,Pace-and-Space Small-Ball,53.960228345319955,34.342728498183774,39.585825394714476,26.161553696739283,49.00437094874303,45.71064815302388
203518,Alex Abrines,174,2777.6566666666668,2010,Pace-and-Space Small-Ball,37.81870429072394,37.33835712950907,45.34134949329595,11.829789049982148,37.42944597127037,69.6468953034597
203521,Matthew Dellavedova,479,9286.998333333333,2010,Pace-and-Space Small-Ball,53.27405463234047,20.47652814212634,55.99496940448526,88.92692472684692,21.214075412186194,41.242742645627985
203524,Solomon Hill,448,9653.948333333334,2010,Pace-and-Space Small-Ball,62.532969552781864,17.262283570653242,49.938226866122946,42.7333747718582,49.363965009889675,53.20769934001618
203526,Raul Neto,435,6764.275,2010,Pace-and-Space Small-Ball,41.580925056850695,43.82023398720391,68.19438677918986,77.15507537904281,46.50349484050654,48.1604408891843
203527,Ryan Kelly,163,3125.0433333333335,2010,Pace-and-Space Small-Ball,53.655312447712255,31.80478270020333,40.86594983948015,49.39882133999224,46.837979936395826,54.92707210760511
203530,Joffrey Lauvergne,208,2823.21,2010,Pace-and-Space Small-Ball,31.471972303669308,61.55406549142614,27.385615679083653,50.454689793649095,55.35260538241347,56.46641496461272
203544,Pero Antic,113,1962.0216666666665,2010,Pace-and-Space Small-Ball,42.39076035951988,46.19340669974955,87.1294547838659,38.16559543885806,41.70566717505873,50.363410300047704
203546,Ian Clark,330,4505.411666666667,2010,Pace-and-Space Small-Ball,35.3291239003279,60.78503994446184,41.5725475626723,59.90541549413772,31.240503387669694,78.60922802457664
203552,Seth Curry,550,12377.148333333334,2020,Positionless Spacing,65.10632004676704,66.02986202406052,48.85778660750505,55.40585733408398,30.503819258851742,38.75863655538857
203584,Troy Daniels,339,5045.786666666667,2010,Pace-and-Space Small-Ball,38.11489077111947,69.91655624094884,33.20094475997589,21.56140556929017,18.95573090288995,65.99237514237385
203585,Rodney McGruder,317,6157.471666666666,2010,Pace-and-Space Small-Ball,52.86132043988215,25.94424101844463,40.43808343467198,38.111686661884114,36.68875892424114,55.81960174525994
203613,Jonathon Simmons,258,5298.808333333333,2010,Pace-and-Space Small-Ball,56.95978677699022,58.25410924385101,47.5603415396751,64.36557518806768,40.38343398312059,63.9330385562857
203648,Thanasis Antetokounmpo,198,1520.9016666666666,2020,Positionless Spacing,15.584328771873851,28.34512975188872,49.461445390579335,44.60430851641614,54.4089153600724,81.00961025893734
203798,PJ Hairston,111,2000.3933333333332,2010,Pace-and-Space Small-Ball,45.59219695845981,36.70494843215898,32.571693274326236,12.1555170288203,43.25983681390654,39.305336867049036
203894,Shabazz Napier,345,5986.5216666666665,2010,Pace-and-Space Small-Ball,47.208740233522086,58.61798889780956,52.60980558798902,81.93655389624402,57.87982991608555,55.56674994797413
203895,Jordan McRae,123,1696.84,2010,Pace-and-Space Small-Ball,36.18112777480387,81.15299051190063,18.5815801531665,64.66002283472339,41.59764611442026,74.69531347094551
203897,Zach LaVine,654,21460.556666666667,2010,Pace-and-Space Small-Ball,90.74702775557618,90.15888039768342,19.88990744453266,77.96336215025066,41.16392840686679,47.093779707995836
203898,Tyler Ennis,186,2337.425,2010,Pace-and-Space Small-Ball,25.655587633427515,37.4208114010833,63.019463580438064,84.90509922841495,52.41273567955521,58.468368023941316
203900,Markel Brown,113,1795.2516666666668,2010,Pace-and-Space Small-Ball,37.68067130857727,35.45693126628431,20.58651970031935,48.9578500528506,59.692433987904266,45.786549597454695
203901,Elfrid Payton,524,13894.25,2010,Pace-and-Space Small-Ball,75.0852415543488,48.080110614488525,31.54564208549301,93.57886807224227,60.67573244316296,54.86250933304188
203903,Jordan Clarkson,753,20823.011666666665,2010,Pace-and-Space Small-Ball,75.9118776971166,88.41497288247824,25.219618014057453,72.10462798883486,37.13935949167479,51.329484239376974
203909,KJ McDaniels,148,2092.7283333333335,2010,Pace-and-Space Small-Ball,42.230177357248515,50.11778032924999,71.98675450674463,33.77307439002179,50.082648052402064,65.32042215517725
203914,Gary Harris,618,16666.691666666666,2010,Pace-and-Space Small-Ball,77.49181654334353,50.760885515933786,34.93749599376067,44.14360656548523,41.87352362922961,48.89577095481795
203915,Spencer Dinwiddie,621,17221.065,2020,Positionless Spacing,77.77620877770882,66.60070504433328,29.76061211233432,90.11590064085001,31.508399507294733,47.92927118615996
203917,Nik Stauskas,343,6700.166666666667,2010,Pace-and-Space Small-Ball,55.01557414254196,39.95989302897043,29.788696823364745,57.128386267215944,25.58286955383256,68.06485378952189
203918,Rodney Hood,448,10977.528333333334,2010,Pace-and-Space Small-Ball,69.56841753001868,63.23664987936848,45.355083040478775,49.97156523209568,36.25805507184579,30.92589616481442
203920,Khem Birch,282,4825.535,2020,Positionless Spacing,46.26391360667377,23.14348012889863,49.93257433949843,32.644821613825926,55.58611262637357,39.8621194751501
203922,Glenn Robinson III,304,5299.331666666667,2010,Pace-and-Space Small-Ball,51.40921952977223,39.30795613279333,37.253748935320786,24.8166437552891,43.521116833067,68.7026071317656
203924,Jerami Grant,719,20053.635,2010,Pace-and-Space Small-Ball,78.9092602247103,66.7675194053088,35.61925587082248,37.87836596990803,37.09288202000882,48.87248591681012
203925,Joe Harris,504,12299.005,2010,Pace-and-Space Small-Ball,71.4645758848819,61.62526894641964,28.208383063163488,41.97337593671678,25.613007434866763,71.8556658588229
203926,Doug McDermott,697,13571.881666666666,2010,Pace-and-Space Small-Ball,54.09469137689646,64.90865150287283,37.831760935082734,25.009094314795263,14.790206914620407,69.40578998671215
203930,Sean Kilpatrick,157,3081.3016666666667,2010,Pace-and-Space Small-Ball,54.22039468639879,86.03580670439757,16.280079819998143,58.56168716915352,40.89765235830816,77.37076535427408
203932,Aaron Gordon,720,21074.596666666665,2010,Pace-and-Space Small-Ball,81.28308735509253,70.63077856337694,40.150855618156776,57.98796319470849,51.07328476357116,46.388723693148265
203933,T.J. Warren,385,10365.230000000001,2010,Pace-and-Space Small-Ball,77.94171072076522,83.74602656812831,24.47816405949383,25.57759246454989,48.746808491636656,74.47849010680083
203935,Marcus Smart,635,18726.0,2010,Pace-and-Space Small-Ball,81.19601851677521,42.63195486183141,62.58022422129324,81.44889241965838,56.687129840767085,60.426492007275236
203937,Kyle Anderson,714,15324.576666666668,2020,Positionless Spacing,60.71210802518378,29.580654660621704,69.0944023054349,73.7493590567717,77.59404059964314,53.615743733903265
203939,Dwight Powell,705,12565.125,2010,Pace-and-Space Small-Ball,48.677647206886355,48.869050939118935,43.99538115213312,34.90245284828098,63.74591872830947,42.901043698835856
203940,Adreian Payne,107,1403.0483333333334,2010,Pace-and-Space Small-Ball,38.863204038999484,28.595690401742818,14.659787296296605,32.471727804971756,67.40256911208856,37.59985466682305
203943,Noah Vonleh,362,5854.883333333333,2010,Pace-and-Space Small-Ball,43.83370210681237,25.26770599075936,37.68922844481255,25.94720275453538,62.10123966596937,58.97589766635111
203944,Julius Randle,710,22737.761666666665,2020,Positionless Spacing,88.23216861255587,87.4641667600027,29.07537744361969,76.62374659624435,57.64658307395309,39.59990463952391
203948,Johnny O'Bryant III,147,1684.4250000000002,2010,Pace-and-Space Small-Ball,22.482734766695234,30.13770173812218,45.607831059052415,24.70504928679689,40.64216189953685,39.84818026593849
203952,Andrew Wiggins,766,25888.846666666668,2010,Pace-and-Space Small-Ball,92.45792189616924,85.34061300616243,30.165124101155698,48.77795821879424,37.675895953010595,52.87023538037554
203953,Jabari Parker,310,8537.033333333335,2010,Pace-and-Space Small-Ball,77.95715219080823,82.18212125455076,22.13930370583271,54.074635375516856,59.131666910717776,58.12202234913686
203954,Joel Embiid,452,14407.696666666667,2020,Positionless Spacing,87.68046039329563,99.29274630691143,70.85271049417693,80.25163039511786,71.84568865289907,48.78554933570463
203957,Dante Exum,320,6005.078333333334,2010,Pace-and-Space Small-Ball,48.84208113161183,37.19578259837206,69.40981233114039,73.7793921918176,25.074503828754047,40.990916950099205
203960,JaKarr Sampson,236,3549.315,2010,Pace-and-Space Small-Ball,35.82747239268835,39.77609618848553,57.64995838092216,30.10827256765928,47.85245803968899,70.2473886657284
203962,Josh Huestis,76,1067.4149999999997,2010,Pace-and-Space Small-Ball,30.321289662863784,6.58229001523172,63.49917037612755,6.027900282055554,30.519784802018613,44.558310237156455
203967,Dario Saric,493,11077.858333333334,2010,Pace-and-Space Small-Ball,63.09240247566167,72.46879331374942,38.5722419092308,57.6371948269786,56.69278446760034,71.09199211636374
203991,Clint Capela,664,17403.3,2020,Positionless Spacing,73.52000513576677,68.6968295949883,39.20898660810601,16.643220601676408,67.21039165885928,60.56823449449576
203992,Bogdan Bogdanović,503,14299.768333333333,2020,Positionless Spacing,77.83915171167783,77.78182619858468,27.56658688242315,69.83798120635439,49.54601727351804,51.032020762294614
203994,Jusuf Nurkić,590,14346.975,2010,Pace-and-Space Small-Ball,67.01993184185248,74.3209021705661,47.696183049802514,65.66507170137054,83.19366520727273,49.77045274727502
203995,Vasilije Micic,101,1960.6383333333333,2020,Positionless Spacing,51.9073279660538,35.74350578542166,39.235415872286914,92.59268014716085,21.000187164376865,7.800897484782343
203998,Bruno Caboclo,105,1293.0516666666667,2010,Pace-and-Space Small-Ball,42.71300189074686,41.576455539019236,46.74034820803819,36.66635811765519,48.520711621559435,71.17133706841261
203999,Nikola Jokić,745,23645.455,2020,Positionless Spacing,88.0090913994116,94.60311714141815,39.27120779796248,95.16492317387657,86.20738705125993,40.55117131732784
204001,Kristaps Porziņģis,501,15404.425,2020,Positionless Spacing,84.34385738072716,92.93020347142624,39.21392477245579,39.399888765521204,56.857528375277575,38.45270273920678
204014,Damjan Rudez,146,1638.24,2010,Pace-and-Space Small-Ball,26.405027402339854,25.030425854604342,66.52732277979675,34.64704049008985,14.369112352889177,42.53318930747277
204020,Tyler Johnson,354,8708.921666666667,2010,Pace-and-Space Small-Ball,68.44117322554258,57.32388297108301,51.40507423044697,65.02495824042047,46.19834939279658,53.8368176904392
204025,Tim Frazier,289,5087.368333333334,2010,Pace-and-Space Small-Ball,45.69701581047692,22.681227727879982,35.6352748819918,94.52259324350743,50.884652835289764,65.80723703940801
204028,Tarik Black,220,3318.3016666666663,2010,Pace-and-Space Small-Ball,36.83483022791807,34.50353880349175,53.11117703565542,15.685429919672298,61.579868105432226,48.229622385063976
204038,Langston Galloway,452,9840.306666666667,2010,Pace-and-Space Small-Ball,61.09516498724483,49.62579569433532,45.062792911912894,51.79800225839056,40.10538778720865,53.119221455222565
204060,Joe Ingles,723,17483.806666666667,2010,Pace-and-Space Small-Ball,69.21066350997712,34.8503194607482,67.53100172911765,80.05261746719431,53.293490820383106,46.92443459057855
204456,T.J. McConnell,706,14923.405,2010,Pace-and-Space Small-Ball,57.02165155037353,40.94206013068988,38.2090491607552,95.53384354354318,66.99064742068558,80.43813887971069
1626143,Jahlil Okafor,248,4829.7733333333335,2010,Pace-and-Space Small-Ball,55.551663574963186,85.77476343458197,19.82364590103977,37.99200536887101,42.49121344445655,59.048143909867086
1626144,Emmanuel Mudiay,302,7185.3133333333335,2010,Pace-and-Space Small-Ball,66.54522971519087,73.41761363391377,16.288886869558123,86.89493222646922,44.21927385064815,72.82505754394198
1626145,Tyus Jones,682,14423.888333333332,2020,Positionless Spacing,58.629034627409794,42.350575725289055,35.877654132651536,92.14129211224942,49.09203911401112,61.1928527754551
1626147,Justin Anderson,242,3279.95,2010,Pace-and-Space Small-Ball,31.641900888484194,54.7770566697581,40.365798056286465,37.82749591069466,60.57105526600567,63.29725813197405
1626149,Montrezl Harrell,515,10544.381666666666,2010,Pace-and-Space Small-Ball,58.058477846254,88.35063926468939,47.679324305337765,46.602515912111144,51.80494092073134,67.17761598962646
1626150,Andrew Harrison,145,2985.93,2010,Pace-and-Space Small-Ball,55.35723293043817,39.359934760241806,45.751034406041626,81.98969588574758,38.76236149124767,25.152916436068317
1626153,Delon Wright,548,11174.298333333334,2020,Positionless Spacing,56.25618088898938,34.71423709132398,53.532835216333666,80.26871149318553,66.65359771178305,45.01252973615958
1626155,Sam Dekker,201,3097.476666666667,2010,Pace-and-Space Small-Ball,37.935875137175,43.678346261710445,40.53255101738883,30.428126997111985,54.87693354491361,83.83611815453375
1626156,D'Angelo Russell,629,18744.968333333334,2020,Positionless Spacing,81.86271902480551,87.05214628443693,27.136983405367673,92.48184589042897,46.36881719645914,68.14874607780813
1626157,Karl-Anthony Towns,645,21970.403333333332,2010,Pace-and-Space Small-Ball,93.09621421510191,95.4818244358686,27.884636897315634,65.1210336579667,63.734264383812565,46.705826693830154
1626158,Richaun Holmes,489,9357.228333333333,2010,Pace-and-Space Small-Ball,55.04963209283584,67.03576005134244,26.28404229575083,29.889073564478885,60.34228890034304,65.24828861047492
1626159,Justise Winslow,344,8907.153333333334,2010,Pace-and-Space Small-Ball,72.60769067719477,33.09377155690631,68.74423562180962,61.836336833964666,64.87832912336172,52.253181690813015
1626161,Willie Cauley-Stein,422,9274.878333333334,2010,Pace-and-Space Small-Ball,61.13457756978356,56.37823822638616,32.1678063016346,43.3415251440171,76.81787636439093,61.369334215322844
1626162,Kelly Oubre Jr.,655,17743.21,2020,Positionless Spacing,77.9746229875568,73.24866889789055,28.822599371804298,19.84852482970693,64.64737020170875,62.082719307266274
1626163,Frank Kaminsky,413,8159.498333333333,2010,Pace-and-Space Small-Ball,55.136325753369086,68.26515673319678,39.213251546585774,58.46423061699194,47.46468685155989,57.96776048345424
1626164,Devin Booker,673,23148.976666666666,2020,Positionless Spacing,94.22044837444095,95.89844095769297,24.17032776440884,85.18428197663575,33.1794593606885,54.436916697368424
1626166,Cameron Payne,477,8355.978333333333,2020,Positionless Spacing,46.27688208582254,64.25782698581439,54.64999041599515,88.7739931793005,48.365418023574236,53.72955744779463
1626167,Myles Turner,642,18454.295,2010,Pace-and-Space Small-Ball,78.73264600846368,74.72615032312237,45.06747382799081,21.270291403051136,56.918777047110034,51.27479312296597
1626168,Trey Lyles,650,11971.013333333332,2010,Pace-and-Space Small-Ball,47.640586182099845,55.84923676643936,39.671340093764364,36.10888613545512,54.94544820443498,48.0737621476855
1626169,Stanley Johnson,449,8877.773333333333,2010,Pace-and-Space Small-Ball,54.92430752387664,31.318593285705724,48.98308292157198,51.309280864318474,66.99685544158966,58.974091801872866
1626170,Jerian Grant,279,4998.658333333333,2010,Pace-and-Space Small-Ball,45.57544985556127,39.229112088463104,39.23989523460921,86.07751324770594,51.20950793698755,51.770594762344196
1626171,Bobby Portis,463,9817.078333333335,2020,Positionless Spacing,57.05153769985428,81.24149048004293,26.940700355624863,37.67176904080866,68.35576305925588,64.73199335410767
1626171,Bobby Portis Jr.,191,5090.451666666666,2020,Positionless Spacing,73.04265149110522,81.25635337578622,56.89072022612016,31.372859707904233,62.488235077679114,59.47605558573929
1626172,Kevon Looney,599,10307.805,2020,Positionless Spacing,46.89515680455758,21.645450080894737,56.677941790860984,54.17127866309798,64.94757301137213,59.35851520356554
1626173,Rashad Vaughn,139,1671.1983333333335,2010,Pace-and-Space Small-Ball,25.6417679130606,16.986002513563676,35.58303137530708,26.014894090321473,39.41490420845276,39.7061804236001
1626174,Christian Wood,339,7856.554999999999,2020,Positionless Spacing,68.75510612758505,85.5450312039085,26.630007931094223,40.677183594870066,62.33358495022039,51.76416917546352
1626178,Rondae Hollis-Jefferson,305,6760.588333333333,2010,Pace-and-Space Small-Ball,60.48230669893331,59.4598821581126,38.22196135962843,62.83183684394258,76.42478575463012,82.08172948295146
1626179,Terry Rozier,665,18359.125,2020,Positionless Spacing,80.72601484271172,74.52880624982727,37.00105540174183,78.31156810476723,52.68012668336762,44.266042715395834
1626181,Norman Powell,617,14938.903333333332,2020,Positionless Spacing,69.70062277201737,81.5701643040653,42.999966911929626,41.849787432500435,44.27832778333859,50.74657487052247
1626184,Chasson Randle,119,1919.4066666666668,2010,Pace-and-Space Small-Ball,41.47263828822405,41.39580901037815,27.87991114621126,69.72985479219159,33.077056693494725,68.2911040752691
1626185,Jarell Martin,184,2926.4683333333332,2010,Pace-and-Space Small-Ball,44.49845408011254,39.85072021191915,45.80066899931029,24.289645007482317,50.47601678042515,50.752544100723924
1626188,Quinn Cook,188,2652.1716666666666,2010,Pace-and-Space Small-Ball,35.777844172296156,72.43035947308144,29.37071444116396,72.5852682831793,27.233773778094346,71.90076966628114
1626192,Pat Connaughton,595,11438.955,2020,Positionless Spacing,55.14743595371826,27.886315178751943,50.011077017786604,39.42642004859001,45.21908997135299,71.76799034231934
1626195,Willy Hernangomez,344,5148.593333333333,2010,Pace-and-Space Small-Ball,36.991437426694894,76.77001502679488,35.13843825629395,50.76085116591199,70.71729007109363,70.56922083451325
1626196,Josh Richardson,554,15814.671666666665,2010,Pace-and-Space Small-Ball,79.83813482700597,55.79384369875775,47.896851952719175,61.45046474340766,41.71815321145896,44.33234651836644
1626202,Joe Young,127,1076.7933333333333,2010,Pace-and-Space Small-Ball,15.619234400905391,57.131599140991646,50.68690093856192,67.97614189480954,40.96095615273877,66.7924017520501
1626203,Treveon Graham,180,2883.135,2010,Pace-and-Space Small-Ball,41.440101078699875,16.999081639817675,27.950290054265924,28.363790384060213,35.60257914728005,77.64318453121372
1626204,Larry Nance Jr.,546,12587.366666666667,2010,Pace-and-Space Small-Ball,62.96690064963734,35.32090674769286,43.07377542199877,51.98159922779887,85.13647090227451,50.48884879945626
1626209,Mario Hezonja,330,6107.855,2010,Pace-and-Space Small-Ball,47.49138876338138,50.10202644209761,26.33361177483423,51.2593642511063,66.88447511495879,65.23275465691985
1626220,Royce O'Neale,600,15716.493333333332,2020,Positionless Spacing,73.5975493396401,18.10879298835825,54.00376939216,54.996638045270835,60.032901508653644,40.5124393191034
1626224,Cedi Osman,476,10816.091666666667,2020,Positionless Spacing,66.31106176319989,56.55336649963557,26.691445982084566,57.55334726078214,45.30568040720563,46.93100754545132
1626245,Cristiano Felicio,252,3553.89,2010,Pace-and-Space Small-Ball,34.414227806673246,28.528996118665408,32.47802775093509,32.35651835381689,50.847818726483304,58.84623845221481
1626246,Boban Marjanovic,331,2882.7316666666666,2010,Pace-and-Space Small-Ball,15.847605325341991,94.17703285805763,61.00418657053836,35.856349638141545,62.67286387712632,62.316854265647706
1626257,Salah Mejri,204,2430.1966666666667,2010,Pace-and-Space Small-Ball,23.157127393326626,24.137575337943343,63.44274654126524,21.868771868026005,71.83055998105199,37.08477350961991
1626273,Marcelo Huertas,76,1105.3783333333333,2010,Pace-and-Space Small-Ball,34.419985894115705,18.875298839261863,65.21543668644304,95.27722945536277,41.41258377880366,44.831158744979675
1627098,Malcolm Delaney,127,2261.7166666666667,2010,Pace-and-Space Small-Ball,44.025301612061135,33.65893505464963,62.76284118294399,86.23142578937399,43.951636551448566,63.29527657983849
1627732,Ben Simmons,383,11909.595,2010,Pace-and-Space Small-Ball,86.87464838432867,61.59464151584121,46.92169076209357,96.21868300324228,81.87511052289436,67.44984501786554
1627733,Dragan Bender,187,3754.7816666666668,2010,Pace-and-Space Small-Ball,54.4236147165727,19.30430529099894,18.241382389617797,40.71312043233838,40.94027532588787,82.95007183240696
1627734,Domantas Sabonis,646,19898.441666666666,2020,Positionless Spacing,86.81555188706852,79.54400763349726,39.1000002018128,81.45367004598678,65.27605436980436,45.38236866672793
1627736,Malik Beasley,578,13738.789999999999,2020,Positionless Spacing,69.24427919013243,72.7274851306219,38.820455438633154,32.42624857504804,37.67048789452699,73.0976884344108
1627737,Marquese Chriss,292,5337.585,2010,Pace-and-Space Small-Ball,49.363359527397634,61.42867252538,14.123065509705018,34.99666302731771,74.32381700067049,81.10931075156124
1627738,Deyonta Davis,107,1299.158333333333,2010,Pace-and-Space Small-Ball,29.26335345012916,43.589654265495234,30.30025677163954,21.158241156273544,47.311478845762956,68.42999885026848
1627739,Kris Dunn,407,9497.198333333334,2010,Pace-and-Space Small-Ball,65.02156932192054,34.63875540191952,32.70357770625737,83.66466450761632,71.94292767703034,58.88141413698444
1627741,Buddy Hield,714,20179.739999999998,2020,Positionless Spacing,78.40750685944842,81.29179459483774,22.59665420497743,58.52905177559862,49.81439904571411,59.79703029006429
1627742,Brandon Ingram,495,16315.136666666665,2020,Positionless Spacing,90.56632586705994,83.86003372994772,28.384935042027415,77.36730840987894,41.985836552744374,51.09971987624618
1627745,Damian Jones,279,3779.85,2020,Positionless Spacing,35.50971748239646,41.59995598415713,29.43733882881929,28.206174468057153,51.233839134298925,66.20935487262861
1627746,Skal Labissiere,152,2607.11,2010,Pace-and-Space Small-Ball,46.331468530169104,61.419917628592614,27.493685429932672,39.937435713622264,49.27968610914025,62.06662037235624
1627747,Caris LeVert,524,14550.52,2020,Positionless Spacing,76.3214016948647,74.32590855275107,37.85032675785925,81.42441158805171,54.44248808321264,56.13693960046096
1627748,Thon Maker,263,3624.94,2010,Pace-and-Space Small-Ball,31.72143220654698,37.976395994903186,31.261937145745726,25.868411202712036,52.32284710760255,52.641152460563504
1627749,Dejounte Murray,503,14745.403333333332,2020,Positionless Spacing,85.31915445647226,78.57778740880174,35.41857919300124,88.95007317277997,79.62506463051977,56.15326229286831
1627750,Jamal Murray,536,16796.898333333334,2010,Pace-and-Space Small-Ball,87.16757548816838,88.4691014656492,30.382814516249493,81.04973381729924,44.00277275423354,41.565569700592874
1627751,Jakob Poeltl,595,13319.511666666665,2020,Positionless Spacing,63.52965564016524,51.62186919807231,43.322516268980245,48.31734453792429,64.69198564732687,52.12247524751461
1627752,Taurean Prince,582,14403.206666666667,2020,Positionless Spacing,69.40965497746468,53.341183830815616,27.019453659419813,43.152267628882576,53.85650928887995,73.58449353093124
1627755,Tyler Ulis,133,2782.02,2010,Pace-and-Space Small-Ball,55.34767841263807,45.50784881418275,20.66384437589629,92.04800003613647,44.46831044764228,80.170262639267
1627756,Denzel Valentine,256,4817.336666666667,2010,Pace-and-Space Small-Ball,53.28849347544976,47.01631224542173,47.67438936472577,63.411870682035584,65.056084697737,56.664049976300284
1627758,Ron Baker,96,1393.6916666666666,2010,Pace-and-Space Small-Ball,33.58790637201527,10.641053936743328,50.89334557791496,74.36917485100608,54.101813442290464,49.47754407859971
1627759,Jaylen Brown,603,18464.541666666668,2020,Positionless Spacing,86.43071359301435,88.82245079617915,53.63787462099279,58.18965177103287,59.79012896981761,43.54808092365133
1627761,DeAndre' Bembry,296,5670.501666666667,2010,Pace-and-Space Small-Ball,52.10147472854825,28.35354813262301,39.113674532019445,61.12609301974016,70.44749067143351,74.3518011579235
1627763,Malcolm Brogdon,463,13480.766666666666,2010,Pace-and-Space Small-Ball,80.3233159775161,80.69409379303796,44.534315647262446,85.32869640063143,42.66963513573007,47.765188192928925
1627767,Cheick Diallo,183,2184.423333333333,2010,Pace-and-Space Small-Ball,24.055216958470687,69.72539865606642,18.67889752539479,16.778633749067247,67.52557496426677,89.85703507850909
1627774,Jake Layman,243,3099.0266666666666,2010,Pace-and-Space Small-Ball,37.96558059875088,50.48115337893715,48.765185152451224,18.12018062947911,42.90685207066365,81.77631714041861
1627775,Patrick McCaw,199,3373.9366666666665,2010,Pace-and-Space Small-Ball,43.61657638398889,11.125102569931693,35.88364885595384,53.256961968831746,44.26374600478622,79.92873002771128
1627777,Georges Niang,544,9494.973333333333,2020,Positionless Spacing,50.410108545401584,59.45199562720338,46.32626234479451,29.954809468222166,32.91183696226749,46.904307898226705
1627780,Gary Payton II,270,4030.568333333333,2020,Positionless Spacing,38.38926185420569,42.09518324570074,58.8749815806639,45.23914759360162,72.3868150213615,59.12847417728011
1627782,Wayne Selden,127,2385.0533333333333,2010,Pace-and-Space Small-Ball,48.22024162652746,52.218987166853026,15.877368453227335,58.027275630967225,28.456659189392738,69.06654908683713
1627783,Pascal Siakam,629,19637.745,2020,Positionless Spacing,88.34456461366963,83.8343264671276,51.29746671551958,71.18532759951964,61.180991551914786,43.98326513143284
1627785,Isaiah Whitehead,89,1823.1299999999999,2010,Pace-and-Space Small-Ball,55.582821334510726,41.72283992949156,41.064134745696556,74.86189217159539,34.10363366623676,81.39050107661387
1627786,Troy Williams,72,1175.7616666666668,2010,Pace-and-Space Small-Ball,39.34374266099341,47.23143197221612,23.209322974354574,24.60675739574218,65.08644400778687,69.8396234732761
1627788,Furkan Korkmaz,328,5446.651666666667,2020,Positionless Spacing,47.15078757421189,56.87239186805809,61.15228418446544,44.46065563437932,43.69433083503759,63.271533546778784
1627789,Timothe Luwawu-Cabarrot,328,5253.5,2010,Pace-and-Space Small-Ball,39.235565514650304,46.12295731921382,45.812799548637614,32.87913043535791,33.80877567085548,82.67991584852616
1627790,Ante Zizic,113,1516.83,2010,Pace-and-Space Small-Ball,36.22004439914377,70.050371765244,12.539137934038424,24.40054337172933,50.32572189228408,69.03379433831098
1627812,Yogi Ferrell,259,5211.886666666667,2010,Pace-and-Space Small-Ball,58.75706158391147,53.0351827666671,47.10647352322356,73.31870869373084,42.332277366921524,57.937958446759076
1627814,Damion Lee,315,6188.03,2020,Positionless Spacing,57.61441743487533,52.55387852822516,60.039345095433504,41.21007925804344,57.01969047859311,65.42357003817567
1627819,Isaiah Taylor,71,1219.0116666666668,2010,Pace-and-Space Small-Ball,41.8417348735773,50.89716278773483,57.34240675521076,87.47564729354849,27.422080658340136,81.85037089025235
1627820,Tyrone Wallace,112,1714.2033333333334,2010,Pace-and-Space Small-Ball,48.056289302192816,36.84475238421875,43.43087551417098,49.476058121406446,50.19332157626759,90.4631078703225
1627823,Juancho Hernangomez,339,5268.736666666667,2010,Pace-and-Space Small-Ball,38.85803674045952,34.14136493977309,23.55467553678314,14.854551361459697,54.88483291452895,63.7847315236428
1627824,Guerschon Yabusele,144,2380.596666666667,2020,Positionless Spacing,60.49891061027431,50.4526015398656,21.841488415792654,49.22549160338576,57.41497508027738,19.931715837073185
1627826,Ivica Zubac,584,13431.703333333333,2020,Positionless Spacing,66.40096177689117,63.66594097048502,52.457407830963795,34.53525423378407,53.778258037423356,30.787123458100908
1627827,Dorian Finney-Smith,591,16521.263333333332,2020,Positionless Spacing,77.61922155130866,23.42259486304017,39.03582933005072,24.689108498393836,43.88819418656581,25.954252568988277
1627832,Fred VanVleet,550,17193.594999999998,2020,Positionless Spacing,90.41473268354005,71.53593168654409,58.034894197280806,89.09726063398077,55.149116315431506,31.58749162273845
1627835,Paul Zipser,98,1667.38,2010,Pace-and-Space Small-Ball,41.98356836553242,19.840840426742428,43.98235686459798,30.21433826727511,42.46284392063739,45.055245985848984
1627846,Abdel Nader,202,2582.6233333333334,2010,Pace-and-Space Small-Ball,28.15999104186341,44.55093478404098,53.46343878142464,22.81956101862739,48.83345926416213,82.94899673617101
1627851,Mindaugas Kuzminskas,69,1018.1583333333332,2010,Pace-and-Space Small-Ball,33.78619831390077,64.35503321820514,47.97659431308851,50.00298665703071,31.472434058844456,60.21532394642901
1627853,Ryan Arcidiacono,257,3939.58,2010,Pace-and-Space Small-Ball,46.09752785163308,18.15624175903016,41.16714003656552,73.10967628826967,44.46151515828552,67.24704126146969
1627854,Bryn Forbes,431,8581.56,2010,Pace-and-Space Small-Ball,56.90245437165727,65.59039658937672,37.36747065397766,37.72116134926712,17.35684824189446,65.49724691617772
1627863,Danuel House Jr.,294,6270.17,2010,Pace-and-Space Small-Ball,61.545257190886815,37.347375973133204,39.950142596042134,28.244147682769455,40.9734092081975,71.29039286460142
1627884,Derrick Jones Jr.,497,10086.183333333332,2020,Positionless Spacing,55.56985122520748,39.7751459311967,48.862290703491716,11.395380479723691,46.36793458730931,52.108235881740946
1627885,Shaquille Harrison,183,2779.6633333333334,2010,Pace-and-Space Small-Ball,40.38515609465636,41.601594168952005,43.13251676786291,67.21110781325984,76.88518841631206,79.92206852613826
1627936,Alex Caruso,417,9287.621666666666,2020,Positionless Spacing,61.873143881193045,26.661031070179106,77.62852257637799,71.74214440605523,62.765226658950205,47.801587983280115
1628021,David Nwaba,237,4583.3533333333335,2010,Pace-and-Space Small-Ball,52.18874632811743,41.630573987004794,33.42485502435252,32.367325667248004,65.54620278749685,69.64125133678203
1628035,Alfonzo McKinnie,182,2114.5766666666664,2010,Pace-and-Space Small-Ball,27.524206255866275,37.88975605993534,27.379742207912372,7.317506524904472,47.18151223615136,78.35619989024747
1628365,Markelle Fultz,255,6122.6466666666665,2020,Positionless Spacing,68.82242618147724,62.77196916470348,38.37343033749974,89.06148323464663,58.165494529175966,59.91452425724458
1628366,Lonzo Ball,287,8964.423333333332,2010,Pace-and-Space Small-Ball,86.53351657104896,43.488172731111625,42.93257049180455,86.81493412513305,72.79968090633993,74.9796253726109
1628367,Josh Jackson,291,6718.338333333333,2010,Pace-and-Space Small-Ball,63.041572372880175,76.63872820172301,30.91954642813503,58.6710112333324,63.654100227643475,71.15277570079049
1628368,De'Aaron Fox,531,17660.50833333333,2020,Positionless Spacing,91.47393850140213,91.06858349942169,17.542223364779712,91.08344430005691,54.777758219685175,69.76171607739913
1628369,Jayson Tatum,585,20184.595,2020,Positionless Spacing,94.36318107222154,92.8398090122643,62.448544443531894,70.0104934382078,67.66123472970233,35.993374183009216
1628370,Malik Monk,523,11943.195,2020,Positionless Spacing,64.63505766933864,83.16115337923318,26.933339682424897,78.07063756916598,35.84719267103289,66.28191763027533
1628371,Jonathan Isaac,276,5640.15,2010,Pace-and-Space Small-Ball,58.02866540886447,46.670423217293646,59.21373573305844,16.68436622149477,77.17171025574565,49.136162065093295
1628372,Dennis Smith Jr.,326,7602.035,2010,Pace-and-Space Small-Ball,65.91523010526336,56.6722538925047,43.06778261247005,92.36580646813765,57.85508158422556,55.61244796583995
1628373,Frank Ntilikina,321,5453.076666666667,2010,Pace-and-Space Small-Ball,46.68561996820334,21.377346515992297,49.259287578825045,73.10780442150552,45.61592799974223,58.32866165342845
1628374,Lauri Markkanen,450,13956.836666666666,2020,Positionless Spacing,85.29000950631423,87.09324042510832,28.016772932277227,25.679242569949395,53.991632182142524,54.750201971364305
1628378,Donovan Mitchell,539,18244.46,2020,Positionless Spacing,92.74354933422256,97.31172102774639,58.15901891468138,83.98311421367481,54.22423072985895,45.470111081198425
1628379,Luke Kennard,460,10758.531666666666,2020,Positionless Spacing,64.57816411108561,59.06059944484179,43.909675496123654,59.81406454036937,34.13294750883038,42.351001772590806
1628380,Zach Collins,378,7136.518333333333,2020,Positionless Spacing,50.37032989855952,57.45923453459889,31.197474531076228,56.88177811994552,52.29847032915568,70.01671446629484
1628381,John Collins,472,13738.093333333332,2020,Positionless Spacing,79.92653939495723,82.06625991159854,23.174323206065406,29.257595093180775,55.61997770931679,60.8969189927187
1628382,Justin Jackson,280,4885.621666666667,2010,Pace-and-Space Small-Ball,48.26685790236624,39.68598681408572,28.90529508438089,34.573972588948855,30.28842080894964,72.48189359444514
1628384,OG Anunoby,492,14854.443333333333,2020,Positionless Spacing,85.91249698280622,59.067593359056836,57.4660108690492,30.314131351373,59.263259605236385,35.29096762316264
1628385,Harry Giles III,165,1934.835,2010,Pace-and-Space Small-Ball,27.389506670547988,70.51642033565967,18.735906253948492,63.378980427115074,72.93697716901795,87.79696096151103
1628386,Jarrett Allen,568,16020.278333333332,2020,Positionless Spacing,78.083422445604,67.82166005913697,43.21150208839292,34.37240743718269,60.3265278065488,40.4789853202387
1628388,T.J. Leaf,146,1238.0266666666666,2010,Pace-and-Space Small-Ball,13.334414120241586,53.49378285886866,52.50742568565994,14.472213044861462,43.88581238204712,86.29336628599468
1628389,Bam Adebayo,567,17353.785,2020,Positionless Spacing,86.11850210726828,77.13287871990418,57.52598310787404,75.29341879239409,78.34420874709869,21.81525281772993
1628390,Terrance Ferguson,204,4000.943333333333,2010,Pace-and-Space Small-Ball,57.157455389668726,12.627314475654794,25.83652949935696,12.308577146744652,17.416579352165694,73.44044621226567
1628391,D.J. Wilson,148,1818.2483333333332,2010,Pace-and-Space Small-Ball,33.13419343403834,43.21225612054082,58.559186909813285,39.52303238974339,53.768819880977254,86.37808127144731
1628392,Isaiah Hartenstein,379,7376.185,2020,Positionless Spacing,56.82878374738138,37.53361566550113,70.45714294701746,57.393885494501426,76.68537590206172,39.20561948136469
1628395,Jordan Bell,161,1937.4933333333333,2010,Pace-and-Space Small-Ball,24.95161358349305,29.52881508417261,32.36834784095701,64.22975640703032,63.946008090255404,81.63700648947415
1628396,Tony Bradley,193,2107.278333333333,2020,Positionless Spacing,26.689526459109995,54.20233009876394,54.54320481450701,19.377712013756977,57.227533291152355,74.68033494485611
1628397,Ivan Rabb,85,1236.2916666666665,2010,Pace-and-Space Small-Ball,32.14699406436131,56.37706810823637,16.244329268210215,54.24359598672414,60.55419722057424,60.105237908550336
1628398,Kyle Kuzma,541,16855.583333333332,2020,Positionless Spacing,85.8171439616579,83.4653108343641,31.99484445709941,56.68133971513747,44.259402233867554,63.32000597760048
1628400,Semi Ojeleye,284,4110.89,2010,Pace-and-Space Small-Ball,34.09253144854224,13.257991706859283,59.66306121003326,9.944111650578199,29.794177036477095,54.01785918759832
1628401,Derrick White,494,14079.705,2020,Positionless Spacing,79.89118213674142,67.3300758247497,60.7803016777805,78.695956540041,39.88408629490077,38.623797230962566
1628402,Frank Jackson,214,3873.27,2010,Pace-and-Space Small-Ball,47.82407083253243,72.57978152627042,35.56955884194379,34.62936406995681,20.551630888013587,70.57995795374676
1628404,Josh Hart,530,16128.698333333334,2020,Positionless Spacing,84.17350288159635,35.02126369506839,34.983009306934306,58.494310307307494,71.76031306745071,39.03545253895471
1628407,Dwayne Bacon,207,4011.753333333333,2010,Pace-and-Space Small-Ball,52.996610879319306,47.37506803437856,31.174756427459688,37.5960944073174,38.90829825397092,56.0906181950483
1628408,PJ Dozier,130,2008.81,2020,Positionless Spacing,47.49984870002662,37.664247259609546,68.30768342810428,60.27820318249256,56.2273036806877,41.38642547868237
1628410,Edmond Sumner,161,2256.15,2020,Positionless Spacing,34.003560726689955,62.313279254608396,44.82720685791557,44.23291129848241,45.918317737024104,86.28549654823033
1628411,Wes Iwundu,226,3827.9566666666665,2010,Pace-and-Space Small-Ball,42.05094151712963,17.852468796310234,56.978982166731065,32.922274748057866,42.4209573023345,67.76759650701072
1628412,Frank Mason III,103,1616.6799999999998,2010,Pace-and-Space Small-Ball,39.54063711620673,66.63350007228122,40.499554836324805,87.37338724012628,50.150309529210446,47.115752940014275
1628414,Sindarius Thornwell,160,1721.6533333333334,2010,Pace-and-Space Small-Ball,29.104153246981802,12.435760192807141,59.786700696198594,39.199181544865375,53.8629937115385,78.43518985544807
1628415,Dillon Brooks,492,14502.661666666665,2020,Positionless Spacing,80.97214808949231,70.23435837013318,50.52132116677933,41.68012751873375,35.376933089543506,50.24542415466837
1628416,Tyler Dorsey,107,1680.3133333333335,2010,Pace-and-Space Small-Ball,37.92347062166022,64.97562303033321,24.691367555460612,60.13644175404711,32.17474118350426,81.47252154946446
1628418,Thomas Bryant,333,5911.243333333334,2020,Positionless Spacing,49.47246215485156,78.0918728421366,18.748543006265912,32.91829714357373,54.84885011472135,70.6448367224787
1628420,Monte Morris,420,9810.046666666667,2020,Positionless Spacing,66.07980825924061,55.25517857317156,44.42615252837059,80.68382064653709,36.3386845267466,38.74976541399067
1628422,Damyean Dotson,213,4241.6883333333335,2010,Pace-and-Space Small-Ball,57.04499848598499,49.67784091155249,34.627056441002644,54.35412446462796,39.02025398042711,65.91898061425525
1628425,Sterling Brown,268,4458.9783333333335,2010,Pace-and-Space Small-Ball,43.62570572925644,31.691598242761536,59.60676958167982,36.842801327449855,60.71677582751206,71.49431424885834
1628427,Vlatko Cancar,88,1201.1783333333333,2020,Positionless Spacing,32.78893499501368,28.000503929947556,49.212591063020945,53.52443556192873,41.36286375923563,42.092293713899984
1628432,Davon Reed,122,1299.4750000000001,2020,Positionless Spacing,24.99195035129139,19.935961821379472,57.329944520420305,45.37465013426451,67.63156653303159,57.372225122616676
1628436,Luke Kornet,353,5268.261666666666,2020,Positionless Spacing,37.83534184313767,38.12782675611139,63.07919153854028,44.36136262844502,45.33854996581483,39.80961803331076
1628449,Chris Boucher,407,7216.526666666667,2020,Positionless Spacing,50.00034421500218,75.16697037799103,54.32363699695734,9.343069636004268,63.39796141187981,29.00816027356416
1628462,Milos Teodosic,60,1284.0583333333334,2010,Pace-and-Space Small-Ball,61.330063407948074,49.734300419656954,30.28552731788778,87.80822467886597,24.28015513106611,82.83558485320134
1628464,Daniel Theis,411,7732.360000000001,2020,Positionless Spacing,51.02750019493969,46.98932159638733,55.43055442360128,42.53726782478615,54.98739663804563,52.85346481683058
1628467,Maxi Kleber,440,9826.686666666666,2020,Positionless Spacing,60.895346042982524,24.2454060975506,50.176627879723085,25.117774556802154,40.388614796960084,49.3053291516205
1628469,Antonio Blakeney,76,1142.9366666666665,2010,Pace-and-Space Small-Ball,34.199429057124405,82.3063199401355,14.643975373805858,37.959036717068976,28.204880535480527,74.49537428223296
1628470,Torrey Craig,458,8913.503333333334,2020,Positionless Spacing,52.39344620532923,24.04771817872518,22.594608999499886,25.543338293841728,50.172371216641274,39.73482455123629
1628539,Mychal Mulder,84,1208.9666666666667,2020,Positionless Spacing,38.464586324947376,52.16222112086436,62.038212385155916,8.413241593128557,12.164135161396125,79.91473475407805
1628960,Grayson Allen,403,10228.145,2020,Positionless Spacing,72.83310262266791,55.713441493743304,42.15905686609453,45.882575433531166,37.281325743767226,58.012377354790125
1628963,Marvin Bagley III,289,6468.345,2020,Positionless Spacing,63.362441422202494,82.57313012779059,16.419826660734277,16.0752358406557,51.938283437353725,59.57800525939306
1628964,Mo Bamba,364,6115.110000000001,2020,Positionless Spacing,45.255933825032606,52.559627046399385,43.950805812985195,29.476798243583534,58.91873522627063,40.038250329829125
1628966,Keita Bates-Diop,283,4566.105,2020,Positionless Spacing,43.39908985119582,44.053382262003076,31.944899776943224,27.098236456218693,58.31047910912735,67.90199062143108
1628969,Mikal Bridges,556,18514.818333333333,2020,Positionless Spacing,91.55499448631483,60.057691187928555,39.45076077351555,50.20629047628107,42.7931178760383,35.28738008745346
1628970,Miles Bridges,424,13070.796666666665,2020,Positionless Spacing,85.98404222324763,74.38098567554802,25.10399035569055,57.67404348811483,53.765132358529506,43.94786300940901
1628971,Bruce Brown,457,11374.859999999999,2020,Positionless Spacing,68.76354712699218,39.67811952104046,28.102163300924552,57.90995336569291,60.78153976367159,46.007640863920884
1628972,Troy Brown Jr.,356,6776.183333333333,2020,Positionless Spacing,52.89172892383795,31.878924975670408,29.87068501622306,41.7914757758055,63.894087751103086,68.27125046598847
1628973,Jalen Brunson,487,14240.233333333334,2020,Positionless Spacing,83.50882457481421,85.85901302824503,36.60786398833052,89.79992297134707,30.123796281599702,19.232917354811804
1628975,Jevon Carter,412,6279.4349999999995,2020,Positionless Spacing,40.25895723357328,34.33288429880602,63.92312078067239,63.62049452623585,46.670670784509426,60.82308087200416
1628976,Wendell Carter Jr.,383,10446.585,2020,Positionless Spacing,74.71081753269834,61.52322107662433,53.401120033700806,49.6396580222058,61.677789321124074,36.346976445254015
1628977,Hamidou Diallo,265,4917.39,2020,Positionless Spacing,51.8138700647456,67.30266149748235,55.68410810688553,37.10864712305259,72.40437438288558,63.29408259073602
1628978,Donte DiVincenzo,416,10612.263333333332,2020,Positionless Spacing,70.3988914032092,56.07113200917605,57.72446495484649,65.81505340120354,67.85349256938672,61.460996512478836
1628981,Bruno Fernando,220,2325.0466666666666,2020,Positionless Spacing,25.170580642476143,45.045391950619134,38.80209714025289,45.37952579260828,62.60783666852516,57.59953757375248
1628983,Shai Gilgeous-Alexander,462,15290.006666666666,2020,Positionless Spacing,91.37544951743597,91.74142020056638,40.98207255410827,86.15006286640558,61.048042764520524,67.67416059355551
1628984,Devonte' Graham,336,8358.873333333333,2020,Positionless Spacing,73.40294780676581,64.16809196314594,40.05714524840206,87.43254469874864,33.9103106163657,40.59736655013923
1628988,Aaron Holiday,448,7366.798333333333,2020,Positionless Spacing,43.44587951976616,50.98068759793635,64.3874182874613,69.85537703821815,39.65546672972303,69.76871958142165
1628989,Kevin Huerter,482,13567.353333333333,2020,Positionless Spacing,77.44676087352866,55.32123412864169,25.800105075838474,62.24231258802858,45.325009838470635,57.18358168980352
1628990,Chandler Hutchison,103,1789.5866666666666,2010,Pace-and-Space Small-Ball,46.61847104522685,31.09363730875886,31.673786467953043,21.285555918770275,69.26137977954046,84.29433802615367
1628991,Jaren Jackson Jr.,407,11640.0,2020,Positionless Spacing,78.38902011743716,92.8576529384923,56.02150134751583,30.87917833153508,63.66423836050117,66.4338582414081
1628995,Kevin Knox II,320,5606.53,2010,Pace-and-Space Small-Ball,52.982075712652666,58.913481502585746,19.033082250993083,20.02014075613426,38.97333416670195,77.10750387979394
1628997,Caleb Martin,311,7559.716666666666,2020,Positionless Spacing,68.58588699223205,34.24054198836656,57.41584705316307,40.3501366112587,56.69479995027485,14.057031388520006
1628998,Cody Martin,259,5677.415,2020,Positionless Spacing,60.70958741712942,18.179987917084773,39.36765386440387,60.462987352024946,67.41179069835313,43.214429260765996
1629001,De'Anthony Melton,356,8147.401666666667,2020,Positionless Spacing,62.96225388328984,50.984134020633675,52.11648828077723,68.47666847180972,73.50867313076594,59.52387084015611
1629002,Chimezie Metu,260,3565.4416666666666,2020,Positionless Spacing,39.96400730844872,58.1008927580053,47.314581686820816,28.871138145834596,78.86459430264368,64.75867822230322
1629003,Shake Milton,359,6698.683333333333,2020,Positionless Spacing,51.22897688069232,58.42099350558676,54.52653166488656,75.06732459610926,29.423116592674667,48.82012586224932
1629004,Svi Mykhailiuk,331,5387.085,2020,Positionless Spacing,45.00165171836381,53.59550948544014,42.036046906716976,55.4137518790294,40.62433115186338,60.70033876939809
1629006,Josh Okogie,416,7952.275,2020,Positionless Spacing,52.68179162153213,33.979488874340966,38.56842548371679,32.748904515135905,58.09942408416947,70.31933173447602
1629008,Michael Porter Jr.,345,10036.346666666666,2020,Positionless Spacing,82.11902985613597,83.8593482203371,34.440078794622984,19.268026739584897,49.69871427580397,34.43856839753207
1629010,Jerome Robinson,135,1685.4933333333333,2010,Pace-and-Space Small-Ball,32.60303332016475,33.223754856742815,37.93097496914314,52.21978216921067,47.39475946289731,94.89549850455117
1629011,Mitchell Robinson,337,8119.78,2020,Positionless Spacing,65.75661871822571,32.24151397468201,38.109071540587905,6.954068552861267,73.47038564045697,28.255491152825968
1629012,Collin Sexton,407,12156.925,2020,Positionless Spacing,82.86703722569034,92.32420884762249,11.249121053498776,77.92383596258742,24.232056788043053,54.71569736175348
1629013,Landry Shamet,398,8388.880000000001,2020,Positionless Spacing,58.022406565545765,51.888404570307046,46.439822847304555,42.24533561073313,18.8387743643426,67.98367534221757
1629014,Anfernee Simons,389,10419.086666666666,2020,Positionless Spacing,79.55813946682758,82.6548008616558,20.491159840002933,74.44651905006349,18.5002749622737,30.54630238296417
1629016,Omari Spellman,95,1690.5266666666666,2010,Pace-and-Space Small-Ball,43.7446420569675,52.11591508577713,12.776820529396817,39.09771060625394,66.76236319156534,90.34451174568981
1629018,Gary Trent Jr.,415,11697.42,2020,Positionless Spacing,80.07245417614143,72.87535051678277,26.531757411275176,25.015310697143132,42.85942284219807,37.02473038405841
1629019,Allonzo Trier,88,1749.3016666666667,2010,Pace-and-Space Small-Ball,54.13135480530263,80.0456094679389,18.609431994671848,64.59692353185397,27.175450457235694,79.72190244679982
1629020,Jarred Vanderbilt,309,6177.381666666666,2020,Positionless Spacing,58.55705052667407,20.57452007359976,44.56843305287911,36.563486040950764,89.09374837130613,59.657279680237565
1629021,Moritz Wagner,363,6051.235000000001,2020,Positionless Spacing,43.41205236663837,82.32545607591541,45.17678310474277,51.3057320850491,65.53652699527693,60.80563713529676
1629022,Lonnie Walker IV,342,7025.143333333333,2020,Positionless Spacing,57.52360151440096,72.43766103258227,26.99679511834068,46.19628540916036,33.93712200006815,61.30106834219715
1629023,P.J. Washington,390,11915.833333333332,2020,Positionless Spacing,83.88681838903068,60.11882901575292,32.3075667893191,46.316895997825476,61.32999445519631,53.50224613391577
1629026,Kenrich Williams,391,7776.008333333333,2020,Positionless Spacing,54.068926382509275,30.201009173802134,60.06028704121071,54.03377437907894,67.44128368233208,64.18296757076949
1629027,Trae Young,483,16621.501666666667,2020,Positionless Spacing,94.36173375174361,96.71422741935825,17.05667113832971,99.24377027607007,35.47091666134916,76.32956666438379
1629028,Deandre Ayton,398,12270.713333333333,2020,Positionless Spacing,84.43417088042625,81.97256976437241,32.97640255886422,32.36847028090531,63.852991158637444,36.077641085668276
1629029,Luka Dončić,450,15711.161666666665,2020,Positionless Spacing,95.30231568639223,98.54311729825231,30.62797685232303,98.52274614784218,77.68244691271023,39.08187336195485
1629033,Theo Pinson,127,1081.895,2010,Pace-and-Space Small-Ball,17.848851418100477,32.35921945580062,65.2687220532048,76.8135557642303,53.10111303043863,82.59477615957485
1629048,Goga Bitadze,319,4604.831666666667,2020,Positionless Spacing,38.01898813496466,43.647491307714965,60.90033789700074,49.46010455925274,64.8141429649147,34.132881586659735
1629052,Oshae Brissett,233,4073.8283333333334,2020,Positionless Spacing,50.66996118710084,43.278145206698774,38.741403576172864,16.63909137207779,59.992928886811356,61.23658298558803
1629056,Terence Davis,228,3668.3733333333334,2020,Positionless Spacing,40.52575837324939,76.50381076658364,58.22775609934862,55.060096273463614,67.22385708627817,77.12392008269873
1629057,Robert Williams III,235,4753.826666666667,2020,Positionless Spacing,60.099259111158,37.84958737134461,69.24047970186814,40.81323033368384,75.03770871829722,32.57453652518873
1629059,Elie Okobo,108,1676.8966666666668,2010,Pace-and-Space Small-Ball,37.02549454730205,30.543086083626,15.923256001561482,81.21066126758464,47.636750145241265,76.98330343930633
1629060,Rui Hachimura,337,9345.091666666667,2020,Positionless Spacing,76.90704261080379,68.1779399016353,36.05117328340272,20.05057369582938,43.04233204033411,61.982200665536325
1629065,Ky Bowman,45,1015.1866666666666,2010,Pace-and-Space Small-Ball,59.50547223348196,36.19781110660721,26.834211593027966,80.04661532225374,56.36907174706121,80.28982569922984
1629066,Rodions Kurucs,131,2101.8083333333334,2010,Pace-and-Space Small-Ball,43.95642989796481,49.54842816607199,44.411046968125994,30.880358419746415,61.495079838192815,95.564223409151
1629067,Isaac Bonga,143,1870.3216666666667,2010,Pace-and-Space Small-Ball,37.76541930530597,13.164797240587186,55.00031115996313,35.13479693542966,54.67814648025116,90.30638192176359
1629103,Kelan Martin,96,1267.165,2020,Positionless Spacing,32.163922093473396,57.341933379364384,74.78556944881441,24.334873144909533,43.73874403842464,60.43534320065971
1629109,Gary Clark,170,2238.9583333333335,2010,Pace-and-Space Small-Ball,30.29713458884237,12.220886719796534,36.01181594486173,12.86486445125638,46.978163051453514,66.73046611656372
1629111,Jock Landale,221,2830.711666666667,2020,Positionless Spacing,29.57204458799308,56.32191479454875,73.58736089438634,46.400903759720904,41.00129278392008,70.59988624247637
1629117,Wenyen Gabriel,150,1939.32,2020,Positionless Spacing,31.54449130077353,34.84992650499775,49.97406876017488,10.454658021449504,55.34610013250063,75.64805864492237
1629130,Duncan Robinson,423,11012.565,2020,Positionless Spacing,73.388001095336,62.396143242224014,57.93118321214372,43.13444812639193,24.53635201956384,19.961831109944473
1629134,Kendrick Nunn,193,4576.091666666666,2020,Positionless Spacing,69.99251142290873,80.5686902345335,33.671193479927176,67.29897455846907,36.812508977896165,47.18459324958291
1629139,Yuta Watanabe,213,2839.563333333333,2020,Positionless Spacing,32.70817263355588,27.167506448934894,52.05635140477978,20.40049832105361,51.778473280342,58.23484550805076
1629162,Jordan McLaughlin,288,4049.0283333333336,2020,Positionless Spacing,37.4579703353306,22.060521527463504,66.76311659158038,89.39876940792735,53.68639619368981,76.37961822624082
1629164,Brandon Goodwin,133,1608.6516666666666,2020,Positionless Spacing,28.917536653669874,48.92624426928141,47.932467422634865,87.08244477703263,47.8847248263653,36.50029808518294
1629185,Chris Chiozza,91,1037.7233333333334,2020,Positionless Spacing,25.18706610940568,28.855657500765844,81.4151351234316,92.49032237194086,48.40225453301336,53.797465989134956
1629216,Gabe Vincent,278,5830.195,2020,Positionless Spacing,59.38296843385517,34.32525971149488,60.99554481988242,59.72349619774688,37.091121206184,20.05341215599013
1629234,Drew Eubanks,384,5883.908333333333,2020,Positionless Spacing,41.00846996354672,42.25788514718268,27.808544929804725,38.818505446180545,57.10213597214968,49.68316124574276
1629308,Juan Toscano-Anderson,202,3126.4416666666666,2020,Positionless Spacing,42.00479779595683,15.522040700231692,64.65536408915483,68.22996820959308,67.71983486793033,62.56052557902908
1629312,Haywood Highsmith,218,4356.671666666666,2020,Positionless Spacing,56.718459751589634,15.13470947999426,59.10524973561512,25.219651329265552,54.5405269817027,10.642814598949705
1629599,Amir Coffey,323,5954.335,2020,Positionless Spacing,54.10431231597439,39.186607181594816,42.9566345075564,32.29108216231506,24.558315304672384,37.04114150787297
1629604,CJ Elleby,88,1366.7849999999999,2020,Positionless Spacing,48.65851984346316,21.445300370765437,20.884385134665063,44.41080233253709,54.48092884208829,48.14344179976733
1629610,DaQuan Jeffries,111,1760.1600000000003,2020,Positionless Spacing,50.58408960997867,19.917581412182937,18.285147637445156,21.636840882887228,32.11557003067329,41.53048551650124
1629611,Terance Mann,412,9101.575,2020,Positionless Spacing,63.36872918894116,40.601527666865955,45.5298982277538,52.01488043499166,37.598807388064124,25.37168215639408
1629614,Andrew Nembhard,208,5650.886666666667,2020,Positionless Spacing,74.55439116668133,35.76878335505214,30.517274893629082,82.0402995310345,42.75418417903749,62.97040825159252
1629622,Max Strus,309,7883.7266666666665,2020,Positionless Spacing,73.15056491510147,52.449526039392985,51.15889301632525,53.57774405132977,32.61537895394549,21.012435449914435
1629626,Bol Bol,202,2750.365,2020,Positionless Spacing,41.900622199498585,64.2178921968045,40.8999418276419,20.180978108382938,53.82480937131655,55.2782196880938
1629627,Zion Williamson,214,6714.33,2020,Positionless Spacing,86.17027210808581,97.9020696117587,45.09672370279696,81.99868691797187,57.91603799667001,70.66900386934762
1629628,RJ Barrett,387,12814.895,2020,Positionless Spacing,90.94396450267897,85.19987977259416,33.5876990435524,64.67403096580883,41.79660498685344,36.03622150767698
1629629,Cam Reddish,254,5876.451666666667,2020,Positionless Spacing,64.11562066458677,44.56718475099374,20.128810273597903,24.74967448683656,52.74257800276547,68.63464802504829
1629630,Ja Morant,307,9801.361666666666,2020,Positionless Spacing,87.46314261005601,94.86896796796779,49.971947502150954,97.35262406855097,48.53641583850916,73.3278680105628
1629631,De'Andre Hunter,327,9819.63,2020,Positionless Spacing,82.37541874250024,72.7051712704636,22.048469462928175,23.47912995579596,36.24664397549055,68.97677382955973
1629632,Coby White,422,12566.588333333333,2020,Positionless Spacing,82.99619038284654,76.13751460428946,33.1630772038057,74.60837034363726,35.53103129638826,50.88279697945857
1629633,Jarrett Culver,144,2479.758333333333,2010,Pace-and-Space Small-Ball,49.701803117712835,48.48431249306988,37.067379169587944,45.594500379848625,56.87537455386399,88.96972212709389
1629634,Brandon Clarke,307,6392.13,2020,Positionless Spacing,56.19066735036038,74.00264352670965,64.96152626877735,38.29608466437138,67.71211761731129,83.14854529161052
1629635,Sekou Doumbouya,96,1639.1950000000002,2020,Positionless Spacing,43.900634321332035,31.679798019410143,27.908571579750884,18.788790435245122,48.31378317185027,40.83703180527976
1629636,Darius Garland,382,12692.223333333333,2020,Positionless Spacing,91.30876096172787,83.5761003063545,48.33624132882043,92.95163993458935,36.46563193650581,26.263725441479888
1629637,Jaxson Hayes,367,6020.835,2020,Positionless Spacing,42.86710152761367,55.4020754976735,54.00909831012035,18.630392783306345,56.61596073329279,63.843166866659786
1629638,Nickeil Alexander-Walker,381,7941.446666666667,2020,Positionless Spacing,58.31431961325875,52.88636185316328,60.50315924295931,67.46787229691141,42.625269538925004,39.76697507161413
1629639,Tyler Herro,361,11761.83,2020,Positionless Spacing,89.86342002306013,87.6614906426002,48.06322748715975,78.2594441973905,44.45444617690502,17.603859284413407
1629640,Keldon Johnson,370,10599.798333333334,2020,Positionless Spacing,79.68436866069048,80.56675355715151,25.025851722890753,46.94136901953356,48.33623765618009,60.370928084331
1629641,Romeo Langford,141,2267.8066666666664,2020,Positionless Spacing,41.723954202603686,21.55046699481444,58.559333120670956,17.041478130588313,27.129037347483532,56.625136796674454
1629642,Nassir Little,237,3735.563333333333,2020,Positionless Spacing,44.36458770763004,36.775423040140346,23.064058598234116,19.248282666833063,41.04927676714309,35.86498638229445
1629643,Chuma Okeke,198,4027.775,2020,Positionless Spacing,60.42886705439107,24.771642409494003,56.82708802112264,45.77789608362684,69.73282528659907,45.57940356956121
1629645,Kevin Porter Jr.,271,7410.264999999999,2020,Positionless Spacing,77.86713753328718,77.74860825979258,23.4090443765637,88.24519727419852,60.50674355038586,52.773599113520824
1629646,Charles Bassey,113,1256.5216666666665,2020,Positionless Spacing,25.821060055414247,46.97933102278451,34.530513761188544,42.101116547461075,79.03328492551938,78.41625070022576
1629647,Darius Bazley,237,5535.565,2020,Positionless Spacing,67.275265283927,46.32533838731903,43.327765101991965,28.498063990479025,58.158081061924165,62.235716106825855
1629650,Moses Brown,163,1910.0633333333333,2020,Positionless Spacing,36.402014252157976,61.267354603004065,36.84584652434985,4.667925840287557,70.49282959577451,72.61849872263976
1629651,Nic Claxton,311,8023.23,2020,Positionless Spacing,72.90477186804749,50.80398048487157,39.07766020130909,42.27153097590856,65.406863564882,20.29306133572404
1629652,Luguentz Dort,363,10620.516666666666,2020,Positionless Spacing,80.58960938973739,54.73057715406669,47.89682538219187,25.911091581138834,40.986410030020814,60.97371276672434
1629655,Daniel Gafford,378,7489.118333333334,2020,Positionless Spacing,54.415853880206186,67.86433860281238,30.053244430506666,25.606015051414616,55.11278407360668,56.4538794851125
1629656,Quentin Grimes,243,5945.166666666666,2020,Positionless Spacing,69.1765686759255,54.231893427223184,35.07539933160052,50.67780569873696,42.00418263466295,20.657305250069278
1629659,Talen Horton-Tucker,305,5942.048333333334,2020,Positionless Spacing,54.3131946596213,68.22481924057705,52.740586132136904,78.88282722264591,53.008680693281285,61.3203903686404
1629660,Ty Jerome,229,4139.26,2020,Positionless Spacing,49.559006324449946,65.54250169562789,48.878414948900726,84.75719216323468,44.89130510428183,59.352825528271914
1629661,Cameron Johnson,340,9021.438333333334,2020,Positionless Spacing,73.1701895589604,71.30574249348814,49.15315566849172,45.12669980745942,51.37489153513519,34.594925104653896
1629667,Jalen McDaniels,252,4550.338333333333,2020,Positionless Spacing,51.23261407459424,43.0300245959068,34.683422017355326,37.83955875598065,63.614827816170795,51.48810098454894
1629669,Jaylen Nowell,205,3518.575,2020,Positionless Spacing,45.270223883821146,76.63728697814675,49.316565053926595,67.93334983448189,39.098924732345736,78.51123973523019
1629670,Jordan Nwora,206,3358.3366666666666,2020,Positionless Spacing,44.10153159732915,66.50552113024979,26.66193361471707,36.79516281118692,53.56496318460362,82.03820774002526
1629672,Eric Paschall,158,3085.3183333333336,2010,Pace-and-Space Small-Ball,57.02693376255423,79.44404997599264,26.890360621545696,50.797969022675865,31.377939274639832,66.20799451561786
1629673,Jordan Poole,412,11349.571666666667,2020,Positionless Spacing,76.67720963255825,87.77171379884209,38.1556733599699,80.64362460684006,34.58741985645687,73.76258758045755
1629674,Neemias Queta,110,1344.5966666666666,2020,Positionless Spacing,29.024286893985188,46.20107982946801,71.0090825889888,25.514477995803023,56.11910158844664,11.34439249220967
1629675,Naz Reid,406,8472.291666666666,2020,Positionless Spacing,58.08582490461305,83.9940834164862,61.545647898064935,41.56506723538516,65.29723198264581,57.32589871890643
1629676,Isaiah Roby,151,2858.728333333333,2020,Positionless Spacing,54.679401275443375,51.583751803322876,31.951975174438534,51.11198611733405,72.95457748273942,72.76817453329113
1629678,Admiral Schofield,131,1372.825,2020,Positionless Spacing,24.01839757192224,25.561184737191738,31.893732123743657,34.526854706274655,30.083032370405874,50.54360202597004
1629680,Matisse Thybulle,347,7270.803333333333,2020,Positionless Spacing,57.06877707773144,10.873544420806212,59.7612492975477,23.674130540357403,54.34616263616925,44.964036594454065
1629684,Grant Williams,380,8709.556666666667,2020,Positionless Spacing,64.48981149997333,26.518012271283645,52.92777553068416,33.57065196598013,38.16107527252641,35.926219347475396
1629685,Dylan Windler,101,1090.6816666666666,2020,Positionless Spacing,28.44618076457476,21.82320193061585,67.83413009133136,43.85401051657541,63.374843141924586,37.20893981798101
1629717,Armoni Brooks,84,1468.1383333333333,2020,Positionless Spacing,49.03936979807841,43.158290877861,32.310511961253205,39.813581864593054,39.78823852924166,55.43026029824719
1629723,John Konchar,307,5273.215,2020,Positionless Spacing,47.07322979128314,12.796166742248388,68.23677686412407,44.72804482726661,78.84918027656877,56.6653571871849
1629726,Garrison Mathews,314,5485.125,2020,Positionless Spacing,48.52048946894392,42.18803413540674,30.6728972314862,14.412580563237944,33.78483356662131,75.25735225209306
1629731,Dean Wade,283,5515.795,2020,Positionless Spacing,53.575364600263164,15.622256023888777,73.02517273432836,22.239722101264324,61.60766267868299,27.413768363383735
1629740,Nicolo Melli,105,1608.2716666666665,2010,Pace-and-Space Small-Ball,37.37647367516851,37.39687400944774,39.76229820326796,52.323881286119125,57.32617212233408,59.62787632634055
1629744,Matt Thomas,126,1226.1616666666666,2020,Positionless Spacing,19.59488128268601,55.59532855009995,70.86267058989519,27.021470799792972,26.503281581783742,68.7615944144521
1629750,Javonte Green,263,4429.108333333334,2020,Positionless Spacing,47.66859900452719,27.09540565614488,41.47670981973354,13.12110713628997,69.47130898754791,55.009430608379034
1630162,Anthony Edwards,381,13263.056666666667,2020,Positionless Spacing,95.35106081618629,94.13595016552965,47.81183513712866,75.8712543674973,62.86717953164918,40.2487044052039
1630163,LaMelo Ball,231,7374.219999999999,2020,Positionless Spacing,87.72223523761474,91.91944545963439,26.481665413516783,97.61852145770467,73.59768896391815,73.36553788531678
1630164,James Wiseman,148,2798.7433333333333,2020,Positionless Spacing,50.82456335043502,69.67456572033556,20.527442220459687,16.33225200450531,48.63548172310246,69.49940208626504
1630165,Killian Hayes,216,5640.763333333333,2020,Positionless Spacing,71.6929608530095,25.781134990114126,22.76136595500524,91.94710894925478,55.74197828316474,44.44105516232329
1630166,Deni Avdija,359,9679.1,2020,Positionless Spacing,74.47383540773266,52.066460486937316,34.36075203120649,59.53100326040821,67.00400675371796,53.37333953652349
1630167,Obi Toppin,362,6238.758333333333,2020,Positionless Spacing,46.58428104365134,72.83066912932232,43.31022982777884,40.03211063656762,52.24945381464476,56.683623668922955
1630168,Onyeka Okongwu,307,6910.490000000001,2020,Positionless Spacing,64.0876067721267,58.18486884957263,33.750805289983425,27.37943196451484,66.65447801256668,65.63702154730683
1630169,Tyrese Haliburton,333,10996.591666666667,2020,Positionless Spacing,90.86288192688397,77.5362778100801,16.292713182657298,96.76399660787895,52.7688206582486,57.570044896520386
1630170,Devin Vassell,303,8401.856666666667,2020,Positionless Spacing,78.81412503917653,73.31241487321066,31.163636836402162,56.8840036730047,58.88398624989972,65.35683087058636
1630171,Isaac Okoro,334,8746.963333333333,2020,Positionless Spacing,73.81477671322104,23.965875462681012,54.754911807454505,31.023766339918513,30.862088222327422,13.727413448369543
1630172,Patrick Williams,276,7478.938333333333,2020,Positionless Spacing,74.31416097917247,35.8001875153754,29.95044187204501,23.2874327778674,50.02038406895412,43.826931937256035
1630173,Precious Achiuwa,320,6395.623333333333,2020,Positionless Spacing,55.82259191620583,43.86611519010251,51.71581855772304,22.82686363814126,64.37461626770384,16.41226085329343
1630174,Aaron Nesmith,288,6175.286666666667,2020,Positionless Spacing,62.74059266917675,54.79159487074891,33.04474959274579,17.4542830295225,49.791283055957685,62.611002363603504
1630175,Cole Anthony,320,7935.426666666666,2020,Positionless Spacing,69.6707181570488,76.58814173834193,47.32937500272294,85.78179459629756,53.913555343045424,23.087611982982224
1630177,Theo Maledon,177,3752.775,2020,Positionless Spacing,60.07316509873156,40.37110380599576,28.137916883492448,78.75687964947237,52.68379409463152,67.53009863359914
1630178,Tyrese Maxey,318,10187.703333333333,2020,Positionless Spacing,91.8412387739939,87.30509158008212,41.34484130519972,81.55935139842065,30.163038066282596,13.639857887209466
1630180,Saddiq Bey,292,8803.546666666667,2020,Positionless Spacing,83.29371866323976,68.14091975374151,23.35819686335051,34.07734171711808,49.91648245501967,44.78985473379474
1630181,R.J. Hampton,170,3116.201666666667,2020,Positionless Spacing,49.76401415017799,42.21913673145489,23.39410647860939,65.0529418016004,49.05032777759616,50.922632718951924
1630182,Josh Green,291,6415.041666666666,2020,Positionless Spacing,63.94542635409393,23.340643740774947,38.6273064509556,39.8537827617878,42.437102233625076,37.96256068296344
1630183,Jaden McDaniels,366,10449.801666666666,2020,Positionless Spacing,78.79980170348125,39.27864030130292,53.438471698534855,25.11522913224392,45.2785203472966,39.008014516056505
1630184,Kira Lewis Jr.,131,1744.5866666666666,2020,Positionless Spacing,34.185951290234705,48.1986964548474,71.0431591778685,76.81967883527044,43.020227746045215,70.40716256581166
1630188,Jalen Smith,271,4367.74,2020,Positionless Spacing,43.59004672404174,78.6473229379692,33.563080954782,24.663550929108244,52.035990130129875,74.50130877105356
1630191,Isaiah Stewart,307,7541.195,2020,Positionless Spacing,68.63547447482175,35.3323767507478,45.359408651110854,26.177139578050294,50.434370347096916,38.905385469753945
1630192,Zeke Nnaji,251,3006.7716666666665,2020,Positionless Spacing,28.64056911773469,35.75896116768757,55.15599851091282,10.753523898040589,39.38273605999445,35.82188170841649
1630193,Immanuel Quickley,324,8293.113333333333,2020,Positionless Spacing,71.39050459687306,82.34078431540215,65.10381799104579,81.24476950776466,43.37727403469308,20.142375895766694
1630194,Paul Reed,260,3262.0150000000003,2020,Positionless Spacing,35.17255389907148,47.63015064023554,50.82972212503594,35.157700790809585,86.81378038874998,26.31948116727912
1630197,Aleksej Pokusevski,168,3429.3516666666665,2020,Positionless Spacing,56.1958099848616,39.875309575337354,42.28103890548934,61.32404582626997,60.483277279338864,61.2832616868941
1630198,Isaiah Joe,321,5436.481666666667,2020,Positionless Spacing,47.242925313240164,63.149089149458234,72.44196444322667,35.75314764201037,40.620083030936705,69.36001824904884
1630200,Tre Jones,297,6443.621666666666,2020,Positionless Spacing,65.19206612743562,46.062142167896106,34.43452972219454,93.4978944592092,52.3214542777981,72.37318018372237
1630201,Malachi Flynn,217,3075.9916666666663,2020,Positionless Spacing,36.009460056853385,45.97445876329257,42.114468607828634,77.58193667883732,54.14929716289063,33.85450953330709
1630202,Payton Pritchard,347,7007.943333333333,2020,Positionless Spacing,57.885341193462985,63.79111077741665,68.18907258627493,73.64173244386535,33.2309114365751,11.011739000984216
1630205,Lamar Stevens,220,3348.6566666666663,2020,Positionless Spacing,38.98051732292845,39.7558094290106,63.2964190695021,17.647821980056793,55.84267403278104,15.922828747398652
1630208,Nick Richards,257,4662.396666666667,2020,Positionless Spacing,57.22713839420971,51.71042592467683,17.884244791949232,9.038614883819706,49.72861900940245,29.692417386181425
1630209,Omer Yurtseven,113,1334.5316666666668,2020,Positionless Spacing,26.105976368782805,56.57079434371633,45.008250803616804,37.23969429820082,59.931104895139214,27.89450476959054
1630214,Xavier Tillman,260,4170.791666666666,2020,Positionless Spacing,43.96721634254655,32.253323284284846,70.65616945065095,45.439681377383295,78.36803389776864,50.0521292203904
1630215,Jared Butler,148,2045.688333333333,2020,Positionless Spacing,36.38534098219055,71.92703173692126,35.67245316862535,93.67397626559968,49.79872323593269,71.25773646563593
1630217,Desmond Bane,313,9274.716666666667,2020,Positionless Spacing,82.62950207560665,85.6272864063034,54.93268712468043,71.8261066200863,56.14200678219638,64.27607965315798
1630219,Skylar Mays,105,1111.1216666666667,2020,Positionless Spacing,30.731976612593865,51.216074261453805,32.99827983492564,81.51799606576303,49.34274505808124,36.41392698804759
1630224,Jalen Green,307,10038.37,2020,Positionless Spacing,89.59847470565175,89.88678870442548,25.03872884873484,67.38405311974296,36.28063270493652,44.402110423837655
1630227,Daishen Nix,99,1238.83,2020,Positionless Spacing,34.50555137701653,15.925500931188356,34.12231190544071,76.34195558531688,47.80642309351885,59.72843431559281
1630228,Jonathan Kuminga,258,5672.768333333333,2020,Positionless Spacing,61.09511998055669,84.3898171040936,52.77088256969571,52.708481208442045,51.309083413210665,54.60544208965539
1630230,Naji Marshall,299,6403.5216666666665,2020,Positionless Spacing,60.46648821228807,53.33095882257764,51.56500068757105,64.20609642920745,64.27174652552048,55.9638015741656
1630231,KJ Martin,309,6674.125,2020,Positionless Spacing,61.70904234515954,49.80215300062258,16.466981140070782,29.4857822103557,42.070283164957,60.12419429656876
1630235,Trent Forrest,151,1758.2683333333334,2020,Positionless Spacing,25.566139814437467,11.312832677545693,43.73101432353415,80.78440915061968,45.38275398059634,20.998914702152348
1630237,Anthony Lamb,88,1617.9116666666669,2020,Positionless Spacing,49.502862748403835,32.31214501894723,46.33511329943692,43.82004058529472,38.24540696061534,73.77858753441869
1630240,Saben Lee,134,1942.825,2020,Positionless Spacing,37.73505167470642,37.73715942257396,59.99959014157948,93.25393661808423,58.686524773268495,41.105365081494355
1630241,Sam Merrill,173,2819.1483333333335,2020,Positionless Spacing,45.70620758564309,50.91285650888822,66.47342904251764,52.36195421620906,34.474937212595805,36.956811675854084
1630245,Ayo Dosunmu,279,7813.61,2020,Positionless Spacing,76.84734875983865,40.07859915286835,30.84408033076572,68.03991851386427,33.729566292011796,41.72367046231665
1630249,Vít Krejčí,138,2549.2750000000005,2020,Positionless Spacing,56.64291039539871,23.958861089807794,31.055374995418475,61.24547215676942,44.210329219346264,50.2656969074642
1630256,Jae'Sean Tate,296,6396.216666666667,2020,Positionless Spacing,63.54837785398996,46.14645375841992,46.74771454244396,58.062926182695236,62.29181386701472,64.82965442168073
1630264,Anthony Gill,230,2170.08,2020,Positionless Spacing,19.117991870995553,37.50605094395062,59.83870888111571,26.522657593526723,35.00127846924121,61.703540325960546
1630267,Facundo Campazzo,138,2661.1433333333334,2020,Positionless Spacing,53.45707003595798,17.02218647364504,63.247641733249715,86.21049856151721,53.106419791462095,23.395970075585428
1630288,Jeff Dowtin Jr.,87,1129.505,2020,Positionless Spacing,30.934880328904878,44.83949631053956,31.647425317057795,74.58572547488268,46.3938626677238,21.834859525942385
1630314,Brandon Williams,74,1239.705,2020,Positionless Spacing,52.61089469151115,77.40513588498948,31.902096891235146,84.89906915836708,46.72994085482726,67.80454392286374
1630322,Lindy Waters III,156,2054.6933333333336,2020,Positionless Spacing,34.30060982479941,47.524891225361245,58.877920330437384,33.836081503539255,50.59179846028885,54.13735348602
1630526,Jeremiah Robinson-Earl,197,3474.0299999999997,2020,Positionless Spacing,49.83220463389976,32.63045736151116,32.60934700161248,29.903638915629656,60.34660499065732,51.56887601154379
1630527,Brandon Boston Jr.,115,2001.37,2020,Positionless Spacing,48.71258992899599,68.23743983159147,46.922536292727976,54.08541901010198,58.40966075406489,46.98496065593299
1630528,Josh Christopher,152,2189.3066666666664,2020,Positionless Spacing,38.661784709093396,65.03862533977164,13.591325527878224,68.56413579353313,55.18091819616227,60.048263660094385
1630529,Herbert Jones,240,7255.273333333333,2020,Positionless Spacing,82.84496656985525,30.952608288177217,50.598864446743214,46.68755627023007,54.22323854760574,22.522278276479003
1630530,Trey Murphy III,251,6856.095,2020,Positionless Spacing,80.42128491226143,73.41791547314334,42.655348593097,36.8770765153494,49.91171963926652,44.99222653427804
1630532,Franz Wagner,291,9398.496666666666,2020,Positionless Spacing,88.67481402920784,86.16512775185343,66.28870781841634,73.66855814576283,51.37589692096524,28.720587583333366
1630533,Ziaire Williams,213,4486.306666666666,2020,Positionless Spacing,58.04223721194845,48.415615236021125,40.250353833174536,32.26321551422199,51.60786207806021,44.89480916416415
1630534,Ochai Agbaji,201,4589.488333333334,2020,Positionless Spacing,63.11603458318303,35.541068666695956,25.520880684802272,24.169717899254,30.614571249835247,65.01927640477169
1630537,Chris Duarte,177,3232.04,2020,Positionless Spacing,57.24409477320716,54.67276484537798,43.74503457983868,43.32465359102313,53.22899479561918,40.4105269331526
1630538,Bones Hyland,186,3174.3266666666664,2020,Positionless Spacing,45.92736338928041,82.9841216506241,35.12472440907125,85.50181279240749,55.86637482053891,27.577814676773393
1630539,Kai Jones,107,1080.6816666666666,2020,Positionless Spacing,24.42480682157663,36.34254371049563,70.41802548503439,18.193810835854354,61.68473950336465,50.89276399986642
1630540,Miles McBride,236,4053.653333333333,2020,Positionless Spacing,50.419894540230764,41.46285946160748,65.76067685416778,61.66038893733122,43.15918280001881,14.79035680753196
1630541,Moses Moody,255,4229.301666666666,2020,Positionless Spacing,45.51145126705281,57.05244202449332,62.02452668907003,26.09018429937873,38.88438977873615,52.43859917695361
1630543,Isaiah Jackson,164,2438.1233333333334,2020,Positionless Spacing,36.881392370293604,70.56890697437984,28.836052853698185,21.44614138823175,72.70790776130211,84.19384226813744
1630544,Tre Mann,181,3856.4566666666665,2020,Positionless Spacing,58.48449027532503,61.67497785826461,46.349876762244975,64.8829033156294,52.80087617073036,40.21415577037754
1630548,Johnny Juzang,102,1873.8833333333332,2020,Positionless Spacing,49.59235924891827,58.6837707475579,8.243901780167366,27.38415117471337,37.47603579681555,55.347083671227125
1630549,Day'Ron Sharpe,191,2771.19,2020,Positionless Spacing,36.59602321360915,63.60066193515515,61.658861281077925,52.50975974976235,71.66704981782583,28.862845925396673
1630550,JT Thor,185,2260.6016666666665,2020,Positionless Spacing,28.641240647076806,14.309751600901562,54.960031113443954,13.11163542600613,37.85634547927836,50.4108621381262
1630551,Justin Champagnie,118,1890.4866666666667,2020,Positionless Spacing,48.88363287329457,45.69037212218832,20.77289153962603,21.210261867298986,74.49843568553729,67.85056068189773
1630552,Jalen Johnson,184,4335.036666666667,2020,Positionless Spacing,78.23215473580046,66.86800960191664,41.10365387824443,63.419861442755,80.83157972152578,85.0458664093664
1630553,Keon Johnson,161,3099.21,2020,Positionless Spacing,55.834674149856376,58.817197367615385,17.334926431294665,67.71508282075385,60.151101100376515,28.69890917772089
1630556,Kessler Edwards,178,2256.15,2020,Positionless Spacing,39.156889595185156,18.72511290509317,22.266431360966354,20.250576212629433,55.726760973300316,58.96029519313875
1630557,Corey Kispert,292,7563.306666666666,2020,Positionless Spacing,71.10777028367858,56.56780232722421,17.257500835738153,28.490264434447553,17.206470920680477,51.265584999390946
1630558,Davion Mitchell,301,6651.268333333333,2020,Positionless Spacing,63.025127003911436,33.79799589446857,48.345851037398226,79.94400803982663,26.41874749184229,39.7270487366602
1630559,Austin Reaves,280,8439.95,2020,Positionless Spacing,84.12759249489466,68.17052991460878,39.213736202389455,74.26018108741539,32.41307969903846,56.699416584570976
1630560,Cam Thomas,215,4979.62,2020,Positionless Spacing,67.89126672648096,90.0381338880048,20.331513135445675,61.26769651151189,27.79460582218076,31.970191527213593
1630563,Joshua Primo,56,1068.6683333333333,2020,Positionless Spacing,52.14138733270074,20.84864054819252,50.32704951782063,51.39812870242544,18.311301166824485,66.69037098565299
1630567,Scottie Barnes,276,9523.216666666667,2020,Positionless Spacing,94.76347663881013,72.84987116023193,49.61759430055494,79.40258861246856,66.10277558450579,32.71523509949113
1630570,Trendon Watford,217,3820.1516666666666,2020,Positionless Spacing,46.895579069794216,62.239879501301516,28.195252437177363,69.88712225177952,58.47753699859087,35.596874204013034
1630572,Sandro Mamukelashvili,191,2198.8216666666667,2020,Positionless Spacing,26.32370329163094,61.311247927783576,36.15130301521312,51.99224520287948,54.27496865460435,65.62434341928204
1630573,Sam Hauser,256,4729.221666666666,2020,Positionless Spacing,52.73832903129249,50.51610985435688,74.41896559721583,17.432826338125096,40.086651470513175,23.298639389883327
1630577,Julian Champagnie,173,3720.1383333333333,2020,Positionless Spacing,58.79577315651491,49.491299033789936,25.34016132452714,29.58368149780835,51.45764408981223,72.08681074080177
1630578,Alperen Sengun,286,8100.5616666666665,2020,Positionless Spacing,79.40614934707513,83.30738843974802,35.124906293826115,82.07377492002125,76.95969302219676,33.54360820105629
1630579,Jericho Sims,191,2583.475,2020,Positionless Spacing,32.004869821440856,5.356957181994102,56.85513023393721,12.060953654240087,47.32308533123262,10.36812316401376
1630581,Josh Giddey,280,8195.823333333334,2020,Positionless Spacing,80.63127453604679,70.4156770389822,39.362432327616496,93.52772275248867,66.26692133831703,68.1478565683274
1630583,Santi Aldama,235,5319.221666666666,2020,Positionless Spacing,64.05146558844724,58.688670081755504,43.25538893175782,47.796241265353146,60.48820795967308,60.34146965781521
1630586,Usman Garuba,105,1227.1233333333332,2020,Positionless Spacing,27.37099734489476,9.009689279536927,23.77515796411018,39.08033698785809,85.86384659462458,72.03822595767481
1630587,Isaiah Livers,94,2051.3900000000003,2020,Positionless Spacing,59.62412989963306,18.337616133393457,14.860783639314079,14.478867649147485,32.55283305207214,36.496367863154475
1630590,Scotty Pippen Jr.,106,2241.2250000000004,2020,Positionless Spacing,59.72513151339387,70.2923169485872,57.82996214242428,92.75138063686002,63.51548714190522,77.78413884289667
1630591,Jalen Suggs,211,5579.5616666666665,2020,Positionless Spacing,72.54711177618887,66.93690682572068,64.089765089523,74.65138007730019,59.9651211803543,44.781059426060956
1630592,Jalen Wilson,122,2695.923333333333,2020,Positionless Spacing,62.24471947981418,37.703601048413525,31.184939139124747,46.02976109421457,28.456767254209165,4.676534517576692
1630595,Cade Cunningham,208,7014.41,2020,Positionless Spacing,92.67305147504212,91.04548231325519,27.941577006211727,96.60524520574057,56.15812606437286,42.55749600824891
1630596,Evan Mobley,269,8745.203333333333,2020,Positionless Spacing,89.51109344921196,74.38694525413212,70.52013834685603,57.86813229966744,61.6433712184196,26.646364471597586
1630598,Aaron Wiggins,274,5478.025,2020,Positionless Spacing,54.726832031854165,56.62472527032417,59.41561404786266,37.394645990976635,47.70827571070733,59.14162023517429
1630613,Duane Washington Jr.,79,1361.8166666666666,2020,Positionless Spacing,47.091529328611344,78.63970695919916,32.47637823716519,65.1744597192909,24.539973813826904,74.9825463708518
1630625,Dalano Banton,216,3141.0216666666665,2020,Positionless Spacing,38.98770618238568,65.29905294657124,47.00393456990529,79.01437592391507,56.33450804615557,35.05799198632686
1630631,Jose Alvarado,227,4538.16,2020,Positionless Spacing,54.79119297137722,53.210489919296236,59.388899341060764,81.53745526691439,56.518789741978516,43.63402893447179
1630647,Eugene Omoruyi,87,1056.4466666666667,2020,Positionless Spacing,31.517633972087985,67.07837074590388,32.47334737234312,34.53858755439492,66.80977567089009,52.07534334358774
1630678,Terry Taylor,98,1171.195,2020,Positionless Spacing,41.12929399530049,47.82277320288845,34.081966202963336,23.88561950964009,28.25553255549028,66.02167513625778
1630688,Ish Wainright,116,1336.246666666667,2020,Positionless Spacing,30.11962198878636,18.767634930067185,85.27611408011548,20.247969911407292,54.74442036627844,63.537781628557525
1630692,Jordan Goodwin,150,2709.701666666667,2020,Positionless Spacing,47.6913824771869,34.32987725145133,50.62862908750804,74.97854680613834,75.37093339902395,36.841194204983104
1630699,MarJon Beauchamp,135,1465.3516666666667,2020,Positionless Spacing,27.438640294174455,43.71905232852428,37.35335246224332,24.084965056612557,42.88006378566914,79.81991589140316
1630700,Dyson Daniels,196,4971.82,2020,Positionless Spacing,74.38512183871842,34.10109073855293,42.7604707387473,71.01366021018353,74.83235604361758,69.66624848086293
1630702,Jaden Hardy,178,2605.041666666667,2020,Positionless Spacing,35.46264206023236,83.89327210269738,30.038839718704075,65.46005197262569,34.55311290662974,70.80778430411983
1630703,Scoot Henderson,128,3524.465,2020,Positionless Spacing,75.29679730843226,72.58721365719362,17.473368846662794,92.79941256131649,37.295163068055686,35.32094223953579
1631093,Jaden Ivey,181,5419.826666666666,2020,Positionless Spacing,81.97257907931224,81.57935523566908,9.678912393131645,83.23510768318337,31.111414468816573,46.703802063486734
1631094,Paolo Banchero,198,6809.955,2020,Positionless Spacing,94.53892456923677,92.13151816750036,39.51037177702471,82.63715677094093,57.0881668810771,21.90490719848882
1631095,Jabari Smith Jr.,212,6589.969999999999,2020,Positionless Spacing,85.00001252014421,55.743949577650596,33.963185297109,14.751166458235586,49.0329367706353,35.273434984997294
1631096,Chet Holmgren,114,3289.3366666666666,2020,Positionless Spacing,78.97211306189689,84.41807724581531,71.08797922899394,45.84416332410423,58.4793250448959,76.01362437682224
1631097,Bennedict Mathurin,209,5910.088333333333,2020,Positionless Spacing,77.73147762699213,84.67568979454308,23.460720691752336,35.17504031635682,35.55506602406197,71.48236958030382
1631098,Johnny Davis,112,1277.7133333333334,2020,Positionless Spacing,27.62160290869922,26.280929505286476,49.25439794016237,26.375123151651678,42.903867902656664,85.00942991768896
1631099,Keegan Murray,233,7580.413333333333,2020,Positionless Spacing,89.67983271528082,52.63726259398873,25.30092998719274,13.394100878178467,47.59287752508199,39.27290604852253
1631100,AJ Griffin,92,1572.165,2020,Positionless Spacing,48.184423998595705,61.37853800557817,38.66214407171847,19.0926464095549,31.74918747550901,73.99923756567131
1631101,Shaedon Sharpe,184,5089.951666666667,2020,Positionless Spacing,77.89565876776658,76.37427186886461,16.8736805438715,48.98312703405744,38.382670398928134,37.59232500550285
1631103,Malaki Branham,188,3570.478333333333,2020,Positionless Spacing,55.700894029670906,63.49173727088475,14.711253701078393,56.23138385261593,20.775706366008297,83.18522415572002
1631104,Blake Wesley,156,2228.0866666666666,2020,Positionless Spacing,35.59252240417185,21.93528428918562,38.37692949986402,83.98193616603307,46.07620552856587,77.56066518334221
1631105,Jalen Duren,206,5481.174999999999,2020,Positionless Spacing,73.09936377706194,59.42434739187022,18.178955304151582,46.21070286253165,64.22567194691436,47.59250530506448
1631106,Tari Eason,161,3667.5183333333334,2020,Positionless Spacing,62.34442726362235,65.18419221717139,52.83433155749346,28.175922090630415,85.62786080222726,59.47062222791912
1631107,Nikola Jović,107,2256.3683333333333,2020,Positionless Spacing,58.73469783880724,53.83102134657572,63.4676550911722,63.77190537594306,59.99160249633138,11.873194828249245
1631108,Max Christie,186,3583.885,2020,Positionless Spacing,57.044519184395746,28.755574576020308,35.03218401819785,32.66873001642805,40.14995551436055,56.849425589358646
1631109,Mark Williams,106,2507.411666666667,2020,Positionless Spacing,65.59425689894663,77.44641063566408,24.7107308667929,35.28361979312176,73.14124773721724,50.86788848665888
1631110,Jeremy Sochan,184,5014.763333333332,2020,Positionless Spacing,75.00277689220839,55.60180761139864,18.539595780075373,63.1005544413855,59.718721103941384,62.35454676988937
1631114,Jalen Williams,215,6735.863333333333,2020,Positionless Spacing,85.80329855643878,83.88514142239387,62.69478146271046,76.18664788736811,62.05502057325197,74.63821836031671
1631115,Orlando Robinson,111,1498.6416666666667,2020,Positionless Spacing,35.70449665309013,35.09347828793439,69.69516572554075,56.94159577446262,56.099660474251486,40.328616439833105
1631117,Walker Kessler,196,4936.633333333333,2020,Positionless Spacing,69.90916936870798,42.034588893449474,20.369211864797208,18.658648511068325,54.11108239184899,49.56067643582352
1631119,Jaylin Williams,165,2595.16,2020,Positionless Spacing,40.45653322152092,28.157217899751753,59.458869201532906,63.51798754622912,72.43191018374527,63.05811737765891
1631121,Bryce McGowens,118,1700.6083333333333,2020,Positionless Spacing,39.176875913178556,29.503998330633813,27.81322831336297,37.475001262995896,25.029236978317105,49.502975514271334
1631124,Julian Strawther,115,1928.885,2020,Positionless Spacing,47.9322648709818,57.318513577505605,22.919481407033242,36.90809879365173,33.91440520190478,70.49517676095188
1631128,Christian Braun,237,5512.088333333333,2020,Positionless Spacing,69.86936476589135,48.9725357158091,41.82149566690228,38.36276738493363,48.76456137010255,36.83139608718771
1631132,Christian Koloko,95,1143.3233333333333,2020,Positionless Spacing,28.219983141316465,10.514267765854965,87.84588869053034,11.789845836005533,43.8033223851567,45.23080505799723
1631133,Jabari Walker,188,3068.9016666666666,2020,Positionless Spacing,47.296400820000684,44.61357004564387,31.917789071126805,19.167335831567115,62.686313658293656,43.35164456158449
1631165,Keon Ellis,153,2997.54,2020,Positionless Spacing,57.76409072351815,30.282490836192657,45.128658764690485,36.63711646696801,55.35854909875655,21.944233484830225
1631170,Jaime Jaquez Jr.,141,3481.5750000000003,2020,Positionless Spacing,68.92546254400298,56.22982442528204,45.332542647549346,65.49429750890259,58.198474929875786,16.125037881149176
1631172,Ousmane Dieng,109,1338.5049999999999,2020,Positionless Spacing,28.23522853651753,34.93423705809939,80.14137570976223,51.044614264368974,50.49417788672541,63.85261763280808
1631200,Kris Murray,131,2388.6583333333338,2020,Positionless Spacing,49.4526488700736,16.895183905431665,56.451112942871895,33.533908319881995,51.768804558735916,41.54037948568837
1631204,Marcus Sasser,128,2161.8966666666665,2020,Positionless Spacing,44.247224519352656,63.43387528843795,39.6392698550493,88.10827062880176,41.07102367244254,63.28317843161235
1631207,Dalen Terry,170,1881.833333333333,2020,Positionless Spacing,26.396415752855084,25.92830828532083,54.30058323529666,62.37645003499538,56.71227970746535,66.01565776799285
1631212,Peyton Watson,171,3329.6766666666663,2020,Positionless Spacing,55.61797578669464,34.30263473366567,43.624475607263285,26.679528974258215,44.200428175017734,39.885223656723106
1631213,Tyrese Martin,76,1380.86,2020,Positionless Spacing,57.0856422808974,48.47720985472821,34.76917283432064,61.99973929290442,47.12400967512999,16.943759685992784
1631216,Caleb Houstan,168,2415.5150000000003,2020,Positionless Spacing,34.58830851934157,19.01529637709498,52.91962913275295,11.92651223591649,17.615270889208677,16.682975848661524
1631217,Moussa Diabaté,104,1500.3683333333333,2020,Positionless Spacing,40.20914734477246,28.866902132281716,52.32453083079216,18.661836970947146,76.73077276707659,13.46270674360366
1631218,Trayce Jackson-Davis,130,2097.2383333333332,2020,Positionless Spacing,40.49762809651932,64.62604270868674,41.639572321682,55.76810056832782,57.81880106848479,51.29178652479765
1631222,Jake LaRavia,136,2569.116666666667,2020,Positionless Spacing,52.91982287221409,40.34785180058272,44.48259312984255,53.07141576328904,56.836808445862864,62.87462980831249
1631223,David Roddy,168,2845.2366666666667,2020,Positionless Spacing,44.33508716939245,40.64517751207491,33.1666695367882,32.7965873988864,43.27599943135307,64.67810496667913
1631230,Dominick Barlow,96,1202.1033333333332,2020,Positionless Spacing,28.876803178538857,31.691067252499877,22.30589605932355,33.234871925444935,51.26481825624079,76.01036519004067
1631246,Vince Williams Jr.,94,2039.6666666666665,2020,Positionless Spacing,65.61504815264222,37.75840329049081,42.167295193991734,67.21952210364643,63.227206770728635,40.60325436367502
1631260,AJ Green,164,2618.3733333333334,2020,Positionless Spacing,47.301687431057886,38.93876046530094,66.45515385399497,30.87738745134564,21.730874967565263,44.29303720240818
1631288,Jamal Cain,81,1000.9366666666666,2020,Positionless Spacing,28.320562158990136,47.55878689792419,42.85128416442263,17.43364608954922,63.18587854862671,50.27130443275359
1631323,Simone Fontecchio,193,3646.3866666666663,2020,Positionless Spacing,52.34853210809379,51.09672903004282,34.26319617267211,27.736919414336292,35.98944163886716,76.82220681907044
1641705,Victor Wembanyama,117,3633.4883333333332,2020,Positionless Spacing,85.5076081860257,96.29038124698985,54.1155520730018,78.47969201476259,85.12933864082254,66.66243734856664
1641706,Brandon Miller,101,3306.528333333333,2020,Positionless Spacing,89.74333203107658,84.10428908313996,12.568323920166856,56.86909315776087,45.56842985166098,14.708107378225364
1641708,Amen Thompson,131,3613.9466666666667,2020,Positionless Spacing,77.89238655176516,60.34148791580883,71.31500291822589,70.28756096751104,81.47982988992692,49.3147415496008
1641709,Ausar Thompson,122,2910.52,2020,Positionless Spacing,65.37219161883186,48.787298903130655,48.98798998177986,53.09167105619541,79.73962472904212,65.13514323201558
1641710,Anthony Black,147,3051.203333333333,2020,Positionless Spacing,57.26736631680294,35.06541972371208,75.22914977796904,66.37118655821588,50.62501973567313,19.51713355163237
1641711,Gradey Dick,114,2855.0416666666665,2020,Positionless Spacing,70.13384880780042,63.659936563598556,11.35303712717489,31.10469646086149,34.25039150713179,58.481932440322865
1641712,Rayan Rupert,91,1092.7666666666667,2020,Positionless Spacing,30.92455781231315,19.39531280916966,41.41009113562258,46.020788483346784,38.12349401899701,53.934223274042054
1641713,GG Jackson,77,1691.78,2020,Positionless Spacing,61.74304405989314,80.4687073582341,37.131252133559485,31.045207294364616,39.31261287660889,44.827378965255946
1641715,Cam Whitmore,98,1706.9183333333335,2020,Positionless Spacing,45.17410310321099,90.06547650005598,43.35026675192211,23.970546862545667,66.26584140752956,65.19143031513181
1641716,Jarace Walker,108,1527.0433333333333,2020,Positionless Spacing,35.306469368408905,44.50369440673417,37.709265262431195,56.821373186338896,81.66219601227188,79.92514332891821
1641717,Cason Wallace,150,3568.1816666666664,2020,Positionless Spacing,66.15166230957963,25.784471592223397,70.15182538645183,45.04245962151624,51.35973339783548,59.35904620317241
1641718,Keyonte George,142,4131.051666666666,2020,Positionless Spacing,79.77408991003001,76.71405109035656,4.751360295402575,88.63191386375601,25.72069250631119,50.75028731514698
1641722,Jordan Hawkins,123,2481.08,2020,Positionless Spacing,55.3011530376937,66.42702728229543,16.32452424729111,28.439254044520435,25.447446023719902,48.2059328716541
1641726,Dereck Lively II,91,2127.0183333333334,2020,Positionless Spacing,63.86742914033766,43.06294284027699,42.77942480771152,32.92310730679726,60.505246611403464,48.19418252632691
1641729,Brice Sensabaugh,103,2016.2849999999999,2020,Positionless Spacing,52.609687829239796,73.8534286050758,4.405125352364098,53.58782167820937,48.96697308098016,71.37049446562779
1641730,Noah Clowney,69,1412.145,2020,Positionless Spacing,56.1683978924883,47.74789865218011,26.460370884348194,17.631754746704242,45.00021226521535,14.671446754399264
1641731,Bilal Coulibaly,122,3662.756666666667,2020,Positionless Spacing,83.02953555839686,34.01835026797804,7.812043576540844,50.19721377706304,53.61584430850561,78.54591235830395
1641733,Nick Smith Jr.,111,2097.456666666667,2020,Positionless Spacing,52.53757180648383,58.247662582106564,16.619527026277265,66.68227375981596,11.521457164141525,22.712280152865574
1641739,Toumani Camara,148,4287.371666666667,2020,Positionless Spacing,80.8453567376144,29.337178505775615,38.78611982775139,33.05216531864578,62.29116688061449,25.146921139557556
1641741,Ricky Council IV,105,1538.6550000000002,2020,Positionless Spacing,39.09046698439618,64.17317699290464,24.215504617108557,46.38407144637845,46.253107594286384,41.2927190777441
1641744,Zach Edey,66,1415.765,2020,Positionless Spacing,58.3716814159292,59.823008849557525,47.32743362831858,13.061946902654867,62.46017699115044,85.11504424778761
1641748,Andre Jackson Jr.,124,1552.42,2020,Positionless Spacing,29.706544685262354,9.18640437259646,28.36815712486042,48.17275828823959,53.00103472477398,60.287807913491164
1641763,Julian Phillips,119,1445.455,2020,Positionless Spacing,29.78381654819594,25.58610778863978,49.57255208521627,7.754423776228958,34.64052823125817,75.77989054063663
1641764,Brandin Podziemski,138,3684.6016666666665,2020,Positionless Spacing,72.77588958846202,46.771018491198035,64.71434765187352,74.61630919682551,66.64580784465629,38.98079305915375
1641767,Ben Sheppard,120,2043.8183333333334,2020,Positionless Spacing,45.154693919356774,18.668642444892264,29.687581134919956,29.74338874639343,47.41442145533561,79.71470709326432
1641783,Tristan da Silva,74,1628.611666666667,2020,Positionless Spacing,59.96460176991151,28.389380530973455,57.30973451327433,45.06194690265487,32.64601769911504,3.7522123893805306
1641787,Tosan Evbuomwan,45,1031.5083333333332,2020,Positionless Spacing,62.61502618133811,38.46733010405975,48.537401704251714,42.364431414803185,53.175968819610254,13.992198897095808
1641824,Matas Buzelis,80,1511.295,2020,Positionless Spacing,49.94690265486726,66.58407079646018,41.94690265486726,22.4070796460177,38.415929203539825,90.95575221238938
1641842,Ronald Holland II,81,1266.3216666666667,2020,Positionless Spacing,38.76106194690265,54.12389380530973,52.530973451327434,39.6283185840708,67.49557522123894,49.097345132743364
1641854,Craig Porter Jr.,102,1162.62,2020,Positionless Spacing,25.119710546959624,52.58067169924262,31.676442496448747,83.78558224382738,50.986125249912355,23.73746305072629
1641871,Duop Reath,114,1683.5416666666667,2020,Positionless Spacing,39.25289831605437,70.71371072317564,15.483504210137841,34.195255813647876,48.32419517868309,30.158686835612432
1642258,Zaccharie Risacher,75,1843.3866666666668,2020,Positionless Spacing,67.1504424778761,77.5929203539823,20.84955752212389,19.274336283185843,38.23008849557522,87.06194690265487
1642259,Alex Sarr,67,1814.2283333333328,2020,Positionless Spacing,73.94690265486726,71.64601769911503,13.699115044247787,60.849557522123895,52.0353982300885,85.68141592920354
1642261,Dalton Knecht,78,1493.795,2020,Positionless Spacing,50.83185840707964,69.94690265486726,21.539823008849556,18.460176991150444,29.27433628318584,12.530973451327435
1642262,Cody Williams,50,1059.611666666667,2020,Positionless Spacing,57.52212389380531,8.106194690265486,7.3097345132743365,26.725663716814157,18.088495575221238,77.5575221238938
1642264,Stephon Castle,81,2162.0216666666665,2020,Positionless Spacing,72.70796460176992,83.57522123893806,12.814159292035399,84.23008849557522,43.95575221238938,61.43362831858406
1642266,Ja'Kobe Walter,52,1103.235,2020,Positionless Spacing,57.62831858407079,52.530973451327434,50.690265486725664,45.06194690265487,49.30088495575221,53.46902654867257
1642267,Bub Carrington,82,2457.79,2020,Positionless Spacing,82.08849557522124,28.637168141592923,8.672566371681416,81.27433628318585,36.72566371681416,76.070796460177
1642268,Isaiah Collier,71,1839.1066666666663,2020,Positionless Spacing,70.90265486725664,30.053097345132745,7.097345132743363,97.45132743362832,51.76991150442478,69.02654867256636
1642270,Donovan Clingan,67,1323.6433333333334,2020,Positionless Spacing,53.061946902654874,28.849557522123895,62.88495575221239,29.752212389380535,64.43362831858407,58.8141592920354
1642271,Kyle Filipowski,72,1521.54,2020,Positionless Spacing,57.415929203539825,66.30088495575221,6.530973451327434,61.27433628318584,73.54867256637169,69.23893805309734
1642273,Kyshawn George,68,1802.1833333333332,2020,Positionless Spacing,72.38938053097344,28.424778761061948,18.336283185840706,57.80530973451328,62.309734513274336,71.84070796460176
1642274,Yves Missi,73,1955.79,2020,Positionless Spacing,73.02654867256638,31.82300884955752,4.2477876106194685,22.4070796460177,49.13274336283186,32.15929203539823
1642275,Tidjane Salaün,60,1244.3533333333332,2020,Positionless Spacing,56.21238938053097,18.053097345132745,49.82300884955752,38.05309734513274,53.11504424778761,14.725663716814157
1642276,Kel'el Ware,64,1422.486666666667,2020,Positionless Spacing,60.63716814159292,56.14159292035398,52.530973451327434,14.920353982300883,68.79646017699115,15.982300884955752
1642345,Oso Ighodaro,61,1045.545,2020,Positionless Spacing,44.10619469026549,10.938053097345133,60.0353982300885,39.6283185840708,52.63716814159292,20.831858407079647
1642346,Ryan Dunn,74,1410.4166666666667,2020,Positionless Spacing,50.442477876106196,39.04424778761062,20.371681415929206,13.061946902654867,51.123893805309734,15.840707964601771
1642347,Jamal Shead,75,1466.825,2020,Positionless Spacing,52.530973451327434,39.36283185840708,32.955752212389385,95.00884955752213,40.46017699115045,65.57522123893806
1642348,Justin Edwards,44,1154.72,2020,Positionless Spacing,71.75221238938053,46.017699115044245,2.584070796460177,32.0,50.39823008849557,25.840707964601773
1642367,Jonathan Mogbo,63,1285.655,2020,Positionless Spacing,55.15044247787611,22.371681415929203,43.20353982300885,68.35398230088495,76.45132743362832,71.71681415929203
1642377,Jaylen Wells,79,2043.4816666666663,2020,Positionless Spacing,70.76106194690266,51.04424778761062,43.451327433628315,30.4070796460177,20.336283185840706,87.53982300884957
1642419,Jamison Battle,59,1041.6783333333333,2020,Positionless Spacing,46.017699115044245,50.83185840707964,32.10619469026549,23.079646017699115,30.13274336283186,67.32743362831859
