ID,Name,Form,Type1,Type2,Total,HP,Attack,Defense,Sp. Atk,Sp. Def,Speed,Generation,DisplayName,HP_PCT,ATTACK_PCT,DEFENSE_PCT,SPATK_PCT,SPDEF_PCT,SPEED_PCT
1,Bulbasaur,,Grass,Poison,318,45,49,49,65,65,45,1,Bulbasaur,14.5679012345679,15.06172839506173,18.765432098765434,48.18930041152264,43.58024691358025,23.456790123456788
2,Ivysaur,,Grass,Poison,405,60,62,63,80,80,60,1,Ivysaur,35.7201646090535,30.41152263374486,38.477366255144034,62.59259259259259,63.74485596707819,40.45267489711934
3,Venusaur,,Grass,Poison,525,80,82,83,100,100,80,1,Venusaur,69.58847736625515,54.773662551440324,65.30864197530865,79.7119341563786,84.93827160493828,62.63374485596708
4,Charmander,,Fire,,309,39,52,43,60,50,65,1,Charmander,5.802469135802469,19.54732510288066,12.716049382716049,40.781893004115226,22.098765432098766,46.46090534979424
5,Charmeleon,,Fire,,405,58,64,58,80,65,80,1,Charmeleon,30.987654320987655,31.646090534979425,30.69958847736626,62.59259259259259,43.58024691358025,62.63374485596708
6,Charizard,,Fire,Flying,534,78,84,78,109,85,100,1,Charizard,65.7201646090535,55.84362139917695,58.93004115226338,84.5679012345679,70.12345679012346,83.25102880658436
7,Squirtle,,Water,,314,44,48,65,50,64,43,1,Squirtle,12.181069958847738,14.5679012345679,41.64609053497942,27.037037037037038,40.82304526748971,20.82304526748971
8,Wartortle,,Water,,405,59,63,80,65,80,58,1,Wartortle,31.728395061728392,30.987654320987655,62.34567901234568,48.18930041152264,63.74485596707819,37.28395061728395
9,Blastoise,,Water,,530,79,83,100,85,105,78,1,Blastoise,66.5843621399177,55.349794238683124,81.6872427983539,67.61316872427983,88.18930041152264,60.41152263374485
10,Caterpie,,Bug,,195,45,30,35,20,20,45,1,Caterpie,14.5679012345679,3.909465020576132,5.3086419753086425,1.1934156378600824,0.3292181069958848,23.456790123456788
11,Metapod,,Bug,,205,50,20,55,25,25,30,1,Metapod,21.193415637860085,0.9465020576131686,27.942386831275723,2.5925925925925926,1.3580246913580247,8.148148148148149
12,Butterfree,,Bug,Flying,395,60,45,50,90,80,70,1,Butterfree,35.7201646090535,12.098765432098766,21.604938271604937,71.19341563786008,63.74485596707819,52.59259259259259
13,Weedle,,Bug,Poison,195,40,35,30,20,20,50,1,Weedle,8.271604938271606,5.967078189300412,2.5925925925925926,1.1934156378600824,0.3292181069958848,29.46502057613169
14,Kakuna,,Bug,Poison,205,45,25,50,25,25,35,1,Kakuna,14.5679012345679,1.934156378600823,21.604938271604937,2.5925925925925926,1.3580246913580247,13.004115226337449
15,Beedrill,,Bug,Poison,395,65,90,40,45,80,75,1,Beedrill,44.074074074074076,62.92181069958848,9.588477366255145,21.358024691358025,63.74485596707819,57.983539094650205
16,Pidgey,,Normal,Flying,251,40,45,40,35,35,56,1,Pidgey,8.271604938271606,12.098765432098766,9.588477366255145,9.588477366255145,6.008230452674898,36.2962962962963
17,Pidgeotto,,Normal,Flying,349,63,60,55,50,50,71,1,Pidgeotto,40.864197530864196,27.818930041152264,27.942386831275723,27.037037037037038,22.098765432098766,55.06172839506173
18,Pidgeot,,Normal,Flying,479,83,80,75,70,70,101,1,Pidgeot,73.25102880658436,51.81069958847737,55.80246913580247,53.78600823045267,50.37037037037037,85.30864197530865
19,Rattata,,Normal,,253,30,56,35,25,35,72,1,Rattata,2.05761316872428,24.732510288065843,5.3086419753086425,2.5925925925925926,6.008230452674898,55.67901234567901
20,Raticate,,Normal,,413,55,81,60,50,70,97,1,Raticate,27.901234567901234,54.23868312757202,34.23868312757202,27.037037037037038,50.37037037037037,80.16460905349794
21,Spearow,,Normal,Flying,262,40,60,30,31,31,70,1,Spearow,8.271604938271606,27.818930041152264,2.5925925925925926,7.448559670781893,4.444444444444445,52.59259259259259
22,Fearow,,Normal,Flying,442,65,90,65,61,61,100,1,Fearow,44.074074074074076,62.92181069958848,41.64609053497942,43.95061728395061,39.1358024691358,83.25102880658436
23,Ekans,,Poison,,288,35,60,44,40,54,55,1,Ekans,3.7448559670781894,27.818930041152264,13.127572016460906,14.897119341563785,26.666666666666668,34.52674897119341
24,Arbok,,Poison,,448,60,95,69,65,79,80,1,Arbok,35.7201646090535,67.73662551440329,45.63786008230453,48.18930041152264,60.49382716049383,62.63374485596708
25,Pikachu,,Electric,,320,35,55,40,50,50,90,1,Pikachu,3.7448559670781894,22.633744855967077,9.588477366255145,27.037037037037038,22.098765432098766,72.79835390946502
26,Raichu,,Electric,,485,60,90,55,90,80,110,1,Raichu,35.7201646090535,62.92181069958848,27.942386831275723,71.19341563786008,63.74485596707819,90.41152263374485
27,Sandshrew,,Ground,,300,50,75,85,20,30,40,1,Sandshrew,21.193415637860085,46.21399176954733,67.53086419753086,1.1934156378600824,3.168724279835391,17.736625514403293
28,Sandslash,,Ground,,450,75,100,110,45,55,65,1,Sandslash,61.72839506172839,73.08641975308642,87.94238683127573,21.358024691358025,29.46502057613169,46.46090534979424
29,Nidoran,Female,Poison,,275,55,47,52,40,40,41,1,Nidoran (Female),27.901234567901234,14.03292181069959,24.979423868312757,14.897119341563785,10.246913580246913,19.588477366255145
30,Nidorina,,Poison,,365,70,62,67,55,55,56,1,Nidorina,52.63374485596708,30.41152263374486,44.8559670781893,33.62139917695473,29.46502057613169,36.2962962962963
31,Nidoqueen,,Poison,Ground,505,90,92,87,75,85,76,1,Nidoqueen,79.46502057613168,65.22633744855966,69.54732510288066,58.477366255144034,70.12345679012346,59.4238683127572
32,Nidoran,Male,Poison,,273,46,57,40,40,40,50,1,Nidoran (Male),16.790123456790123,25.020576131687243,9.588477366255145,14.897119341563785,10.246913580246913,29.46502057613169
33,Nidorino,,Poison,,365,61,72,57,55,55,65,1,Nidorino,39.711934156378604,43.00411522633745,30.12345679012346,33.62139917695473,29.46502057613169,46.46090534979424
34,Nidoking,,Poison,Ground,505,81,102,77,85,75,85,1,Nidoking,72.38683127572017,76.21399176954733,58.230452674897116,67.61316872427983,57.160493827160494,67.9835390946502
35,Clefairy,,Fairy,,323,70,45,48,60,65,35,1,Clefairy,52.63374485596708,12.098765432098766,18.14814814814815,40.781893004115226,43.58024691358025,13.004115226337449
36,Clefable,,Fairy,,483,95,70,73,95,90,60,1,Clefable,84.03292181069959,40.45267489711934,53.70370370370371,75.18518518518519,75.7201646090535,40.45267489711934
37,Vulpix,,Fire,,299,38,41,40,50,65,65,1,Vulpix,5.267489711934156,10.0,9.588477366255145,27.037037037037038,43.58024691358025,46.46090534979424
38,Ninetales,,Fire,,505,73,76,75,81,100,100,1,Ninetales,58.0246913580247,48.43621399176955,55.80246913580247,64.8971193415638,84.93827160493828,83.25102880658436
39,Jigglypuff,,Normal,Fairy,270,115,45,20,45,25,20,1,Jigglypuff,95.47325102880659,12.098765432098766,0.9053497942386831,21.358024691358025,1.3580246913580247,2.7983539094650207
40,Wigglytuff,,Normal,Fairy,435,140,70,45,85,50,45,1,Wigglytuff,98.3127572016461,40.45267489711934,15.34979423868313,67.61316872427983,22.098765432098766,23.456790123456788
41,Zubat,,Poison,Flying,245,40,45,35,30,40,55,1,Zubat,8.271604938271606,12.098765432098766,5.3086419753086425,5.637860082304527,10.246913580246913,34.52674897119341
42,Golbat,,Poison,Flying,455,75,80,70,65,75,90,1,Golbat,61.72839506172839,51.81069958847737,49.135802469135804,48.18930041152264,57.160493827160494,72.79835390946502
43,Oddish,,Grass,Poison,320,45,50,55,75,65,30,1,Oddish,14.5679012345679,17.11934156378601,27.942386831275723,58.477366255144034,43.58024691358025,8.148148148148149
44,Gloom,,Grass,Poison,395,60,65,70,85,75,40,1,Gloom,35.7201646090535,34.32098765432099,49.135802469135804,67.61316872427983,57.160493827160494,17.736625514403293
45,Vileplume,,Grass,Poison,490,75,80,85,110,90,50,1,Vileplume,61.72839506172839,51.81069958847737,67.53086419753086,85.63786008230453,75.7201646090535,29.46502057613169
46,Paras,,Bug,Grass,285,35,70,55,45,55,25,1,Paras,3.7448559670781894,40.45267489711934,27.942386831275723,21.358024691358025,29.46502057613169,4.691358024691358
47,Parasect,,Bug,Grass,405,60,95,80,60,80,30,1,Parasect,35.7201646090535,67.73662551440329,62.34567901234568,40.781893004115226,63.74485596707819,8.148148148148149
48,Venonat,,Bug,Poison,305,60,55,50,40,55,45,1,Venonat,35.7201646090535,22.633744855967077,21.604938271604937,14.897119341563785,29.46502057613169,23.456790123456788
49,Venomoth,,Bug,Poison,450,70,65,60,90,75,90,1,Venomoth,52.63374485596708,34.32098765432099,34.23868312757202,71.19341563786008,57.160493827160494,72.79835390946502
50,Diglett,,Ground,,265,10,55,25,35,45,95,1,Diglett,0.24691358024691357,22.633744855967077,1.440329218106996,9.588477366255145,15.843621399176955,78.06584362139918
51,Dugtrio,,Ground,,425,35,100,50,50,70,120,1,Dugtrio,3.7448559670781894,73.08641975308642,21.604938271604937,27.037037037037038,50.37037037037037,94.5679012345679
52,Meowth,,Normal,,290,40,45,35,40,40,90,1,Meowth,8.271604938271606,12.098765432098766,5.3086419753086425,14.897119341563785,10.246913580246913,72.79835390946502
53,Persian,,Normal,,440,65,70,60,65,65,115,1,Persian,44.074074074074076,40.45267489711934,34.23868312757202,48.18930041152264,43.58024691358025,92.96296296296296
54,Psyduck,,Water,,320,50,52,48,65,50,55,1,Psyduck,21.193415637860085,19.54732510288066,18.14814814814815,48.18930041152264,22.098765432098766,34.52674897119341
55,Golduck,,Water,,500,80,82,78,95,80,85,1,Golduck,69.58847736625515,54.773662551440324,58.93004115226338,75.18518518518519,63.74485596707819,67.9835390946502
56,Mankey,,Fighting,,305,40,80,35,35,45,70,1,Mankey,8.271604938271606,51.81069958847737,5.3086419753086425,9.588477366255145,15.843621399176955,52.59259259259259
57,Primeape,,Fighting,,455,65,105,60,60,70,95,1,Primeape,44.074074074074076,77.9835390946502,34.23868312757202,40.781893004115226,50.37037037037037,78.06584362139918
58,Growlithe,,Fire,,350,55,70,45,70,50,60,1,Growlithe,27.901234567901234,40.45267489711934,15.34979423868313,53.78600823045267,22.098765432098766,40.45267489711934
59,Arcanine,,Fire,,555,90,110,80,100,80,95,1,Arcanine,79.46502057613168,80.94650205761317,62.34567901234568,79.7119341563786,63.74485596707819,78.06584362139918
60,Poliwag,,Water,,300,40,50,40,40,40,90,1,Poliwag,8.271604938271606,17.11934156378601,9.588477366255145,14.897119341563785,10.246913580246913,72.79835390946502
61,Poliwhirl,,Water,,385,65,65,65,50,50,90,1,Poliwhirl,44.074074074074076,34.32098765432099,41.64609053497942,27.037037037037038,22.098765432098766,72.79835390946502
62,Poliwrath,,Water,Fighting,510,90,95,95,70,90,70,1,Poliwrath,79.46502057613168,67.73662551440329,77.11934156378601,53.78600823045267,75.7201646090535,52.59259259259259
63,Abra,,Psychic,,310,25,20,15,105,55,90,1,Abra,1.02880658436214,0.9465020576131686,0.45267489711934156,82.88065843621399,29.46502057613169,72.79835390946502
64,Kadabra,,Psychic,,400,40,35,30,120,70,105,1,Kadabra,8.271604938271606,5.967078189300412,2.5925925925925926,89.25925925925927,50.37037037037037,87.07818930041152
65,Alakazam,,Psychic,,500,55,50,45,135,95,120,1,Alakazam,27.901234567901234,17.11934156378601,15.34979423868313,95.34979423868313,80.20576131687243,94.5679012345679
66,Machop,,Fighting,,305,70,80,50,35,35,35,1,Machop,52.63374485596708,51.81069958847737,21.604938271604937,9.588477366255145,6.008230452674898,13.004115226337449
67,Machoke,,Fighting,,405,80,100,70,50,60,45,1,Machoke,69.58847736625515,73.08641975308642,49.135802469135804,27.037037037037038,36.21399176954733,23.456790123456788
68,Machamp,,Fighting,,505,90,130,80,65,85,55,1,Machamp,79.46502057613168,92.46913580246914,62.34567901234568,48.18930041152264,70.12345679012346,34.52674897119341
69,Bellsprout,,Grass,Poison,300,50,75,35,70,30,40,1,Bellsprout,21.193415637860085,46.21399176954733,5.3086419753086425,53.78600823045267,3.168724279835391,17.736625514403293
70,Weepinbell,,Grass,Poison,390,65,90,50,85,45,55,1,Weepinbell,44.074074074074076,62.92181069958848,21.604938271604937,67.61316872427983,15.843621399176955,34.52674897119341
71,Victreebel,,Grass,Poison,490,80,105,65,100,70,70,1,Victreebel,69.58847736625515,77.9835390946502,41.64609053497942,79.7119341563786,50.37037037037037,52.59259259259259
72,Tentacool,,Water,Poison,335,40,40,35,50,100,70,1,Tentacool,8.271604938271606,8.518518518518519,5.3086419753086425,27.037037037037038,84.93827160493828,52.59259259259259
73,Tentacruel,,Water,Poison,515,80,70,65,80,120,100,1,Tentacruel,69.58847736625515,40.45267489711934,41.64609053497942,62.59259259259259,94.8559670781893,83.25102880658436
74,Geodude,,Rock,Ground,300,40,80,100,30,30,20,1,Geodude,8.271604938271606,51.81069958847737,81.6872427983539,5.637860082304527,3.168724279835391,2.7983539094650207
75,Graveler,,Rock,Ground,390,55,95,115,45,45,35,1,Graveler,27.901234567901234,67.73662551440329,90.08230452674897,21.358024691358025,15.843621399176955,13.004115226337449
76,Golem,,Rock,Ground,495,80,120,130,55,65,45,1,Golem,69.58847736625515,87.07818930041152,95.34979423868313,33.62139917695473,43.58024691358025,23.456790123456788
77,Ponyta,,Fire,,410,50,85,55,65,65,90,1,Ponyta,21.193415637860085,58.14814814814815,27.942386831275723,48.18930041152264,43.58024691358025,72.79835390946502
78,Rapidash,,Fire,,500,65,100,70,80,80,105,1,Rapidash,44.074074074074076,73.08641975308642,49.135802469135804,62.59259259259259,63.74485596707819,87.07818930041152
79,Slowpoke,,Water,Psychic,315,90,65,65,40,40,15,1,Slowpoke,79.46502057613168,34.32098765432099,41.64609053497942,14.897119341563785,10.246913580246913,1.3580246913580247
80,Slowbro,,Water,Psychic,490,95,75,110,100,80,30,1,Slowbro,84.03292181069959,46.21399176954733,87.94238683127573,79.7119341563786,63.74485596707819,8.148148148148149
81,Magnemite,,Electric,Steel,325,25,35,70,95,55,45,1,Magnemite,1.02880658436214,5.967078189300412,49.135802469135804,75.18518518518519,29.46502057613169,23.456790123456788
82,Magneton,,Electric,Steel,465,50,60,95,120,70,70,1,Magneton,21.193415637860085,27.818930041152264,77.11934156378601,89.25925925925927,50.37037037037037,52.59259259259259
83,Farfetch'd,,Normal,Flying,377,52,90,55,58,62,60,1,Farfetch'd,24.897119341563787,62.92181069958848,27.942386831275723,36.91358024691358,39.58847736625514,40.45267489711934
84,Doduo,,Normal,Flying,310,35,85,45,35,35,75,1,Doduo,3.7448559670781894,58.14814814814815,15.34979423868313,9.588477366255145,6.008230452674898,57.983539094650205
85,Dodrio,,Normal,Flying,470,60,110,70,60,60,110,1,Dodrio,35.7201646090535,80.94650205761317,49.135802469135804,40.781893004115226,36.21399176954733,90.41152263374485
86,Seel,,Water,,325,65,45,55,45,70,45,1,Seel,44.074074074074076,12.098765432098766,27.942386831275723,21.358024691358025,50.37037037037037,23.456790123456788
87,Dewgong,,Water,Ice,475,90,70,80,70,95,70,1,Dewgong,79.46502057613168,40.45267489711934,62.34567901234568,53.78600823045267,80.20576131687243,52.59259259259259
88,Grimer,,Poison,,325,80,80,50,40,50,25,1,Grimer,69.58847736625515,51.81069958847737,21.604938271604937,14.897119341563785,22.098765432098766,4.691358024691358
89,Muk,,Poison,,500,105,105,75,65,100,50,1,Muk,91.72839506172839,77.9835390946502,55.80246913580247,48.18930041152264,84.93827160493828,29.46502057613169
90,Shellder,,Water,,305,30,65,100,45,25,40,1,Shellder,2.05761316872428,34.32098765432099,81.6872427983539,21.358024691358025,1.3580246913580247,17.736625514403293
91,Cloyster,,Water,Ice,525,50,95,180,85,45,70,1,Cloyster,21.193415637860085,67.73662551440329,99.1769547325103,67.61316872427983,15.843621399176955,52.59259259259259
92,Gastly,,Ghost,Poison,310,30,35,30,100,35,80,1,Gastly,2.05761316872428,5.967078189300412,2.5925925925925926,79.7119341563786,6.008230452674898,62.63374485596708
93,Haunter,,Ghost,Poison,405,45,50,45,115,55,95,1,Haunter,14.5679012345679,17.11934156378601,15.34979423868313,87.86008230452676,29.46502057613169,78.06584362139918
94,Gengar,,Ghost,Poison,500,60,65,60,130,75,110,1,Gengar,35.7201646090535,34.32098765432099,34.23868312757202,93.7037037037037,57.160493827160494,90.41152263374485
95,Onix,,Rock,Ground,385,35,45,160,30,45,70,1,Onix,3.7448559670781894,12.098765432098766,98.80658436213992,5.637860082304527,15.843621399176955,52.59259259259259
96,Drowzee,,Psychic,,328,60,48,45,43,90,42,1,Drowzee,35.7201646090535,14.5679012345679,15.34979423868313,18.395061728395063,75.7201646090535,20.08230452674897
97,Hypno,,Psychic,,483,85,73,70,73,115,67,1,Hypno,74.81481481481481,43.66255144032922,49.135802469135804,56.54320987654321,93.08641975308643,49.382716049382715
98,Krabby,,Water,,325,30,105,90,25,25,50,1,Krabby,2.05761316872428,77.9835390946502,72.46913580246913,2.5925925925925926,1.3580246913580247,29.46502057613169
99,Kingler,,Water,,475,55,130,115,50,50,75,1,Kingler,27.901234567901234,92.46913580246914,90.08230452674897,27.037037037037038,22.098765432098766,57.983539094650205
100,Voltorb,,Electric,,330,40,30,50,55,55,100,1,Voltorb,8.271604938271606,3.909465020576132,21.604938271604937,33.62139917695473,29.46502057613169,83.25102880658436
101,Electrode,,Electric,,490,60,50,70,80,80,150,1,Electrode,35.7201646090535,17.11934156378601,49.135802469135804,62.59259259259259,63.74485596707819,99.42386831275721
102,Exeggcute,,Grass,Psychic,325,60,40,80,60,45,40,1,Exeggcute,35.7201646090535,8.518518518518519,62.34567901234568,40.781893004115226,15.843621399176955,17.736625514403293
103,Exeggutor,,Grass,Psychic,530,95,95,85,125,75,55,1,Exeggutor,84.03292181069959,67.73662551440329,67.53086419753086,91.52263374485597,57.160493827160494,34.52674897119341
104,Cubone,,Ground,,320,50,50,95,40,50,35,1,Cubone,21.193415637860085,17.11934156378601,77.11934156378601,14.897119341563785,22.098765432098766,13.004115226337449
105,Marowak,,Ground,,425,60,80,110,50,80,45,1,Marowak,35.7201646090535,51.81069958847737,87.94238683127573,27.037037037037038,63.74485596707819,23.456790123456788
106,Hitmonlee,,Fighting,,455,50,120,53,35,110,87,1,Hitmonlee,21.193415637860085,87.07818930041152,25.514403292181072,9.588477366255145,91.23456790123457,70.45267489711934
107,Hitmonchan,,Fighting,,455,50,105,79,35,110,76,1,Hitmonchan,21.193415637860085,77.9835390946502,59.50617283950618,9.588477366255145,91.23456790123457,59.4238683127572
108,Lickitung,,Normal,,385,90,55,75,60,75,30,1,Lickitung,79.46502057613168,22.633744855967077,55.80246913580247,40.781893004115226,57.160493827160494,8.148148148148149
109,Koffing,,Poison,,340,40,65,95,60,45,35,1,Koffing,8.271604938271606,34.32098765432099,77.11934156378601,40.781893004115226,15.843621399176955,13.004115226337449
110,Weezing,,Poison,,490,65,90,120,85,70,60,1,Weezing,44.074074074074076,62.92181069958848,92.18106995884774,67.61316872427983,50.37037037037037,40.45267489711934
111,Rhyhorn,,Ground,Rock,345,80,85,95,30,30,25,1,Rhyhorn,69.58847736625515,58.14814814814815,77.11934156378601,5.637860082304527,3.168724279835391,4.691358024691358
112,Rhydon,,Ground,Rock,485,105,130,120,45,45,40,1,Rhydon,91.72839506172839,92.46913580246914,92.18106995884774,21.358024691358025,15.843621399176955,17.736625514403293
113,Chansey,,Normal,,450,250,5,5,35,105,50,1,Chansey,99.83539094650206,0.12345679012345678,0.12345679012345678,9.588477366255145,88.18930041152264,29.46502057613169
114,Tangela,,Grass,,435,65,55,115,100,40,60,1,Tangela,44.074074074074076,22.633744855967077,90.08230452674897,79.7119341563786,10.246913580246913,40.45267489711934
115,Kangaskhan,,Normal,,490,105,95,80,40,80,90,1,Kangaskhan,91.72839506172839,67.73662551440329,62.34567901234568,14.897119341563785,63.74485596707819,72.79835390946502
116,Horsea,,Water,,295,30,40,70,70,25,60,1,Horsea,2.05761316872428,8.518518518518519,49.135802469135804,53.78600823045267,1.3580246913580247,40.45267489711934
117,Seadra,,Water,,440,55,65,95,95,45,85,1,Seadra,27.901234567901234,34.32098765432099,77.11934156378601,75.18518518518519,15.843621399176955,67.9835390946502
118,Goldeen,,Water,,320,45,67,60,35,50,63,1,Goldeen,14.5679012345679,37.407407407407405,34.23868312757202,9.588477366255145,22.098765432098766,43.62139917695473
119,Seaking,,Water,,450,80,92,65,65,80,68,1,Seaking,69.58847736625515,65.22633744855966,41.64609053497942,48.18930041152264,63.74485596707819,49.876543209876544
120,Staryu,,Water,,340,30,45,55,70,55,85,1,Staryu,2.05761316872428,12.098765432098766,27.942386831275723,53.78600823045267,29.46502057613169,67.9835390946502
121,Starmie,,Water,Psychic,520,60,75,85,100,85,115,1,Starmie,35.7201646090535,46.21399176954733,67.53086419753086,79.7119341563786,70.12345679012346,92.96296296296296
122,Mr. Mime,,Psychic,Fairy,460,40,45,65,100,120,90,1,Mr. Mime,8.271604938271606,12.098765432098766,41.64609053497942,79.7119341563786,94.8559670781893,72.79835390946502
123,Scyther,,Bug,Flying,500,70,110,80,55,80,105,1,Scyther,52.63374485596708,80.94650205761317,62.34567901234568,33.62139917695473,63.74485596707819,87.07818930041152
124,Jynx,,Ice,Psychic,455,65,50,35,115,95,95,1,Jynx,44.074074074074076,17.11934156378601,5.3086419753086425,87.86008230452676,80.20576131687243,78.06584362139918
125,Electabuzz,,Electric,,490,65,83,57,95,85,105,1,Electabuzz,44.074074074074076,55.349794238683124,30.12345679012346,75.18518518518519,70.12345679012346,87.07818930041152
126,Magmar,,Fire,,495,65,95,57,100,85,93,1,Magmar,44.074074074074076,67.73662551440329,30.12345679012346,79.7119341563786,70.12345679012346,76.17283950617283
127,Pinsir,,Bug,,500,65,125,100,55,70,85,1,Pinsir,44.074074074074076,90.16460905349794,81.6872427983539,33.62139917695473,50.37037037037037,67.9835390946502
128,Tauros,,Normal,,490,75,100,95,40,70,110,1,Tauros,61.72839506172839,73.08641975308642,77.11934156378601,14.897119341563785,50.37037037037037,90.41152263374485
129,Magikarp,,Water,,200,20,10,55,15,20,80,1,Magikarp,0.6172839506172839,0.3292181069958848,27.942386831275723,0.5761316872427984,0.3292181069958848,62.63374485596708
130,Gyarados,,Water,Flying,540,95,125,79,60,100,81,1,Gyarados,84.03292181069959,90.16460905349794,59.50617283950618,40.781893004115226,84.93827160493828,64.52674897119341
131,Lapras,,Water,Ice,535,130,85,80,85,95,60,1,Lapras,97.6954732510288,58.14814814814815,62.34567901234568,67.61316872427983,80.20576131687243,40.45267489711934
132,Ditto,,Normal,,288,48,48,48,48,48,48,1,Ditto,17.366255144032923,14.5679012345679,18.14814814814815,24.074074074074073,18.641975308641975,26.337448559670783
133,Eevee,,Normal,,325,55,55,50,45,65,55,1,Eevee,27.901234567901234,22.633744855967077,21.604938271604937,21.358024691358025,43.58024691358025,34.52674897119341
134,Vaporeon,,Water,,525,130,65,60,110,95,65,1,Vaporeon,97.6954732510288,34.32098765432099,34.23868312757202,85.63786008230453,80.20576131687243,46.46090534979424
135,Jolteon,,Electric,,525,65,65,60,110,95,130,1,Jolteon,44.074074074074076,34.32098765432099,34.23868312757202,85.63786008230453,80.20576131687243,97.11934156378601
136,Flareon,,Fire,,525,65,130,60,95,110,65,1,Flareon,44.074074074074076,92.46913580246914,34.23868312757202,75.18518518518519,91.23456790123457,46.46090534979424
137,Porygon,,Normal,,395,65,60,70,85,75,40,1,Porygon,44.074074074074076,27.818930041152264,49.135802469135804,67.61316872427983,57.160493827160494,17.736625514403293
138,Omanyte,,Rock,Water,355,35,40,100,90,55,35,1,Omanyte,3.7448559670781894,8.518518518518519,81.6872427983539,71.19341563786008,29.46502057613169,13.004115226337449
139,Omastar,,Rock,Water,495,70,60,125,115,70,55,1,Omastar,52.63374485596708,27.818930041152264,94.07407407407408,87.86008230452676,50.37037037037037,34.52674897119341
140,Kabuto,,Rock,Water,355,30,80,90,55,45,55,1,Kabuto,2.05761316872428,51.81069958847737,72.46913580246913,33.62139917695473,15.843621399176955,34.52674897119341
141,Kabutops,,Rock,Water,495,60,115,105,65,70,80,1,Kabutops,35.7201646090535,83.82716049382715,85.18518518518519,48.18930041152264,50.37037037037037,62.63374485596708
142,Aerodactyl,,Rock,Flying,515,80,105,65,60,75,130,1,Aerodactyl,69.58847736625515,77.9835390946502,41.64609053497942,40.781893004115226,57.160493827160494,97.11934156378601
143,Snorlax,,Normal,,540,160,110,65,65,110,30,1,Snorlax,99.1358024691358,80.94650205761317,41.64609053497942,48.18930041152264,91.23456790123457,8.148148148148149
144,Articuno,,Ice,Flying,580,90,85,100,95,125,85,1,Articuno,79.46502057613168,58.14814814814815,81.6872427983539,75.18518518518519,96.0082304526749,67.9835390946502
145,Zapdos,,Electric,Flying,580,90,90,85,125,90,100,1,Zapdos,79.46502057613168,62.92181069958848,67.53086419753086,91.52263374485597,75.7201646090535,83.25102880658436
146,Moltres,,Fire,Flying,580,90,100,90,125,85,90,1,Moltres,79.46502057613168,73.08641975308642,72.46913580246913,91.52263374485597,70.12345679012346,72.79835390946502
147,Dratini,,Dragon,,300,41,64,45,50,50,50,1,Dratini,10.905349794238683,31.646090534979425,15.34979423868313,27.037037037037038,22.098765432098766,29.46502057613169
148,Dragonair,,Dragon,,420,61,84,65,70,70,70,1,Dragonair,39.711934156378604,55.84362139917695,41.64609053497942,53.78600823045267,50.37037037037037,52.59259259259259
149,Dragonite,,Dragon,Flying,600,91,134,95,100,100,80,1,Dragonite,81.81069958847736,94.07407407407408,77.11934156378601,79.7119341563786,84.93827160493828,62.63374485596708
150,Mewtwo,,Psychic,,680,106,110,90,154,90,130,1,Mewtwo,92.63374485596708,80.94650205761317,72.46913580246913,98.559670781893,75.7201646090535,97.11934156378601
151,Mew,,Psychic,,600,100,100,100,100,100,100,1,Mew,88.35390946502058,73.08641975308642,81.6872427983539,79.7119341563786,84.93827160493828,83.25102880658436
152,Chikorita,,Grass,,318,45,49,65,49,65,45,2,Chikorita,14.5679012345679,15.06172839506173,41.64609053497942,24.320987654320987,43.58024691358025,23.456790123456788
153,Bayleef,,Grass,,405,60,62,80,63,80,60,2,Bayleef,35.7201646090535,30.41152263374486,62.34567901234568,45.1440329218107,63.74485596707819,40.45267489711934
154,Meganium,,Grass,,525,80,82,100,83,100,80,2,Meganium,69.58847736625515,54.773662551440324,81.6872427983539,65.67901234567901,84.93827160493828,62.63374485596708
155,Cyndaquil,,Fire,,309,39,52,43,60,50,65,2,Cyndaquil,5.802469135802469,19.54732510288066,12.716049382716049,40.781893004115226,22.098765432098766,46.46090534979424
156,Quilava,,Fire,,405,58,64,58,80,65,80,2,Quilava,30.987654320987655,31.646090534979425,30.69958847736626,62.59259259259259,43.58024691358025,62.63374485596708
157,Typhlosion,,Fire,,534,78,84,78,109,85,100,2,Typhlosion,65.7201646090535,55.84362139917695,58.93004115226338,84.5679012345679,70.12345679012346,83.25102880658436
158,Totodile,,Water,,314,50,65,64,44,48,43,2,Totodile,21.193415637860085,34.32098765432099,39.053497942386834,18.88888888888889,18.641975308641975,20.82304526748971
159,Croconaw,,Water,,405,65,80,80,59,63,58,2,Croconaw,44.074074074074076,51.81069958847737,62.34567901234568,37.61316872427983,40.24691358024691,37.28395061728395
160,Feraligatr,,Water,,530,85,105,100,79,83,78,2,Feraligatr,74.81481481481481,77.9835390946502,81.6872427983539,60.45267489711934,67.9835390946502,60.41152263374485
161,Sentret,,Normal,,215,35,46,34,35,45,20,2,Sentret,3.7448559670781894,13.786008230452676,3.868312757201646,9.588477366255145,15.843621399176955,2.7983539094650207
162,Furret,,Normal,,415,85,76,64,45,55,90,2,Furret,74.81481481481481,48.43621399176955,39.053497942386834,21.358024691358025,29.46502057613169,72.79835390946502
163,Hoothoot,,Normal,Flying,262,60,30,30,36,56,50,2,Hoothoot,35.7201646090535,3.909465020576132,2.5925925925925926,11.316872427983538,32.38683127572016,29.46502057613169
164,Noctowl,,Normal,Flying,452,100,50,50,86,96,70,2,Noctowl,88.35390946502058,17.11934156378601,21.604938271604937,69.34156378600824,82.22222222222221,52.59259259259259
165,Ledyba,,Bug,Flying,265,40,20,30,40,80,55,2,Ledyba,8.271604938271606,0.9465020576131686,2.5925925925925926,14.897119341563785,63.74485596707819,34.52674897119341
166,Ledian,,Bug,Flying,390,55,35,50,55,110,85,2,Ledian,27.901234567901234,5.967078189300412,21.604938271604937,33.62139917695473,91.23456790123457,67.9835390946502
167,Spinarak,,Bug,Poison,250,40,60,40,40,40,30,2,Spinarak,8.271604938271606,27.818930041152264,9.588477366255145,14.897119341563785,10.246913580246913,8.148148148148149
168,Ariados,,Bug,Poison,400,70,90,70,60,70,40,2,Ariados,52.63374485596708,62.92181069958848,49.135802469135804,40.781893004115226,50.37037037037037,17.736625514403293
169,Crobat,,Poison,Flying,535,85,90,80,70,80,130,2,Crobat,74.81481481481481,62.92181069958848,62.34567901234568,53.78600823045267,63.74485596707819,97.11934156378601
170,Chinchou,,Water,Electric,330,75,38,38,56,56,67,2,Chinchou,61.72839506172839,7.037037037037037,7.078189300411522,36.090534979423865,32.38683127572016,49.382716049382715
171,Lanturn,,Water,Electric,460,125,58,58,76,76,67,2,Lanturn,97.03703703703704,25.349794238683128,30.69958847736626,59.7119341563786,59.794238683127574,49.382716049382715
172,Pichu,,Electric,,205,20,40,15,35,35,60,2,Pichu,0.6172839506172839,8.518518518518519,0.45267489711934156,9.588477366255145,6.008230452674898,40.45267489711934
173,Cleffa,,Fairy,,218,50,25,28,45,55,15,2,Cleffa,21.193415637860085,1.934156378600823,1.6872427983539096,21.358024691358025,29.46502057613169,1.3580246913580247
174,Igglybuff,,Normal,Fairy,210,90,30,15,40,20,15,2,Igglybuff,79.46502057613168,3.909465020576132,0.45267489711934156,14.897119341563785,0.3292181069958848,1.3580246913580247
175,Togepi,,Fairy,,245,35,20,65,40,65,20,2,Togepi,3.7448559670781894,0.9465020576131686,41.64609053497942,14.897119341563785,43.58024691358025,2.7983539094650207
176,Togetic,,Fairy,Flying,405,55,40,85,80,105,40,2,Togetic,27.901234567901234,8.518518518518519,67.53086419753086,62.59259259259259,88.18930041152264,17.736625514403293
177,Natu,,Psychic,Flying,320,40,50,45,70,45,70,2,Natu,8.271604938271606,17.11934156378601,15.34979423868313,53.78600823045267,15.843621399176955,52.59259259259259
178,Xatu,,Psychic,Flying,470,65,75,70,95,70,95,2,Xatu,44.074074074074076,46.21399176954733,49.135802469135804,75.18518518518519,50.37037037037037,78.06584362139918
179,Mareep,,Electric,,280,55,40,40,65,45,35,2,Mareep,27.901234567901234,8.518518518518519,9.588477366255145,48.18930041152264,15.843621399176955,13.004115226337449
180,Flaaffy,,Electric,,365,70,55,55,80,60,45,2,Flaaffy,52.63374485596708,22.633744855967077,27.942386831275723,62.59259259259259,36.21399176954733,23.456790123456788
181,Ampharos,,Electric,,510,90,75,85,115,90,55,2,Ampharos,79.46502057613168,46.21399176954733,67.53086419753086,87.86008230452676,75.7201646090535,34.52674897119341
182,Bellossom,,Grass,,490,75,80,95,90,100,50,2,Bellossom,61.72839506172839,51.81069958847737,77.11934156378601,71.19341563786008,84.93827160493828,29.46502057613169
183,Marill,,Water,Fairy,250,70,20,50,20,50,40,2,Marill,52.63374485596708,0.9465020576131686,21.604938271604937,1.1934156378600824,22.098765432098766,17.736625514403293
184,Azumarill,,Water,Fairy,420,100,50,80,60,80,50,2,Azumarill,88.35390946502058,17.11934156378601,62.34567901234568,40.781893004115226,63.74485596707819,29.46502057613169
185,Sudowoodo,,Rock,,410,70,100,115,30,65,30,2,Sudowoodo,52.63374485596708,73.08641975308642,90.08230452674897,5.637860082304527,43.58024691358025,8.148148148148149
186,Politoed,,Water,,500,90,75,75,90,100,70,2,Politoed,79.46502057613168,46.21399176954733,55.80246913580247,71.19341563786008,84.93827160493828,52.59259259259259
187,Hoppip,,Grass,Flying,250,35,35,40,35,55,50,2,Hoppip,3.7448559670781894,5.967078189300412,9.588477366255145,9.588477366255145,29.46502057613169,29.46502057613169
188,Skiploom,,Grass,Flying,340,55,45,50,45,65,80,2,Skiploom,27.901234567901234,12.098765432098766,21.604938271604937,21.358024691358025,43.58024691358025,62.63374485596708
189,Jumpluff,,Grass,Flying,460,75,55,70,55,95,110,2,Jumpluff,61.72839506172839,22.633744855967077,49.135802469135804,33.62139917695473,80.20576131687243,90.41152263374485
190,Aipom,,Normal,,360,55,70,55,40,55,85,2,Aipom,27.901234567901234,40.45267489711934,27.942386831275723,14.897119341563785,29.46502057613169,67.9835390946502
191,Sunkern,,Grass,,180,30,30,30,30,30,30,2,Sunkern,2.05761316872428,3.909465020576132,2.5925925925925926,5.637860082304527,3.168724279835391,8.148148148148149
192,Sunflora,,Grass,,425,75,75,55,105,85,30,2,Sunflora,61.72839506172839,46.21399176954733,27.942386831275723,82.88065843621399,70.12345679012346,8.148148148148149
193,Yanma,,Bug,Flying,390,65,65,45,75,45,95,2,Yanma,44.074074074074076,34.32098765432099,15.34979423868313,58.477366255144034,15.843621399176955,78.06584362139918
194,Wooper,,Water,Ground,210,55,45,45,25,25,15,2,Wooper,27.901234567901234,12.098765432098766,15.34979423868313,2.5925925925925926,1.3580246913580247,1.3580246913580247
195,Quagsire,,Water,Ground,430,95,85,85,65,65,35,2,Quagsire,84.03292181069959,58.14814814814815,67.53086419753086,48.18930041152264,43.58024691358025,13.004115226337449
196,Espeon,,Psychic,,525,65,65,60,130,95,110,2,Espeon,44.074074074074076,34.32098765432099,34.23868312757202,93.7037037037037,80.20576131687243,90.41152263374485
197,Umbreon,,Dark,,525,95,65,110,60,130,65,2,Umbreon,84.03292181069959,34.32098765432099,87.94238683127573,40.781893004115226,96.99588477366255,46.46090534979424
198,Murkrow,,Dark,Flying,405,60,85,42,85,42,91,2,Murkrow,35.7201646090535,58.14814814814815,12.304526748971194,67.61316872427983,13.004115226337449,74.93827160493827
199,Slowking,,Water,Psychic,490,95,75,80,100,110,30,2,Slowking,84.03292181069959,46.21399176954733,62.34567901234568,79.7119341563786,91.23456790123457,8.148148148148149
200,Misdreavus,,Ghost,,435,60,60,60,85,85,85,2,Misdreavus,35.7201646090535,27.818930041152264,34.23868312757202,67.61316872427983,70.12345679012346,67.9835390946502
201,Unown,,Psychic,,336,48,72,48,72,48,48,2,Unown,17.366255144032923,43.00411522633745,18.14814814814815,56.17283950617284,18.641975308641975,26.337448559670783
202,Wobbuffet,,Psychic,,405,190,33,58,33,58,33,2,Wobbuffet,99.50617283950616,5.102880658436214,30.69958847736626,7.777777777777778,33.1275720164609,11.11111111111111
203,Girafarig,,Normal,Psychic,455,70,80,65,90,65,85,2,Girafarig,52.63374485596708,51.81069958847737,41.64609053497942,71.19341563786008,43.58024691358025,67.9835390946502
204,Pineco,,Bug,,290,50,65,90,35,35,15,2,Pineco,21.193415637860085,34.32098765432099,72.46913580246913,9.588477366255145,6.008230452674898,1.3580246913580247
205,Forretress,,Bug,Steel,465,75,90,140,60,60,40,2,Forretress,61.72839506172839,62.92181069958848,97.20164609053498,40.781893004115226,36.21399176954733,17.736625514403293
206,Dunsparce,,Normal,,415,100,70,70,65,65,45,2,Dunsparce,88.35390946502058,40.45267489711934,49.135802469135804,48.18930041152264,43.58024691358025,23.456790123456788
207,Gligar,,Ground,Flying,430,65,75,105,35,65,85,2,Gligar,44.074074074074076,46.21399176954733,85.18518518518519,9.588477366255145,43.58024691358025,67.9835390946502
208,Steelix,,Steel,Ground,510,75,85,200,55,65,30,2,Steelix,61.72839506172839,58.14814814814815,99.54732510288066,33.62139917695473,43.58024691358025,8.148148148148149
209,Snubbull,,Fairy,,300,60,80,50,40,40,30,2,Snubbull,35.7201646090535,51.81069958847737,21.604938271604937,14.897119341563785,10.246913580246913,8.148148148148149
210,Granbull,,Fairy,,450,90,120,75,60,60,45,2,Granbull,79.46502057613168,87.07818930041152,55.80246913580247,40.781893004115226,36.21399176954733,23.456790123456788
211,Qwilfish,,Water,Poison,440,65,95,85,55,55,85,2,Qwilfish,44.074074074074076,67.73662551440329,67.53086419753086,33.62139917695473,29.46502057613169,67.9835390946502
212,Scizor,,Bug,Steel,500,70,130,100,55,80,65,2,Scizor,52.63374485596708,92.46913580246914,81.6872427983539,33.62139917695473,63.74485596707819,46.46090534979424
213,Shuckle,,Bug,Rock,505,20,10,230,10,230,5,2,Shuckle,0.6172839506172839,0.3292181069958848,99.83539094650206,0.205761316872428,99.91769547325103,0.1646090534979424
214,Heracross,,Bug,Fighting,500,80,125,75,40,95,85,2,Heracross,69.58847736625515,90.16460905349794,55.80246913580247,14.897119341563785,80.20576131687243,67.9835390946502
215,Sneasel,,Dark,Ice,430,55,95,55,35,75,115,2,Sneasel,27.901234567901234,67.73662551440329,27.942386831275723,9.588477366255145,57.160493827160494,92.96296296296296
216,Teddiursa,,Normal,,330,60,80,50,50,50,40,2,Teddiursa,35.7201646090535,51.81069958847737,21.604938271604937,27.037037037037038,22.098765432098766,17.736625514403293
217,Ursaring,,Normal,,500,90,130,75,75,75,55,2,Ursaring,79.46502057613168,92.46913580246914,55.80246913580247,58.477366255144034,57.160493827160494,34.52674897119341
218,Slugma,,Fire,,250,40,40,40,70,40,20,2,Slugma,8.271604938271606,8.518518518518519,9.588477366255145,53.78600823045267,10.246913580246913,2.7983539094650207
219,Magcargo,,Fire,Rock,430,60,50,120,90,80,30,2,Magcargo,35.7201646090535,17.11934156378601,92.18106995884774,71.19341563786008,63.74485596707819,8.148148148148149
220,Swinub,,Ice,Ground,250,50,50,40,30,30,50,2,Swinub,21.193415637860085,17.11934156378601,9.588477366255145,5.637860082304527,3.168724279835391,29.46502057613169
221,Piloswine,,Ice,Ground,450,100,100,80,60,60,50,2,Piloswine,88.35390946502058,73.08641975308642,62.34567901234568,40.781893004115226,36.21399176954733,29.46502057613169
222,Corsola,,Water,Rock,410,65,55,95,65,95,35,2,Corsola,44.074074074074076,22.633744855967077,77.11934156378601,48.18930041152264,80.20576131687243,13.004115226337449
223,Remoraid,,Water,,300,35,65,35,65,35,65,2,Remoraid,3.7448559670781894,34.32098765432099,5.3086419753086425,48.18930041152264,6.008230452674898,46.46090534979424
224,Octillery,,Water,,480,75,105,75,105,75,45,2,Octillery,61.72839506172839,77.9835390946502,55.80246913580247,82.88065843621399,57.160493827160494,23.456790123456788
225,Delibird,,Ice,Flying,330,45,55,45,65,45,75,2,Delibird,14.5679012345679,22.633744855967077,15.34979423868313,48.18930041152264,15.843621399176955,57.983539094650205
226,Mantine,,Water,Flying,485,85,40,70,80,140,70,2,Mantine,74.81481481481481,8.518518518518519,49.135802469135804,62.59259259259259,98.559670781893,52.59259259259259
227,Skarmory,,Steel,Flying,465,65,80,140,40,70,70,2,Skarmory,44.074074074074076,51.81069958847737,97.20164609053498,14.897119341563785,50.37037037037037,52.59259259259259
228,Houndour,,Dark,Fire,330,45,60,30,80,50,65,2,Houndour,14.5679012345679,27.818930041152264,2.5925925925925926,62.59259259259259,22.098765432098766,46.46090534979424
229,Houndoom,,Dark,Fire,500,75,90,50,110,80,95,2,Houndoom,61.72839506172839,62.92181069958848,21.604938271604937,85.63786008230453,63.74485596707819,78.06584362139918
230,Kingdra,,Water,Dragon,540,75,95,95,95,95,85,2,Kingdra,61.72839506172839,67.73662551440329,77.11934156378601,75.18518518518519,80.20576131687243,67.9835390946502
231,Phanpy,,Ground,,330,90,60,60,40,40,40,2,Phanpy,79.46502057613168,27.818930041152264,34.23868312757202,14.897119341563785,10.246913580246913,17.736625514403293
232,Donphan,,Ground,,500,90,120,120,60,60,50,2,Donphan,79.46502057613168,87.07818930041152,92.18106995884774,40.781893004115226,36.21399176954733,29.46502057613169
233,Porygon2,,Normal,,515,85,80,90,105,95,60,2,Porygon2,74.81481481481481,51.81069958847737,72.46913580246913,82.88065843621399,80.20576131687243,40.45267489711934
234,Stantler,,Normal,,465,73,95,62,85,65,85,2,Stantler,58.0246913580247,67.73662551440329,37.73662551440329,67.61316872427983,43.58024691358025,67.9835390946502
235,Smeargle,,Normal,,250,55,20,35,20,45,75,2,Smeargle,27.901234567901234,0.9465020576131686,5.3086419753086425,1.1934156378600824,15.843621399176955,57.983539094650205
236,Tyrogue,,Fighting,,210,35,35,35,35,35,35,2,Tyrogue,3.7448559670781894,5.967078189300412,5.3086419753086425,9.588477366255145,6.008230452674898,13.004115226337449
237,Hitmontop,,Fighting,,455,50,95,95,35,110,70,2,Hitmontop,21.193415637860085,67.73662551440329,77.11934156378601,9.588477366255145,91.23456790123457,52.59259259259259
238,Smoochum,,Ice,Psychic,305,45,30,15,85,65,65,2,Smoochum,14.5679012345679,3.909465020576132,0.45267489711934156,67.61316872427983,43.58024691358025,46.46090534979424
239,Elekid,,Electric,,360,45,63,37,65,55,95,2,Elekid,14.5679012345679,30.987654320987655,6.790123456790123,48.18930041152264,29.46502057613169,78.06584362139918
240,Magby,,Fire,,365,45,75,37,70,55,83,2,Magby,14.5679012345679,46.21399176954733,6.790123456790123,53.78600823045267,29.46502057613169,65.51440329218107
241,Miltank,,Normal,,490,95,80,105,40,70,100,2,Miltank,84.03292181069959,51.81069958847737,85.18518518518519,14.897119341563785,50.37037037037037,83.25102880658436
242,Blissey,,Normal,,540,255,10,10,75,135,55,2,Blissey,99.95884773662551,0.3292181069958848,0.24691358024691357,58.477366255144034,98.0246913580247,34.52674897119341
243,Raikou,,Electric,,580,90,85,75,115,100,115,2,Raikou,79.46502057613168,58.14814814814815,55.80246913580247,87.86008230452676,84.93827160493828,92.96296296296296
244,Entei,,Fire,,580,115,115,85,90,75,100,2,Entei,95.47325102880659,83.82716049382715,67.53086419753086,71.19341563786008,57.160493827160494,83.25102880658436
245,Suicune,,Water,,580,100,75,115,90,115,85,2,Suicune,88.35390946502058,46.21399176954733,90.08230452674897,71.19341563786008,93.08641975308643,67.9835390946502
246,Larvitar,,Rock,Ground,300,50,64,50,45,50,41,2,Larvitar,21.193415637860085,31.646090534979425,21.604938271604937,21.358024691358025,22.098765432098766,19.588477366255145
247,Pupitar,,Rock,Ground,410,70,84,70,65,70,51,2,Pupitar,52.63374485596708,55.84362139917695,49.135802469135804,48.18930041152264,50.37037037037037,32.22222222222222
248,Tyranitar,,Rock,Dark,600,100,134,110,95,100,61,2,Tyranitar,88.35390946502058,94.07407407407408,87.94238683127573,75.18518518518519,84.93827160493828,43.12757201646091
249,Lugia,,Psychic,Flying,680,106,90,130,90,154,110,2,Lugia,92.63374485596708,62.92181069958848,95.34979423868313,71.19341563786008,99.50617283950616,90.41152263374485
250,Ho-oh,,Fire,Flying,680,106,130,90,110,154,90,2,Ho-oh,92.63374485596708,92.46913580246914,72.46913580246913,85.63786008230453,99.50617283950616,72.79835390946502
251,Celebi,,Psychic,Grass,600,100,100,100,100,100,100,2,Celebi,88.35390946502058,73.08641975308642,81.6872427983539,79.7119341563786,84.93827160493828,83.25102880658436
252,Treecko,,Grass,,310,40,45,35,65,55,70,3,Treecko,8.271604938271606,12.098765432098766,5.3086419753086425,48.18930041152264,29.46502057613169,52.59259259259259
253,Grovyle,,Grass,,405,50,65,45,85,65,95,3,Grovyle,21.193415637860085,34.32098765432099,15.34979423868313,67.61316872427983,43.58024691358025,78.06584362139918
254,Sceptile,,Grass,,530,70,85,65,105,85,120,3,Sceptile,52.63374485596708,58.14814814814815,41.64609053497942,82.88065843621399,70.12345679012346,94.5679012345679
255,Torchic,,Fire,,310,45,60,40,70,50,45,3,Torchic,14.5679012345679,27.818930041152264,9.588477366255145,53.78600823045267,22.098765432098766,23.456790123456788
256,Combusken,,Fire,Fighting,405,60,85,60,85,60,55,3,Combusken,35.7201646090535,58.14814814814815,34.23868312757202,67.61316872427983,36.21399176954733,34.52674897119341
257,Blaziken,,Fire,Fighting,530,80,120,70,110,70,80,3,Blaziken,69.58847736625515,87.07818930041152,49.135802469135804,85.63786008230453,50.37037037037037,62.63374485596708
258,Mudkip,,Water,,310,50,70,50,50,50,40,3,Mudkip,21.193415637860085,40.45267489711934,21.604938271604937,27.037037037037038,22.098765432098766,17.736625514403293
259,Marshtomp,,Water,Ground,405,70,85,70,60,70,50,3,Marshtomp,52.63374485596708,58.14814814814815,49.135802469135804,40.781893004115226,50.37037037037037,29.46502057613169
260,Swampert,,Water,Ground,535,100,110,90,85,90,60,3,Swampert,88.35390946502058,80.94650205761317,72.46913580246913,67.61316872427983,75.7201646090535,40.45267489711934
261,Poochyena,,Dark,,220,35,55,35,30,30,35,3,Poochyena,3.7448559670781894,22.633744855967077,5.3086419753086425,5.637860082304527,3.168724279835391,13.004115226337449
262,Mightyena,,Dark,,420,70,90,70,60,60,70,3,Mightyena,52.63374485596708,62.92181069958848,49.135802469135804,40.781893004115226,36.21399176954733,52.59259259259259
263,Zigzagoon,,Normal,,240,38,30,41,30,41,60,3,Zigzagoon,5.267489711934156,3.909465020576132,11.975308641975309,5.637860082304527,12.592592592592592,40.45267489711934
264,Linoone,,Normal,,420,78,70,61,50,61,100,3,Linoone,65.7201646090535,40.45267489711934,37.325102880658434,27.037037037037038,39.1358024691358,83.25102880658436
265,Wurmple,,Bug,,195,45,45,35,20,30,20,3,Wurmple,14.5679012345679,12.098765432098766,5.3086419753086425,1.1934156378600824,3.168724279835391,2.7983539094650207
266,Silcoon,,Bug,,205,50,35,55,25,25,15,3,Silcoon,21.193415637860085,5.967078189300412,27.942386831275723,2.5925925925925926,1.3580246913580247,1.3580246913580247
267,Beautifly,,Bug,Flying,395,60,70,50,100,50,65,3,Beautifly,35.7201646090535,40.45267489711934,21.604938271604937,79.7119341563786,22.098765432098766,46.46090534979424
268,Cascoon,,Bug,,205,50,35,55,25,25,15,3,Cascoon,21.193415637860085,5.967078189300412,27.942386831275723,2.5925925925925926,1.3580246913580247,1.3580246913580247
269,Dustox,,Bug,Poison,385,60,50,70,50,90,65,3,Dustox,35.7201646090535,17.11934156378601,49.135802469135804,27.037037037037038,75.7201646090535,46.46090534979424
270,Lotad,,Water,Grass,220,40,30,30,40,50,30,3,Lotad,8.271604938271606,3.909465020576132,2.5925925925925926,14.897119341563785,22.098765432098766,8.148148148148149
271,Lombre,,Water,Grass,340,60,50,50,60,70,50,3,Lombre,35.7201646090535,17.11934156378601,21.604938271604937,40.781893004115226,50.37037037037037,29.46502057613169
272,Ludicolo,,Water,Grass,480,80,70,70,90,100,70,3,Ludicolo,69.58847736625515,40.45267489711934,49.135802469135804,71.19341563786008,84.93827160493828,52.59259259259259
273,Seedot,,Grass,,220,40,40,50,30,30,30,3,Seedot,8.271604938271606,8.518518518518519,21.604938271604937,5.637860082304527,3.168724279835391,8.148148148148149
274,Nuzleaf,,Grass,Dark,340,70,70,40,60,40,60,3,Nuzleaf,52.63374485596708,40.45267489711934,9.588477366255145,40.781893004115226,10.246913580246913,40.45267489711934
275,Shiftry,,Grass,Dark,480,90,100,60,90,60,80,3,Shiftry,79.46502057613168,73.08641975308642,34.23868312757202,71.19341563786008,36.21399176954733,62.63374485596708
276,Taillow,,Normal,Flying,270,40,55,30,30,30,85,3,Taillow,8.271604938271606,22.633744855967077,2.5925925925925926,5.637860082304527,3.168724279835391,67.9835390946502
277,Swellow,,Normal,Flying,455,60,85,60,75,50,125,3,Swellow,35.7201646090535,58.14814814814815,34.23868312757202,58.477366255144034,22.098765432098766,96.04938271604938
278,Wingull,,Water,Flying,270,40,30,30,55,30,85,3,Wingull,8.271604938271606,3.909465020576132,2.5925925925925926,33.62139917695473,3.168724279835391,67.9835390946502
279,Pelipper,,Water,Flying,440,60,50,100,95,70,65,3,Pelipper,35.7201646090535,17.11934156378601,81.6872427983539,75.18518518518519,50.37037037037037,46.46090534979424
280,Ralts,,Psychic,Fairy,198,28,25,25,45,35,40,3,Ralts,1.2757201646090535,1.934156378600823,1.440329218106996,21.358024691358025,6.008230452674898,17.736625514403293
281,Kirlia,,Psychic,Fairy,278,38,35,35,65,55,50,3,Kirlia,5.267489711934156,5.967078189300412,5.3086419753086425,48.18930041152264,29.46502057613169,29.46502057613169
282,Gardevoir,,Psychic,Fairy,518,68,65,65,125,115,80,3,Gardevoir,48.10699588477366,34.32098765432099,41.64609053497942,91.52263374485597,93.08641975308643,62.63374485596708
283,Surskit,,Bug,Water,269,40,30,32,50,52,65,3,Surskit,8.271604938271606,3.909465020576132,3.580246913580247,27.037037037037038,25.720164609053498,46.46090534979424
284,Masquerain,,Bug,Flying,454,70,60,62,100,82,80,3,Masquerain,52.63374485596708,27.818930041152264,37.73662551440329,79.7119341563786,67.53086419753086,62.63374485596708
285,Shroomish,,Grass,,295,60,40,60,40,60,35,3,Shroomish,35.7201646090535,8.518518518518519,34.23868312757202,14.897119341563785,36.21399176954733,13.004115226337449
286,Breloom,,Grass,Fighting,460,60,130,80,60,60,70,3,Breloom,35.7201646090535,92.46913580246914,62.34567901234568,40.781893004115226,36.21399176954733,52.59259259259259
287,Slakoth,,Normal,,280,60,60,60,35,35,30,3,Slakoth,35.7201646090535,27.818930041152264,34.23868312757202,9.588477366255145,6.008230452674898,8.148148148148149
288,Vigoroth,,Normal,,440,80,80,80,55,55,90,3,Vigoroth,69.58847736625515,51.81069958847737,62.34567901234568,33.62139917695473,29.46502057613169,72.79835390946502
289,Slaking,,Normal,,670,150,160,100,95,65,100,3,Slaking,98.68312757201646,98.60082304526749,81.6872427983539,75.18518518518519,43.58024691358025,83.25102880658436
290,Nincada,,Bug,Ground,266,31,45,90,30,30,40,3,Nincada,2.7983539094650207,12.098765432098766,72.46913580246913,5.637860082304527,3.168724279835391,17.736625514403293
291,Ninjask,,Bug,Flying,456,61,90,45,50,50,160,3,Ninjask,39.711934156378604,62.92181069958848,15.34979423868313,27.037037037037038,22.098765432098766,99.83539094650206
292,Shedinja,,Bug,Ghost,236,1,90,45,30,30,40,3,Shedinja,0.0823045267489712,62.92181069958848,15.34979423868313,5.637860082304527,3.168724279835391,17.736625514403293
293,Whismur,,Normal,,240,64,51,23,51,23,28,3,Whismur,41.275720164609055,19.1358024691358,1.2345679012345678,29.7119341563786,0.6584362139917695,5.555555555555555
294,Loudred,,Normal,,360,84,71,43,71,43,48,3,Loudred,73.53909465020575,42.5514403292181,12.716049382716049,55.884773662551446,13.333333333333334,26.337448559670783
295,Exploud,,Normal,,490,104,91,63,91,73,68,3,Exploud,90.98765432098766,64.73251028806585,38.477366255144034,72.67489711934157,54.44444444444444,49.876543209876544
296,Makuhita,,Fighting,,237,72,60,30,20,30,25,3,Makuhita,57.28395061728395,27.818930041152264,2.5925925925925926,1.1934156378600824,3.168724279835391,4.691358024691358
297,Hariyama,,Fighting,,474,144,120,60,40,60,50,3,Hariyama,98.43621399176955,87.07818930041152,34.23868312757202,14.897119341563785,36.21399176954733,29.46502057613169
298,Azurill,,Normal,Fairy,190,50,20,40,20,40,20,3,Azurill,21.193415637860085,0.9465020576131686,9.588477366255145,1.1934156378600824,10.246913580246913,2.7983539094650207
299,Nosepass,,Rock,,375,30,45,135,45,90,30,3,Nosepass,2.05761316872428,12.098765432098766,96.58436213991769,21.358024691358025,75.7201646090535,8.148148148148149
300,Skitty,,Normal,,260,50,45,45,35,35,50,3,Skitty,21.193415637860085,12.098765432098766,15.34979423868313,9.588477366255145,6.008230452674898,29.46502057613169
301,Delcatty,,Normal,,400,70,65,65,55,55,90,3,Delcatty,52.63374485596708,34.32098765432099,41.64609053497942,33.62139917695473,29.46502057613169,72.79835390946502
302,Sableye,,Dark,Ghost,380,50,75,75,65,65,50,3,Sableye,21.193415637860085,46.21399176954733,55.80246913580247,48.18930041152264,43.58024691358025,29.46502057613169
303,Mawile,,Steel,Fairy,380,50,85,85,55,55,50,3,Mawile,21.193415637860085,58.14814814814815,67.53086419753086,33.62139917695473,29.46502057613169,29.46502057613169
304,Aron,,Steel,Rock,330,50,70,100,40,40,30,3,Aron,21.193415637860085,40.45267489711934,81.6872427983539,14.897119341563785,10.246913580246913,8.148148148148149
305,Lairon,,Steel,Rock,430,60,90,140,50,50,40,3,Lairon,35.7201646090535,62.92181069958848,97.20164609053498,27.037037037037038,22.098765432098766,17.736625514403293
306,Aggron,,Steel,Rock,530,70,110,180,60,60,50,3,Aggron,52.63374485596708,80.94650205761317,99.1769547325103,40.781893004115226,36.21399176954733,29.46502057613169
307,Meditite,,Fighting,Psychic,280,30,40,55,40,55,60,3,Meditite,2.05761316872428,8.518518518518519,27.942386831275723,14.897119341563785,29.46502057613169,40.45267489711934
308,Medicham,,Fighting,Psychic,410,60,60,75,60,75,80,3,Medicham,35.7201646090535,27.818930041152264,55.80246913580247,40.781893004115226,57.160493827160494,62.63374485596708
309,Electrike,,Electric,,295,40,45,40,65,40,65,3,Electrike,8.271604938271606,12.098765432098766,9.588477366255145,48.18930041152264,10.246913580246913,46.46090534979424
310,Manectric,,Electric,,475,70,75,60,105,60,105,3,Manectric,52.63374485596708,46.21399176954733,34.23868312757202,82.88065843621399,36.21399176954733,87.07818930041152
311,Plusle,,Electric,,405,60,50,40,85,75,95,3,Plusle,35.7201646090535,17.11934156378601,9.588477366255145,67.61316872427983,57.160493827160494,78.06584362139918
312,Minun,,Electric,,405,60,40,50,75,85,95,3,Minun,35.7201646090535,8.518518518518519,21.604938271604937,58.477366255144034,70.12345679012346,78.06584362139918
313,Volbeat,,Bug,,430,65,73,75,47,85,85,3,Volbeat,44.074074074074076,43.66255144032922,55.80246913580247,23.786008230452673,70.12345679012346,67.9835390946502
314,Illumise,,Bug,,430,65,47,75,73,85,85,3,Illumise,44.074074074074076,14.03292181069959,55.80246913580247,56.54320987654321,70.12345679012346,67.9835390946502
315,Roselia,,Grass,Poison,400,50,60,45,100,80,65,3,Roselia,21.193415637860085,27.818930041152264,15.34979423868313,79.7119341563786,63.74485596707819,46.46090534979424
316,Gulpin,,Poison,,302,70,43,53,43,53,40,3,Gulpin,52.63374485596708,10.2880658436214,25.514403292181072,18.395061728395063,26.213991769547324,17.736625514403293
317,Swalot,,Poison,,467,100,73,83,73,83,55,3,Swalot,88.35390946502058,43.66255144032922,65.30864197530865,56.54320987654321,67.9835390946502,34.52674897119341
318,Carvanha,,Water,Dark,305,45,90,20,65,20,65,3,Carvanha,14.5679012345679,62.92181069958848,0.9053497942386831,48.18930041152264,0.3292181069958848,46.46090534979424
319,Sharpedo,,Water,Dark,460,70,120,40,95,40,95,3,Sharpedo,52.63374485596708,87.07818930041152,9.588477366255145,75.18518518518519,10.246913580246913,78.06584362139918
320,Wailmer,,Water,,400,130,70,35,70,35,60,3,Wailmer,97.6954732510288,40.45267489711934,5.3086419753086425,53.78600823045267,6.008230452674898,40.45267489711934
321,Wailord,,Water,,500,170,90,45,90,45,60,3,Wailord,99.38271604938271,62.92181069958848,15.34979423868313,71.19341563786008,15.843621399176955,40.45267489711934
322,Numel,,Fire,Ground,305,60,60,40,65,45,35,3,Numel,35.7201646090535,27.818930041152264,9.588477366255145,48.18930041152264,15.843621399176955,13.004115226337449
323,Camerupt,,Fire,Ground,460,70,100,70,105,75,40,3,Camerupt,52.63374485596708,73.08641975308642,49.135802469135804,82.88065843621399,57.160493827160494,17.736625514403293
324,Torkoal,,Fire,,470,70,85,140,85,70,20,3,Torkoal,52.63374485596708,58.14814814814815,97.20164609053498,67.61316872427983,50.37037037037037,2.7983539094650207
325,Spoink,,Psychic,,330,60,25,35,70,80,60,3,Spoink,35.7201646090535,1.934156378600823,5.3086419753086425,53.78600823045267,63.74485596707819,40.45267489711934
326,Grumpig,,Psychic,,470,80,45,65,90,110,80,3,Grumpig,69.58847736625515,12.098765432098766,41.64609053497942,71.19341563786008,91.23456790123457,62.63374485596708
327,Spinda,,Normal,,360,60,60,60,60,60,60,3,Spinda,35.7201646090535,27.818930041152264,34.23868312757202,40.781893004115226,36.21399176954733,40.45267489711934
328,Trapinch,,Ground,,290,45,100,45,45,45,10,3,Trapinch,14.5679012345679,73.08641975308642,15.34979423868313,21.358024691358025,15.843621399176955,0.49382716049382713
329,Vibrava,,Ground,Dragon,340,50,70,50,50,50,70,3,Vibrava,21.193415637860085,40.45267489711934,21.604938271604937,27.037037037037038,22.098765432098766,52.59259259259259
330,Flygon,,Ground,Dragon,520,80,100,80,80,80,100,3,Flygon,69.58847736625515,73.08641975308642,62.34567901234568,62.59259259259259,63.74485596707819,83.25102880658436
331,Cacnea,,Grass,,335,50,85,40,85,40,35,3,Cacnea,21.193415637860085,58.14814814814815,9.588477366255145,67.61316872427983,10.246913580246913,13.004115226337449
332,Cacturne,,Grass,Dark,475,70,115,60,115,60,55,3,Cacturne,52.63374485596708,83.82716049382715,34.23868312757202,87.86008230452676,36.21399176954733,34.52674897119341
333,Swablu,,Normal,Flying,310,45,40,60,40,75,50,3,Swablu,14.5679012345679,8.518518518518519,34.23868312757202,14.897119341563785,57.160493827160494,29.46502057613169
334,Altaria,,Dragon,Flying,490,75,70,90,70,105,80,3,Altaria,61.72839506172839,40.45267489711934,72.46913580246913,53.78600823045267,88.18930041152264,62.63374485596708
335,Zangoose,,Normal,,458,73,115,60,60,60,90,3,Zangoose,58.0246913580247,83.82716049382715,34.23868312757202,40.781893004115226,36.21399176954733,72.79835390946502
336,Seviper,,Poison,,458,73,100,60,100,60,65,3,Seviper,58.0246913580247,73.08641975308642,34.23868312757202,79.7119341563786,36.21399176954733,46.46090534979424
337,Lunatone,,Rock,Psychic,460,90,55,65,95,85,70,3,Lunatone,79.46502057613168,22.633744855967077,41.64609053497942,75.18518518518519,70.12345679012346,52.59259259259259
338,Solrock,,Rock,Psychic,460,90,95,85,55,65,70,3,Solrock,79.46502057613168,67.73662551440329,67.53086419753086,33.62139917695473,43.58024691358025,52.59259259259259
339,Barboach,,Water,Ground,288,50,48,43,46,41,60,3,Barboach,21.193415637860085,14.5679012345679,12.716049382716049,23.580246913580247,12.592592592592592,40.45267489711934
340,Whiscash,,Water,Ground,468,110,78,73,76,71,60,3,Whiscash,94.2798353909465,49.17695473251029,53.70370370370371,59.7119341563786,53.62139917695473,40.45267489711934
341,Corphish,,Water,,308,43,80,65,50,35,35,3,Corphish,11.68724279835391,51.81069958847737,41.64609053497942,27.037037037037038,6.008230452674898,13.004115226337449
342,Crawdaunt,,Water,Dark,468,63,120,85,90,55,55,3,Crawdaunt,40.864197530864196,87.07818930041152,67.53086419753086,71.19341563786008,29.46502057613169,34.52674897119341
343,Baltoy,,Ground,Psychic,300,40,40,55,40,70,55,3,Baltoy,8.271604938271606,8.518518518518519,27.942386831275723,14.897119341563785,50.37037037037037,34.52674897119341
344,Claydol,,Ground,Psychic,500,60,70,105,70,120,75,3,Claydol,35.7201646090535,40.45267489711934,85.18518518518519,53.78600823045267,94.8559670781893,57.983539094650205
345,Lileep,,Rock,Grass,355,66,41,77,61,87,23,3,Lileep,46.74897119341564,10.0,58.230452674897116,43.95061728395061,72.71604938271605,3.909465020576132
346,Cradily,,Rock,Grass,495,86,81,97,81,107,43,3,Cradily,76.17283950617283,54.23868312757202,78.88888888888889,64.8971193415638,89.54732510288066,20.82304526748971
347,Anorith,,Rock,Bug,355,45,95,50,40,50,75,3,Anorith,14.5679012345679,67.73662551440329,21.604938271604937,14.897119341563785,22.098765432098766,57.983539094650205
348,Armaldo,,Rock,Bug,495,75,125,100,70,80,45,3,Armaldo,61.72839506172839,90.16460905349794,81.6872427983539,53.78600823045267,63.74485596707819,23.456790123456788
349,Feebas,,Water,,200,20,15,20,10,55,80,3,Feebas,0.6172839506172839,0.49382716049382713,0.9053497942386831,0.205761316872428,29.46502057613169,62.63374485596708
350,Milotic,,Water,,540,95,60,79,100,125,81,3,Milotic,84.03292181069959,27.818930041152264,59.50617283950618,79.7119341563786,96.0082304526749,64.52674897119341
351,Castform,,Normal,,420,70,70,70,70,70,70,3,Castform,52.63374485596708,40.45267489711934,49.135802469135804,53.78600823045267,50.37037037037037,52.59259259259259
351,Castform,Sunny Form,Fire,,420,70,70,70,70,70,70,3,Castform (Sunny Form),52.63374485596708,40.45267489711934,49.135802469135804,53.78600823045267,50.37037037037037,52.59259259259259
351,Castform,Rainy Form,Water,,420,70,70,70,70,70,70,3,Castform (Rainy Form),52.63374485596708,40.45267489711934,49.135802469135804,53.78600823045267,50.37037037037037,52.59259259259259
351,Castform,Snowy Form,Ice,,420,70,70,70,70,70,70,3,Castform (Snowy Form),52.63374485596708,40.45267489711934,49.135802469135804,53.78600823045267,50.37037037037037,52.59259259259259
352,Kecleon,,Normal,,440,60,90,70,60,120,40,3,Kecleon,35.7201646090535,62.92181069958848,49.135802469135804,40.781893004115226,94.8559670781893,17.736625514403293
353,Shuppet,,Ghost,,295,44,75,35,63,33,45,3,Shuppet,12.181069958847738,46.21399176954733,5.3086419753086425,45.1440329218107,4.691358024691358,23.456790123456788
354,Banette,,Ghost,,455,64,115,65,83,63,65,3,Banette,41.275720164609055,83.82716049382715,41.64609053497942,65.67901234567901,40.24691358024691,46.46090534979424
355,Duskull,,Ghost,,295,20,40,90,30,90,25,3,Duskull,0.6172839506172839,8.518518518518519,72.46913580246913,5.637860082304527,75.7201646090535,4.691358024691358
356,Dusclops,,Ghost,,455,40,70,130,60,130,25,3,Dusclops,8.271604938271606,40.45267489711934,95.34979423868313,40.781893004115226,96.99588477366255,4.691358024691358
357,Tropius,,Grass,Flying,460,99,68,83,72,87,51,3,Tropius,86.13168724279835,37.77777777777778,65.30864197530865,56.17283950617284,72.71604938271605,32.22222222222222
358,Chimecho,,Psychic,,455,75,50,80,95,90,65,3,Chimecho,61.72839506172839,17.11934156378601,62.34567901234568,75.18518518518519,75.7201646090535,46.46090534979424
359,Absol,,Dark,,465,65,130,60,75,60,75,3,Absol,44.074074074074076,92.46913580246914,34.23868312757202,58.477366255144034,36.21399176954733,57.983539094650205
360,Wynaut,,Psychic,,260,95,23,48,23,48,23,3,Wynaut,84.03292181069959,1.4814814814814816,18.14814814814815,1.728395061728395,18.641975308641975,3.909465020576132
361,Snorunt,,Ice,,300,50,50,50,50,50,50,3,Snorunt,21.193415637860085,17.11934156378601,21.604938271604937,27.037037037037038,22.098765432098766,29.46502057613169
362,Glalie,,Ice,,480,80,80,80,80,80,80,3,Glalie,69.58847736625515,51.81069958847737,62.34567901234568,62.59259259259259,63.74485596707819,62.63374485596708
363,Spheal,,Ice,Water,290,70,40,50,55,50,25,3,Spheal,52.63374485596708,8.518518518518519,21.604938271604937,33.62139917695473,22.098765432098766,4.691358024691358
364,Sealeo,,Ice,Water,410,90,60,70,75,70,45,3,Sealeo,79.46502057613168,27.818930041152264,49.135802469135804,58.477366255144034,50.37037037037037,23.456790123456788
365,Walrein,,Ice,Water,530,110,80,90,95,90,65,3,Walrein,94.2798353909465,51.81069958847737,72.46913580246913,75.18518518518519,75.7201646090535,46.46090534979424
366,Clamperl,,Water,,345,35,64,85,74,55,32,3,Clamperl,3.7448559670781894,31.646090534979425,67.53086419753086,57.03703703703704,29.46502057613169,10.699588477366255
367,Huntail,,Water,,485,55,104,105,94,75,52,3,Huntail,27.901234567901234,76.79012345679013,85.18518518518519,73.37448559670781,57.160493827160494,32.63374485596708
368,Gorebyss,,Water,,485,55,84,105,114,75,52,3,Gorebyss,27.901234567901234,55.84362139917695,85.18518518518519,87.28395061728395,57.160493827160494,32.63374485596708
369,Relicanth,,Water,Rock,485,100,90,130,45,65,55,3,Relicanth,88.35390946502058,62.92181069958848,95.34979423868313,21.358024691358025,43.58024691358025,34.52674897119341
370,Luvdisc,,Water,,330,43,30,55,40,65,97,3,Luvdisc,11.68724279835391,3.909465020576132,27.942386831275723,14.897119341563785,43.58024691358025,80.16460905349794
371,Bagon,,Dragon,,300,45,75,60,40,30,50,3,Bagon,14.5679012345679,46.21399176954733,34.23868312757202,14.897119341563785,3.168724279835391,29.46502057613169
372,Shelgon,,Dragon,,420,65,95,100,60,50,50,3,Shelgon,44.074074074074076,67.73662551440329,81.6872427983539,40.781893004115226,22.098765432098766,29.46502057613169
373,Salamence,,Dragon,Flying,600,95,135,80,110,80,100,3,Salamence,84.03292181069959,94.65020576131687,62.34567901234568,85.63786008230453,63.74485596707819,83.25102880658436
374,Beldum,,Steel,Psychic,300,40,55,80,35,60,30,3,Beldum,8.271604938271606,22.633744855967077,62.34567901234568,9.588477366255145,36.21399176954733,8.148148148148149
375,Metang,,Steel,Psychic,420,60,75,100,55,80,50,3,Metang,35.7201646090535,46.21399176954733,81.6872427983539,33.62139917695473,63.74485596707819,29.46502057613169
376,Metagross,,Steel,Psychic,600,80,135,130,95,90,70,3,Metagross,69.58847736625515,94.65020576131687,95.34979423868313,75.18518518518519,75.7201646090535,52.59259259259259
377,Regirock,,Rock,,580,80,100,200,50,100,50,3,Regirock,69.58847736625515,73.08641975308642,99.54732510288066,27.037037037037038,84.93827160493828,29.46502057613169
378,Regice,,Ice,,580,80,50,100,100,200,50,3,Regice,69.58847736625515,17.11934156378601,81.6872427983539,79.7119341563786,99.83539094650206,29.46502057613169
379,Registeel,,Steel,,580,80,75,150,75,150,50,3,Registeel,69.58847736625515,46.21399176954733,98.27160493827161,58.477366255144034,99.09465020576131,29.46502057613169
380,Latias,,Dragon,Psychic,600,80,80,90,110,130,110,3,Latias,69.58847736625515,51.81069958847737,72.46913580246913,85.63786008230453,96.99588477366255,90.41152263374485
381,Latios,,Dragon,Psychic,600,80,90,80,130,110,110,3,Latios,69.58847736625515,62.92181069958848,62.34567901234568,93.7037037037037,91.23456790123457,90.41152263374485
382,Kyogre,,Water,,670,100,100,90,150,140,90,3,Kyogre,88.35390946502058,73.08641975308642,72.46913580246913,97.90123456790123,98.559670781893,72.79835390946502
383,Groudon,,Ground,,670,100,150,140,100,90,90,3,Groudon,88.35390946502058,97.61316872427983,97.20164609053498,79.7119341563786,75.7201646090535,72.79835390946502
384,Rayquaza,,Dragon,Flying,680,105,150,90,150,90,95,3,Rayquaza,91.72839506172839,97.61316872427983,72.46913580246913,97.90123456790123,75.7201646090535,78.06584362139918
385,Jirachi,,Steel,Psychic,600,100,100,100,100,100,100,3,Jirachi,88.35390946502058,73.08641975308642,81.6872427983539,79.7119341563786,84.93827160493828,83.25102880658436
386,Deoxys,Normal Forme,Psychic,,600,50,150,50,150,50,150,3,Deoxys (Normal Forme),21.193415637860085,97.61316872427983,21.604938271604937,97.90123456790123,22.098765432098766,99.42386831275721
386,Deoxys,Attack Forme,Psychic,,600,50,180,20,180,20,150,3,Deoxys (Attack Forme),21.193415637860085,99.67078189300412,0.9053497942386831,99.83539094650206,0.3292181069958848,99.42386831275721
386,Deoxys,Defense Forme,Psychic,,600,50,70,160,70,160,90,3,Deoxys (Defense Forme),21.193415637860085,40.45267489711934,98.80658436213992,53.78600823045267,99.7119341563786,72.79835390946502
386,Deoxys,Speed Forme,Psychic,,600,50,95,90,95,90,180,3,Deoxys (Speed Forme),21.193415637860085,67.73662551440329,72.46913580246913,75.18518518518519,75.7201646090535,99.91769547325103
387,Turtwig,,Grass,,318,55,68,64,45,55,31,4,Turtwig,27.901234567901234,37.77777777777778,39.053497942386834,21.358024691358025,29.46502057613169,10.329218106995883
388,Grotle,,Grass,,405,75,89,85,55,65,36,4,Grotle,61.72839506172839,61.02880658436214,67.53086419753086,33.62139917695473,43.58024691358025,14.814814814814813
389,Torterra,,Grass,Ground,525,95,109,105,75,85,56,4,Torterra,84.03292181069959,79.79423868312757,85.18518518518519,58.477366255144034,70.12345679012346,36.2962962962963
390,Chimchar,,Fire,,309,44,58,44,58,44,61,4,Chimchar,12.181069958847738,25.349794238683128,13.127572016460906,36.91358024691358,13.580246913580247,43.12757201646091
391,Monferno,,Fire,Fighting,405,64,78,52,78,52,81,4,Monferno,41.275720164609055,49.17695473251029,24.979423868312757,60.16460905349794,25.720164609053498,64.52674897119341
392,Infernape,,Fire,Fighting,534,76,104,71,104,71,108,4,Infernape,64.5679012345679,76.79012345679013,52.674897119341566,81.81069958847736,53.62139917695473,88.60082304526749
393,Piplup,,Water,,314,53,51,53,61,56,40,4,Piplup,25.267489711934154,19.1358024691358,25.514403292181072,43.95061728395061,32.38683127572016,17.736625514403293
394,Prinplup,,Water,,405,64,66,68,81,76,50,4,Prinplup,41.275720164609055,36.95473251028807,45.34979423868313,64.8971193415638,59.794238683127574,29.46502057613169
395,Empoleon,,Water,Steel,530,84,86,88,111,101,60,4,Empoleon,73.53909465020575,60.32921810699589,69.79423868312757,86.62551440329219,86.8724279835391,40.45267489711934
396,Starly,,Normal,Flying,245,40,55,30,30,30,60,4,Starly,8.271604938271606,22.633744855967077,2.5925925925925926,5.637860082304527,3.168724279835391,40.45267489711934
397,Staravia,,Normal,Flying,340,55,75,50,40,40,80,4,Staravia,27.901234567901234,46.21399176954733,21.604938271604937,14.897119341563785,10.246913580246913,62.63374485596708
398,Staraptor,,Normal,Flying,485,85,120,70,50,60,100,4,Staraptor,74.81481481481481,87.07818930041152,49.135802469135804,27.037037037037038,36.21399176954733,83.25102880658436
399,Bidoof,,Normal,,250,59,45,40,35,40,31,4,Bidoof,31.728395061728392,12.098765432098766,9.588477366255145,9.588477366255145,10.246913580246913,10.329218106995883
400,Bibarel,,Normal,Water,410,79,85,60,55,60,71,4,Bibarel,66.5843621399177,58.14814814814815,34.23868312757202,33.62139917695473,36.21399176954733,55.06172839506173
401,Kricketot,,Bug,,194,37,25,41,25,41,25,4,Kricketot,4.732510288065844,1.934156378600823,11.975308641975309,2.5925925925925926,12.592592592592592,4.691358024691358
402,Kricketune,,Bug,,384,77,85,51,55,51,65,4,Kricketune,64.97942386831276,58.14814814814815,24.526748971193417,33.62139917695473,25.185185185185183,46.46090534979424
403,Shinx,,Electric,,263,45,65,34,40,34,45,4,Shinx,14.5679012345679,34.32098765432099,3.868312757201646,14.897119341563785,4.77366255144033,23.456790123456788
404,Luxio,,Electric,,363,60,85,49,60,49,60,4,Luxio,35.7201646090535,58.14814814814815,18.765432098765434,40.781893004115226,19.17695473251029,40.45267489711934
405,Luxray,,Electric,,523,80,120,79,95,79,70,4,Luxray,69.58847736625515,87.07818930041152,59.50617283950618,75.18518518518519,60.49382716049383,52.59259259259259
406,Budew,,Grass,Poison,280,40,30,35,50,70,55,4,Budew,8.271604938271606,3.909465020576132,5.3086419753086425,27.037037037037038,50.37037037037037,34.52674897119341
407,Roserade,,Grass,Poison,515,60,70,65,125,105,90,4,Roserade,35.7201646090535,40.45267489711934,41.64609053497942,91.52263374485597,88.18930041152264,72.79835390946502
408,Cranidos,,Rock,,350,67,125,40,30,30,58,4,Cranidos,47.160493827160494,90.16460905349794,9.588477366255145,5.637860082304527,3.168724279835391,37.28395061728395
409,Rampardos,,Rock,,495,97,165,60,65,50,58,4,Rampardos,85.67901234567901,99.1358024691358,34.23868312757202,48.18930041152264,22.098765432098766,37.28395061728395
410,Shieldon,,Rock,Steel,350,30,42,118,42,88,30,4,Shieldon,2.05761316872428,10.205761316872428,91.23456790123457,18.106995884773664,72.96296296296296,8.148148148148149
411,Bastiodon,,Rock,Steel,495,60,52,168,47,138,30,4,Bastiodon,35.7201646090535,19.54732510288066,99.01234567901234,23.786008230452673,98.35390946502058,8.148148148148149
412,Burmy,Plant Cloak,Bug,,224,40,29,45,29,45,36,4,Burmy (Plant Cloak),8.271604938271606,2.633744855967078,15.34979423868313,3.662551440329218,15.843621399176955,14.814814814814813
412,Burmy,Sandy Cloak,Bug,,224,40,29,45,29,45,36,4,Burmy (Sandy Cloak),8.271604938271606,2.633744855967078,15.34979423868313,3.662551440329218,15.843621399176955,14.814814814814813
412,Burmy,Trash Cloak,Bug,,224,40,29,45,29,45,36,4,Burmy (Trash Cloak),8.271604938271606,2.633744855967078,15.34979423868313,3.662551440329218,15.843621399176955,14.814814814814813
413,Wormadam,Plant Cloak,Bug,Grass,424,60,59,85,79,105,36,4,Wormadam (Plant Cloak),35.7201646090535,25.679012345679013,67.53086419753086,60.45267489711934,88.18930041152264,14.814814814814813
413,Wormadam,Sandy Cloak,Bug,Ground,424,60,79,105,59,85,36,4,Wormadam (Sandy Cloak),35.7201646090535,49.50617283950617,85.18518518518519,37.61316872427983,70.12345679012346,14.814814814814813
413,Wormadam,Trash Cloak,Bug,Steel,424,60,69,95,69,95,36,4,Wormadam (Trash Cloak),35.7201646090535,38.23045267489712,77.11934156378601,51.64609053497943,80.20576131687243,14.814814814814813
414,Mothim,,Bug,Flying,424,70,94,50,94,50,66,4,Mothim,52.63374485596708,65.88477366255144,21.604938271604937,73.37448559670781,22.098765432098766,48.93004115226338
415,Combee,,Bug,Flying,244,30,30,42,30,42,70,4,Combee,2.05761316872428,3.909465020576132,12.304526748971194,5.637860082304527,13.004115226337449,52.59259259259259
416,Vespiquen,,Bug,Flying,474,70,80,102,80,102,40,4,Vespiquen,52.63374485596708,51.81069958847737,84.11522633744856,62.59259259259259,87.07818930041152,17.736625514403293
417,Pachirisu,,Electric,,405,60,45,70,45,90,95,4,Pachirisu,35.7201646090535,12.098765432098766,49.135802469135804,21.358024691358025,75.7201646090535,78.06584362139918
418,Buizel,,Water,,330,55,65,35,60,30,85,4,Buizel,27.901234567901234,34.32098765432099,5.3086419753086425,40.781893004115226,3.168724279835391,67.9835390946502
419,Floatzel,,Water,,495,85,105,55,85,50,115,4,Floatzel,74.81481481481481,77.9835390946502,27.942386831275723,67.61316872427983,22.098765432098766,92.96296296296296
420,Cherubi,,Grass,,275,45,35,45,62,53,35,4,Cherubi,14.5679012345679,5.967078189300412,15.34979423868313,44.52674897119341,26.213991769547324,13.004115226337449
421,Cherrim,,Grass,,450,70,60,70,87,78,85,4,Cherrim,52.63374485596708,27.818930041152264,49.135802469135804,69.62962962962963,60.20576131687243,67.9835390946502
422,Shellos,,Water,,325,76,48,48,57,62,34,4,Shellos,64.5679012345679,14.5679012345679,18.14814814814815,36.37860082304527,39.58847736625514,11.440329218106996
423,Gastrodon,,Water,Ground,475,111,83,68,92,82,39,4,Gastrodon,94.93827160493828,55.349794238683124,45.34979423868313,73.04526748971193,67.53086419753086,15.88477366255144
424,Ambipom,,Normal,,482,75,100,66,60,66,115,4,Ambipom,61.72839506172839,73.08641975308642,44.2798353909465,40.781893004115226,46.33744855967078,92.96296296296296
425,Drifloon,,Ghost,Flying,348,90,50,34,60,44,70,4,Drifloon,79.46502057613168,17.11934156378601,3.868312757201646,40.781893004115226,13.580246913580247,52.59259259259259
426,Drifblim,,Ghost,Flying,498,150,80,44,90,54,80,4,Drifblim,98.68312757201646,51.81069958847737,13.127572016460906,71.19341563786008,26.666666666666668,62.63374485596708
427,Buneary,,Normal,,350,55,66,44,44,56,85,4,Buneary,27.901234567901234,36.95473251028807,13.127572016460906,18.88888888888889,32.38683127572016,67.9835390946502
428,Lopunny,,Normal,,480,65,76,84,54,96,105,4,Lopunny,44.074074074074076,48.43621399176955,65.7201646090535,31.069958847736622,82.22222222222221,87.07818930041152
429,Mismagius,,Ghost,,495,60,60,60,105,105,105,4,Mismagius,35.7201646090535,27.818930041152264,34.23868312757202,82.88065843621399,88.18930041152264,87.07818930041152
430,Honchkrow,,Dark,Flying,505,100,125,52,105,52,71,4,Honchkrow,88.35390946502058,90.16460905349794,24.979423868312757,82.88065843621399,25.720164609053498,55.06172839506173
431,Glameow,,Normal,,310,49,55,42,42,37,85,4,Glameow,17.77777777777778,22.633744855967077,12.304526748971194,18.106995884773664,7.530864197530865,67.9835390946502
432,Purugly,,Normal,,452,71,82,64,64,59,112,4,Purugly,56.54320987654321,54.773662551440324,39.053497942386834,45.51440329218107,33.45679012345679,92.05761316872429
433,Chingling,,Psychic,,285,45,30,50,65,50,45,4,Chingling,14.5679012345679,3.909465020576132,21.604938271604937,48.18930041152264,22.098765432098766,23.456790123456788
434,Stunky,,Poison,Dark,329,63,63,47,41,41,74,4,Stunky,40.864197530864196,30.987654320987655,17.530864197530864,17.94238683127572,12.592592592592592,56.50205761316872
435,Skuntank,,Poison,Dark,479,103,93,67,71,61,84,4,Skuntank,90.74074074074075,65.7201646090535,44.8559670781893,55.884773662551446,39.1358024691358,65.92592592592592
436,Bronzor,,Steel,Psychic,300,57,24,86,24,86,23,4,Bronzor,30.329218106995885,1.5637860082304527,69.30041152263374,1.8518518518518516,72.22222222222221,3.909465020576132
437,Bronzong,,Steel,Psychic,500,67,89,116,79,116,33,4,Bronzong,47.160493827160494,61.02880658436214,91.11111111111111,60.45267489711934,93.90946502057614,11.11111111111111
438,Bonsly,,Rock,,290,50,80,95,10,45,10,4,Bonsly,21.193415637860085,51.81069958847737,77.11934156378601,0.205761316872428,15.843621399176955,0.49382716049382713
439,Mime Jr.,,Psychic,Fairy,310,20,25,45,70,90,60,4,Mime Jr.,0.6172839506172839,1.934156378600823,15.34979423868313,53.78600823045267,75.7201646090535,40.45267489711934
440,Happiny,,Normal,,220,100,5,5,15,65,30,4,Happiny,88.35390946502058,0.12345679012345678,0.12345679012345678,0.5761316872427984,43.58024691358025,8.148148148148149
441,Chatot,,Normal,Flying,411,76,65,45,92,42,91,4,Chatot,64.5679012345679,34.32098765432099,15.34979423868313,73.04526748971193,13.004115226337449,74.93827160493827
442,Spiritomb,,Ghost,Dark,485,50,92,108,92,108,35,4,Spiritomb,21.193415637860085,65.22633744855966,86.79012345679013,73.04526748971193,90.0,13.004115226337449
443,Gible,,Dragon,Ground,300,58,70,45,40,45,42,4,Gible,30.987654320987655,40.45267489711934,15.34979423868313,14.897119341563785,15.843621399176955,20.08230452674897
444,Gabite,,Dragon,Ground,410,68,90,65,50,55,82,4,Gabite,48.10699588477366,62.92181069958848,41.64609053497942,27.037037037037038,29.46502057613169,65.02057613168725
445,Garchomp,,Dragon,Ground,600,108,130,95,80,85,102,4,Garchomp,93.16872427983539,92.46913580246914,77.11934156378601,62.59259259259259,70.12345679012346,85.76131687242798
446,Munchlax,,Normal,,390,135,85,40,40,85,5,4,Munchlax,97.98353909465021,58.14814814814815,9.588477366255145,14.897119341563785,70.12345679012346,0.1646090534979424
447,Riolu,,Fighting,,285,40,70,40,35,40,60,4,Riolu,8.271604938271606,40.45267489711934,9.588477366255145,9.588477366255145,10.246913580246913,40.45267489711934
448,Lucario,,Fighting,Steel,525,70,110,70,115,70,90,4,Lucario,52.63374485596708,80.94650205761317,49.135802469135804,87.86008230452676,50.37037037037037,72.79835390946502
449,Hippopotas,,Ground,,330,68,72,78,38,42,32,4,Hippopotas,48.10699588477366,43.00411522633745,58.93004115226338,11.728395061728394,13.004115226337449,10.699588477366255
450,Hippowdon,,Ground,,525,108,112,118,68,72,47,4,Hippowdon,93.16872427983539,82.26337448559671,91.23456790123457,51.31687242798354,54.074074074074076,25.925925925925924
451,Skorupi,,Poison,Bug,330,40,50,90,30,55,65,4,Skorupi,8.271604938271606,17.11934156378601,72.46913580246913,5.637860082304527,29.46502057613169,46.46090534979424
452,Drapion,,Poison,Dark,500,70,90,110,60,75,95,4,Drapion,52.63374485596708,62.92181069958848,87.94238683127573,40.781893004115226,57.160493827160494,78.06584362139918
453,Croagunk,,Poison,Fighting,300,48,61,40,61,40,50,4,Croagunk,17.366255144032923,30.0,9.588477366255145,43.95061728395061,10.246913580246913,29.46502057613169
454,Toxicroak,,Poison,Fighting,490,83,106,65,86,65,85,4,Toxicroak,73.25102880658436,79.09465020576133,41.64609053497942,69.34156378600824,43.58024691358025,67.9835390946502
455,Carnivine,,Grass,,454,74,100,72,90,72,46,4,Carnivine,58.724279835390945,73.08641975308642,53.20987654320988,71.19341563786008,54.074074074074076,25.555555555555554
456,Finneon,,Water,,330,49,49,56,49,61,66,4,Finneon,17.77777777777778,15.06172839506173,29.876543209876544,24.320987654320987,39.1358024691358,48.93004115226338
457,Lumineon,,Water,,460,69,69,76,69,86,91,4,Lumineon,48.888888888888886,38.23045267489712,57.73662551440329,51.64609053497943,72.22222222222221,74.93827160493827
458,Mantyke,,Water,Flying,345,45,20,50,60,120,50,4,Mantyke,14.5679012345679,0.9465020576131686,21.604938271604937,40.781893004115226,94.8559670781893,29.46502057613169
459,Snover,,Grass,Ice,334,60,62,50,62,60,40,4,Snover,35.7201646090535,30.41152263374486,21.604938271604937,44.52674897119341,36.21399176954733,17.736625514403293
460,Abomasnow,,Grass,Ice,494,90,92,75,92,85,60,4,Abomasnow,79.46502057613168,65.22633744855966,55.80246913580247,73.04526748971193,70.12345679012346,40.45267489711934
461,Weavile,,Dark,Ice,510,70,120,65,45,85,125,4,Weavile,52.63374485596708,87.07818930041152,41.64609053497942,21.358024691358025,70.12345679012346,96.04938271604938
462,Magnezone,,Electric,Steel,535,70,70,115,130,90,60,4,Magnezone,52.63374485596708,40.45267489711934,90.08230452674897,93.7037037037037,75.7201646090535,40.45267489711934
463,Lickilicky,,Normal,,515,110,85,95,80,95,50,4,Lickilicky,94.2798353909465,58.14814814814815,77.11934156378601,62.59259259259259,80.20576131687243,29.46502057613169
464,Rhyperior,,Ground,Rock,535,115,140,130,55,55,40,4,Rhyperior,95.47325102880659,95.96707818930041,95.34979423868313,33.62139917695473,29.46502057613169,17.736625514403293
465,Tangrowth,,Grass,,535,100,100,125,110,50,50,4,Tangrowth,88.35390946502058,73.08641975308642,94.07407407407408,85.63786008230453,22.098765432098766,29.46502057613169
466,Electivire,,Electric,,540,75,123,67,95,85,95,4,Electivire,61.72839506172839,88.93004115226337,44.8559670781893,75.18518518518519,70.12345679012346,78.06584362139918
467,Magmortar,,Fire,,540,75,95,67,125,95,83,4,Magmortar,61.72839506172839,67.73662551440329,44.8559670781893,91.52263374485597,80.20576131687243,65.51440329218107
468,Togekiss,,Fairy,Flying,545,85,50,95,120,115,80,4,Togekiss,74.81481481481481,17.11934156378601,77.11934156378601,89.25925925925927,93.08641975308643,62.63374485596708
469,Yanmega,,Bug,Flying,515,86,76,86,116,56,95,4,Yanmega,76.17283950617283,48.43621399176955,69.30041152263374,88.3127572016461,32.38683127572016,78.06584362139918
470,Leafeon,,Grass,,525,65,110,130,60,65,95,4,Leafeon,44.074074074074076,80.94650205761317,95.34979423868313,40.781893004115226,43.58024691358025,78.06584362139918
471,Glaceon,,Ice,,525,65,60,110,130,95,65,4,Glaceon,44.074074074074076,27.818930041152264,87.94238683127573,93.7037037037037,80.20576131687243,46.46090534979424
472,Gliscor,,Ground,Flying,510,75,95,125,45,75,95,4,Gliscor,61.72839506172839,67.73662551440329,94.07407407407408,21.358024691358025,57.160493827160494,78.06584362139918
473,Mamoswine,,Ice,Ground,530,110,130,80,70,60,80,4,Mamoswine,94.2798353909465,92.46913580246914,62.34567901234568,53.78600823045267,36.21399176954733,62.63374485596708
474,Porygon-Z,,Normal,,535,85,80,70,135,75,90,4,Porygon-Z,74.81481481481481,51.81069958847737,49.135802469135804,95.34979423868313,57.160493827160494,72.79835390946502
475,Gallade,,Psychic,Fighting,518,68,125,65,65,115,80,4,Gallade,48.10699588477366,90.16460905349794,41.64609053497942,48.18930041152264,93.08641975308643,62.63374485596708
476,Probopass,,Rock,Steel,525,60,55,145,75,150,40,4,Probopass,35.7201646090535,22.633744855967077,97.81893004115226,58.477366255144034,99.09465020576131,17.736625514403293
477,Dusknoir,,Ghost,,525,45,100,135,65,135,45,4,Dusknoir,14.5679012345679,73.08641975308642,96.58436213991769,48.18930041152264,98.0246913580247,23.456790123456788
478,Froslass,,Ice,Ghost,480,70,80,70,80,70,110,4,Froslass,52.63374485596708,51.81069958847737,49.135802469135804,62.59259259259259,50.37037037037037,90.41152263374485
479,Rotom,,Electric,Ghost,440,50,50,77,95,77,91,4,Rotom,21.193415637860085,17.11934156378601,58.230452674897116,75.18518518518519,60.0,74.93827160493827
479,Rotom,Heat Rotom,Electric,Fire,520,50,65,107,105,107,86,4,Rotom (Heat Rotom),21.193415637860085,34.32098765432099,86.46090534979423,82.88065843621399,89.54732510288066,70.08230452674897
479,Rotom,Wash Rotom,Electric,Water,520,50,65,107,105,107,86,4,Rotom (Wash Rotom),21.193415637860085,34.32098765432099,86.46090534979423,82.88065843621399,89.54732510288066,70.08230452674897
479,Rotom,Frost Rotom,Electric,Ice,520,50,65,107,105,107,86,4,Rotom (Frost Rotom),21.193415637860085,34.32098765432099,86.46090534979423,82.88065843621399,89.54732510288066,70.08230452674897
479,Rotom,Fan Rotom,Electric,Flying,520,50,65,107,105,107,86,4,Rotom (Fan Rotom),21.193415637860085,34.32098765432099,86.46090534979423,82.88065843621399,89.54732510288066,70.08230452674897
479,Rotom,Mow Rotom,Electric,Grass,520,50,65,107,105,107,86,4,Rotom (Mow Rotom),21.193415637860085,34.32098765432099,86.46090534979423,82.88065843621399,89.54732510288066,70.08230452674897
480,Uxie,,Psychic,,580,75,75,130,75,130,95,4,Uxie,61.72839506172839,46.21399176954733,95.34979423868313,58.477366255144034,96.99588477366255,78.06584362139918
481,Mesprit,,Psychic,,580,80,105,105,105,105,80,4,Mesprit,69.58847736625515,77.9835390946502,85.18518518518519,82.88065843621399,88.18930041152264,62.63374485596708
482,Azelf,,Psychic,,580,75,125,70,125,70,115,4,Azelf,61.72839506172839,90.16460905349794,49.135802469135804,91.52263374485597,50.37037037037037,92.96296296296296
483,Dialga,,Steel,Dragon,680,100,120,120,150,100,90,4,Dialga,88.35390946502058,87.07818930041152,92.18106995884774,97.90123456790123,84.93827160493828,72.79835390946502
484,Palkia,,Water,Dragon,680,90,120,100,150,120,100,4,Palkia,79.46502057613168,87.07818930041152,81.6872427983539,97.90123456790123,94.8559670781893,83.25102880658436
485,Heatran,,Fire,Steel,600,91,90,106,130,106,77,4,Heatran,81.81069958847736,62.92181069958848,86.13168724279835,93.7037037037037,89.21810699588477,59.83539094650205
486,Regigigas,,Normal,,670,110,160,110,80,110,100,4,Regigigas,94.2798353909465,98.60082304526749,87.94238683127573,62.59259259259259,91.23456790123457,83.25102880658436
487,Giratina,Altered Forme,Ghost,Dragon,680,150,100,120,100,120,90,4,Giratina (Altered Forme),98.68312757201646,73.08641975308642,92.18106995884774,79.7119341563786,94.8559670781893,72.79835390946502
487,Giratina,Origin Forme,Ghost,Dragon,680,150,120,100,120,100,90,4,Giratina (Origin Forme),98.68312757201646,87.07818930041152,81.6872427983539,89.25925925925927,84.93827160493828,72.79835390946502
488,Cresselia,,Psychic,,580,120,70,110,75,120,85,4,Cresselia,96.17283950617283,40.45267489711934,87.94238683127573,58.477366255144034,94.8559670781893,67.9835390946502
489,Phione,,Water,,480,80,80,80,80,80,80,4,Phione,69.58847736625515,51.81069958847737,62.34567901234568,62.59259259259259,63.74485596707819,62.63374485596708
490,Manaphy,,Water,,600,100,100,100,100,100,100,4,Manaphy,88.35390946502058,73.08641975308642,81.6872427983539,79.7119341563786,84.93827160493828,83.25102880658436
491,Darkrai,,Dark,,600,70,90,90,135,90,125,4,Darkrai,52.63374485596708,62.92181069958848,72.46913580246913,95.34979423868313,75.7201646090535,96.04938271604938
492,Shaymin,Land Forme,Grass,,600,100,100,100,100,100,100,4,Shaymin (Land Forme),88.35390946502058,73.08641975308642,81.6872427983539,79.7119341563786,84.93827160493828,83.25102880658436
492,Shaymin,Sky Forme,Grass,Flying,600,100,103,75,120,75,127,4,Shaymin (Sky Forme),88.35390946502058,76.50205761316873,55.80246913580247,89.25925925925927,57.160493827160494,96.37860082304528
493,Arceus,,Normal,,720,120,120,120,120,120,120,4,Arceus,96.17283950617283,87.07818930041152,92.18106995884774,89.25925925925927,94.8559670781893,94.5679012345679
494,Victini,,Psychic,Fire,600,100,100,100,100,100,100,5,Victini,88.35390946502058,73.08641975308642,81.6872427983539,79.7119341563786,84.93827160493828,83.25102880658436
495,Snivy,,Grass,,308,45,45,55,45,55,63,5,Snivy,14.5679012345679,12.098765432098766,27.942386831275723,21.358024691358025,29.46502057613169,43.62139917695473
496,Servine,,Grass,,413,60,60,75,60,75,83,5,Servine,35.7201646090535,27.818930041152264,55.80246913580247,40.781893004115226,57.160493827160494,65.51440329218107
497,Serperior,,Grass,,528,75,75,95,75,95,113,5,Serperior,61.72839506172839,46.21399176954733,77.11934156378601,58.477366255144034,80.20576131687243,92.2633744855967
498,Tepig,,Fire,,308,65,63,45,45,45,45,5,Tepig,44.074074074074076,30.987654320987655,15.34979423868313,21.358024691358025,15.843621399176955,23.456790123456788
499,Pignite,,Fire,Fighting,418,90,93,55,70,55,55,5,Pignite,79.46502057613168,65.7201646090535,27.942386831275723,53.78600823045267,29.46502057613169,34.52674897119341
500,Emboar,,Fire,Fighting,528,110,123,65,100,65,65,5,Emboar,94.2798353909465,88.93004115226337,41.64609053497942,79.7119341563786,43.58024691358025,46.46090534979424
501,Oshawott,,Water,,308,55,55,45,63,45,45,5,Oshawott,27.901234567901234,22.633744855967077,15.34979423868313,45.1440329218107,15.843621399176955,23.456790123456788
502,Dewott,,Water,,413,75,75,60,83,60,60,5,Dewott,61.72839506172839,46.21399176954733,34.23868312757202,65.67901234567901,36.21399176954733,40.45267489711934
503,Samurott,,Water,,528,95,100,85,108,70,70,5,Samurott,84.03292181069959,73.08641975308642,67.53086419753086,84.32098765432099,50.37037037037037,52.59259259259259
504,Patrat,,Normal,,255,45,55,39,35,39,42,5,Patrat,14.5679012345679,22.633744855967077,7.28395061728395,9.588477366255145,8.024691358024691,20.08230452674897
505,Watchog,,Normal,,420,60,85,69,60,69,77,5,Watchog,35.7201646090535,58.14814814814815,45.63786008230453,40.781893004115226,47.20164609053498,59.83539094650205
506,Lillipup,,Normal,,275,45,60,45,25,45,55,5,Lillipup,14.5679012345679,27.818930041152264,15.34979423868313,2.5925925925925926,15.843621399176955,34.52674897119341
507,Herdier,,Normal,,370,65,80,65,35,65,60,5,Herdier,44.074074074074076,51.81069958847737,41.64609053497942,9.588477366255145,43.58024691358025,40.45267489711934
508,Stoutland,,Normal,,500,85,110,90,45,90,80,5,Stoutland,74.81481481481481,80.94650205761317,72.46913580246913,21.358024691358025,75.7201646090535,62.63374485596708
509,Purrloin,,Dark,,281,41,50,37,50,37,66,5,Purrloin,10.905349794238683,17.11934156378601,6.790123456790123,27.037037037037038,7.530864197530865,48.93004115226338
510,Liepard,,Dark,,446,64,88,50,88,50,106,5,Liepard,41.275720164609055,60.781893004115226,21.604938271604937,69.83539094650206,22.098765432098766,87.98353909465021
511,Pansage,,Grass,,316,50,53,48,53,48,64,5,Pansage,21.193415637860085,20.20576131687243,18.14814814814815,30.37037037037037,18.641975308641975,43.991769547325106
512,Simisage,,Grass,,498,75,98,63,98,63,101,5,Simisage,61.72839506172839,70.16460905349794,38.477366255144034,77.61316872427983,40.24691358024691,85.30864197530865
513,Pansear,,Fire,,316,50,53,48,53,48,64,5,Pansear,21.193415637860085,20.20576131687243,18.14814814814815,30.37037037037037,18.641975308641975,43.991769547325106
514,Simisear,,Fire,,498,75,98,63,98,63,101,5,Simisear,61.72839506172839,70.16460905349794,38.477366255144034,77.61316872427983,40.24691358024691,85.30864197530865
515,Panpour,,Water,,316,50,53,48,53,48,64,5,Panpour,21.193415637860085,20.20576131687243,18.14814814814815,30.37037037037037,18.641975308641975,43.991769547325106
516,Simipour,,Water,,498,75,98,63,98,63,101,5,Simipour,61.72839506172839,70.16460905349794,38.477366255144034,77.61316872427983,40.24691358024691,85.30864197530865
517,Munna,,Psychic,,292,76,25,45,67,55,24,5,Munna,64.5679012345679,1.934156378600823,15.34979423868313,51.06995884773663,29.46502057613169,4.11522633744856
518,Musharna,,Psychic,,487,116,55,85,107,95,29,5,Musharna,95.80246913580247,22.633744855967077,67.53086419753086,84.15637860082305,80.20576131687243,5.88477366255144
519,Pidove,,Normal,Flying,264,50,55,50,36,30,43,5,Pidove,21.193415637860085,22.633744855967077,21.604938271604937,11.316872427983538,3.168724279835391,20.82304526748971
520,Tranquill,,Normal,Flying,358,62,77,62,50,42,65,5,Tranquill,40.370370370370374,48.76543209876543,37.73662551440329,27.037037037037038,13.004115226337449,46.46090534979424
521,Unfezant,,Normal,Flying,488,80,115,80,65,55,93,5,Unfezant,69.58847736625515,83.82716049382715,62.34567901234568,48.18930041152264,29.46502057613169,76.17283950617283
522,Blitzle,,Electric,,295,45,60,32,50,32,76,5,Blitzle,14.5679012345679,27.818930041152264,3.580246913580247,27.037037037037038,4.609053497942387,59.4238683127572
523,Zebstrika,,Electric,,497,75,100,63,80,63,116,5,Zebstrika,61.72839506172839,73.08641975308642,38.477366255144034,62.59259259259259,40.24691358024691,93.66255144032922
524,Roggenrola,,Rock,,280,55,75,85,25,25,15,5,Roggenrola,27.901234567901234,46.21399176954733,67.53086419753086,2.5925925925925926,1.3580246913580247,1.3580246913580247
525,Boldore,,Rock,,390,70,105,105,50,40,20,5,Boldore,52.63374485596708,77.9835390946502,85.18518518518519,27.037037037037038,10.246913580246913,2.7983539094650207
526,Gigalith,,Rock,,515,85,135,130,60,80,25,5,Gigalith,74.81481481481481,94.65020576131687,95.34979423868313,40.781893004115226,63.74485596707819,4.691358024691358
527,Woobat,,Psychic,Flying,323,65,45,43,55,43,72,5,Woobat,44.074074074074076,12.098765432098766,12.716049382716049,33.62139917695473,13.333333333333334,55.67901234567901
528,Swoobat,,Psychic,Flying,425,67,57,55,77,55,114,5,Swoobat,47.160493827160494,25.020576131687243,27.942386831275723,59.91769547325103,29.46502057613169,92.34567901234568
529,Drilbur,,Ground,,328,60,85,40,30,45,68,5,Drilbur,35.7201646090535,58.14814814814815,9.588477366255145,5.637860082304527,15.843621399176955,49.876543209876544
530,Excadrill,,Ground,Steel,508,110,135,60,50,65,88,5,Excadrill,94.2798353909465,94.65020576131687,34.23868312757202,27.037037037037038,43.58024691358025,70.69958847736626
531,Audino,,Normal,,445,103,60,86,60,86,50,5,Audino,90.74074074074075,27.818930041152264,69.30041152263374,40.781893004115226,72.22222222222221,29.46502057613169
532,Timburr,,Fighting,,305,75,80,55,25,35,35,5,Timburr,61.72839506172839,51.81069958847737,27.942386831275723,2.5925925925925926,6.008230452674898,13.004115226337449
533,Gurdurr,,Fighting,,405,85,105,85,40,50,40,5,Gurdurr,74.81481481481481,77.9835390946502,67.53086419753086,14.897119341563785,22.098765432098766,17.736625514403293
534,Conkeldurr,,Fighting,,505,105,140,95,55,65,45,5,Conkeldurr,91.72839506172839,95.96707818930041,77.11934156378601,33.62139917695473,43.58024691358025,23.456790123456788
535,Tympole,,Water,,294,50,50,40,50,40,64,5,Tympole,21.193415637860085,17.11934156378601,9.588477366255145,27.037037037037038,10.246913580246913,43.991769547325106
536,Palpitoad,,Water,Ground,384,75,65,55,65,55,69,5,Palpitoad,61.72839506172839,34.32098765432099,27.942386831275723,48.18930041152264,29.46502057613169,50.288065843621396
537,Seismitoad,,Water,Ground,509,105,95,75,85,75,74,5,Seismitoad,91.72839506172839,67.73662551440329,55.80246913580247,67.61316872427983,57.160493827160494,56.50205761316872
538,Throh,,Fighting,,465,120,100,85,30,85,45,5,Throh,96.17283950617283,73.08641975308642,67.53086419753086,5.637860082304527,70.12345679012346,23.456790123456788
539,Sawk,,Fighting,,465,75,125,75,30,75,85,5,Sawk,61.72839506172839,90.16460905349794,55.80246913580247,5.637860082304527,57.160493827160494,67.9835390946502
540,Sewaddle,,Bug,Grass,310,45,53,70,40,60,42,5,Sewaddle,14.5679012345679,20.20576131687243,49.135802469135804,14.897119341563785,36.21399176954733,20.08230452674897
541,Swadloon,,Bug,Grass,380,55,63,90,50,80,42,5,Swadloon,27.901234567901234,30.987654320987655,72.46913580246913,27.037037037037038,63.74485596707819,20.08230452674897
542,Leavanny,,Bug,Grass,500,75,103,80,70,80,92,5,Leavanny,61.72839506172839,76.50205761316873,62.34567901234568,53.78600823045267,63.74485596707819,75.55555555555556
543,Venipede,,Bug,Poison,260,30,45,59,30,39,57,5,Venipede,2.05761316872428,12.098765432098766,31.152263374485596,5.637860082304527,8.024691358024691,36.70781893004115
544,Whirlipede,,Bug,Poison,360,40,55,99,40,79,47,5,Whirlipede,8.271604938271606,22.633744855967077,79.30041152263374,14.897119341563785,60.49382716049383,25.925925925925924
545,Scolipede,,Bug,Poison,485,60,100,89,55,69,112,5,Scolipede,35.7201646090535,73.08641975308642,70.08230452674897,33.62139917695473,47.20164609053498,92.05761316872429
546,Cottonee,,Grass,Fairy,280,40,27,60,37,50,66,5,Cottonee,8.271604938271606,2.3045267489711936,34.23868312757202,11.522633744855968,22.098765432098766,48.93004115226338
547,Whimsicott,,Grass,Fairy,480,60,67,85,77,75,116,5,Whimsicott,35.7201646090535,37.407407407407405,67.53086419753086,59.91769547325103,57.160493827160494,93.66255144032922
548,Petilil,,Grass,,280,45,35,50,70,50,30,5,Petilil,14.5679012345679,5.967078189300412,21.604938271604937,53.78600823045267,22.098765432098766,8.148148148148149
549,Lilligant,,Grass,,480,70,60,75,110,75,90,5,Lilligant,52.63374485596708,27.818930041152264,55.80246913580247,85.63786008230453,57.160493827160494,72.79835390946502
550,Basculin,Red-Striped Form,Water,,460,70,92,65,80,55,98,5,Basculin (Red-Striped Form),52.63374485596708,65.22633744855966,41.64609053497942,62.59259259259259,29.46502057613169,80.8641975308642
550,Basculin,Blue-Striped Form,Water,,460,70,92,65,80,55,98,5,Basculin (Blue-Striped Form),52.63374485596708,65.22633744855966,41.64609053497942,62.59259259259259,29.46502057613169,80.8641975308642
551,Sandile,,Ground,Dark,292,50,72,35,35,35,65,5,Sandile,21.193415637860085,43.00411522633745,5.3086419753086425,9.588477366255145,6.008230452674898,46.46090534979424
552,Krokorok,,Ground,Dark,351,60,82,45,45,45,74,5,Krokorok,35.7201646090535,54.773662551440324,15.34979423868313,21.358024691358025,15.843621399176955,56.50205761316872
553,Krookodile,,Ground,Dark,519,95,117,80,65,70,92,5,Krookodile,84.03292181069959,85.14403292181069,62.34567901234568,48.18930041152264,50.37037037037037,75.55555555555556
554,Darumaka,,Fire,,315,70,90,45,15,45,50,5,Darumaka,52.63374485596708,62.92181069958848,15.34979423868313,0.5761316872427984,15.843621399176955,29.46502057613169
555,Darmanitan,Standard Mode,Fire,,480,105,140,55,30,55,95,5,Darmanitan (Standard Mode),91.72839506172839,95.96707818930041,27.942386831275723,5.637860082304527,29.46502057613169,78.06584362139918
555,Darmanitan,Zen Mode,Fire,Psychic,540,105,30,105,140,105,55,5,Darmanitan (Zen Mode),91.72839506172839,3.909465020576132,85.18518518518519,96.54320987654322,88.18930041152264,34.52674897119341
556,Maractus,,Grass,,461,75,86,67,106,67,60,5,Maractus,61.72839506172839,60.32921810699589,44.8559670781893,83.9917695473251,46.666666666666664,40.45267489711934
557,Dwebble,,Bug,Rock,325,50,65,85,35,35,55,5,Dwebble,21.193415637860085,34.32098765432099,67.53086419753086,9.588477366255145,6.008230452674898,34.52674897119341
558,Crustle,,Bug,Rock,485,70,105,125,65,75,45,5,Crustle,52.63374485596708,77.9835390946502,94.07407407407408,48.18930041152264,57.160493827160494,23.456790123456788
559,Scraggy,,Dark,Fighting,348,50,75,70,35,70,48,5,Scraggy,21.193415637860085,46.21399176954733,49.135802469135804,9.588477366255145,50.37037037037037,26.337448559670783
560,Scrafty,,Dark,Fighting,488,65,90,115,45,115,58,5,Scrafty,44.074074074074076,62.92181069958848,90.08230452674897,21.358024691358025,93.08641975308643,37.28395061728395
561,Sigilyph,,Psychic,Flying,490,72,58,80,103,80,97,5,Sigilyph,57.28395061728395,25.349794238683128,62.34567901234568,81.64609053497942,63.74485596707819,80.16460905349794
562,Yamask,,Ghost,,303,38,30,85,55,65,30,5,Yamask,5.267489711934156,3.909465020576132,67.53086419753086,33.62139917695473,43.58024691358025,8.148148148148149
563,Cofagrigus,,Ghost,,483,58,50,145,95,105,30,5,Cofagrigus,30.987654320987655,17.11934156378601,97.81893004115226,75.18518518518519,88.18930041152264,8.148148148148149
564,Tirtouga,,Water,Rock,355,54,78,103,53,45,22,5,Tirtouga,25.637860082304524,49.17695473251029,84.23868312757202,30.37037037037037,15.843621399176955,3.7037037037037033
565,Carracosta,,Water,Rock,495,74,108,133,83,65,32,5,Carracosta,58.724279835390945,79.58847736625513,96.37860082304528,65.67901234567901,43.58024691358025,10.699588477366255
566,Archen,,Rock,Flying,401,55,112,45,74,45,70,5,Archen,27.901234567901234,82.26337448559671,15.34979423868313,57.03703703703704,15.843621399176955,52.59259259259259
567,Archeops,,Rock,Flying,567,75,140,65,112,65,110,5,Archeops,61.72839506172839,95.96707818930041,41.64609053497942,86.83127572016461,43.58024691358025,90.41152263374485
568,Trubbish,,Poison,,329,50,50,62,40,62,65,5,Trubbish,21.193415637860085,17.11934156378601,37.73662551440329,14.897119341563785,39.58847736625514,46.46090534979424
569,Garbodor,,Poison,,474,80,95,82,60,82,75,5,Garbodor,69.58847736625515,67.73662551440329,65.06172839506172,40.781893004115226,67.53086419753086,57.983539094650205
570,Zorua,,Dark,,330,40,65,40,80,40,65,5,Zorua,8.271604938271606,34.32098765432099,9.588477366255145,62.59259259259259,10.246913580246913,46.46090534979424
571,Zoroark,,Dark,,510,60,105,60,120,60,105,5,Zoroark,35.7201646090535,77.9835390946502,34.23868312757202,89.25925925925927,36.21399176954733,87.07818930041152
572,Minccino,,Normal,,300,55,50,40,40,40,75,5,Minccino,27.901234567901234,17.11934156378601,9.588477366255145,14.897119341563785,10.246913580246913,57.983539094650205
573,Cinccino,,Normal,,470,75,95,60,65,60,115,5,Cinccino,61.72839506172839,67.73662551440329,34.23868312757202,48.18930041152264,36.21399176954733,92.96296296296296
574,Gothita,,Psychic,,290,45,30,50,55,65,45,5,Gothita,14.5679012345679,3.909465020576132,21.604938271604937,33.62139917695473,43.58024691358025,23.456790123456788
575,Gothorita,,Psychic,,390,60,45,70,75,85,55,5,Gothorita,35.7201646090535,12.098765432098766,49.135802469135804,58.477366255144034,70.12345679012346,34.52674897119341
576,Gothitelle,,Psychic,,490,70,55,95,95,110,65,5,Gothitelle,52.63374485596708,22.633744855967077,77.11934156378601,75.18518518518519,91.23456790123457,46.46090534979424
577,Solosis,,Psychic,,290,45,30,40,105,50,20,5,Solosis,14.5679012345679,3.909465020576132,9.588477366255145,82.88065843621399,22.098765432098766,2.7983539094650207
578,Duosion,,Psychic,,370,65,40,50,125,60,30,5,Duosion,44.074074074074076,8.518518518518519,21.604938271604937,91.52263374485597,36.21399176954733,8.148148148148149
579,Reuniclus,,Psychic,,490,110,65,75,125,85,30,5,Reuniclus,94.2798353909465,34.32098765432099,55.80246913580247,91.52263374485597,70.12345679012346,8.148148148148149
580,Ducklett,,Water,Flying,305,62,44,50,44,50,55,5,Ducklett,40.370370370370374,10.411522633744855,21.604938271604937,18.88888888888889,22.098765432098766,34.52674897119341
581,Swanna,,Water,Flying,473,75,87,63,87,63,98,5,Swanna,61.72839506172839,60.57613168724279,38.477366255144034,69.62962962962963,40.24691358024691,80.8641975308642
582,Vanillite,,Ice,,305,36,50,50,65,60,44,5,Vanillite,4.609053497942387,17.11934156378601,21.604938271604937,48.18930041152264,36.21399176954733,21.39917695473251
583,Vanillish,,Ice,,395,51,65,65,80,75,59,5,Vanillish,24.567901234567902,34.32098765432099,41.64609053497942,62.59259259259259,57.160493827160494,37.77777777777778
584,Vanilluxe,,Ice,,535,71,95,85,110,95,79,5,Vanilluxe,56.54320987654321,67.73662551440329,67.53086419753086,85.63786008230453,80.20576131687243,60.82304526748972
585,Deerling,,Normal,Grass,335,60,60,50,40,50,75,5,Deerling,35.7201646090535,27.818930041152264,21.604938271604937,14.897119341563785,22.098765432098766,57.983539094650205
586,Sawsbuck,,Normal,Grass,475,80,100,70,60,70,95,5,Sawsbuck,69.58847736625515,73.08641975308642,49.135802469135804,40.781893004115226,50.37037037037037,78.06584362139918
587,Emolga,,Electric,Flying,428,55,75,60,75,60,103,5,Emolga,27.901234567901234,46.21399176954733,34.23868312757202,58.477366255144034,36.21399176954733,85.96707818930042
588,Karrablast,,Bug,,315,50,75,45,40,45,60,5,Karrablast,21.193415637860085,46.21399176954733,15.34979423868313,14.897119341563785,15.843621399176955,40.45267489711934
589,Escavalier,,Bug,Steel,495,70,135,105,60,105,20,5,Escavalier,52.63374485596708,94.65020576131687,85.18518518518519,40.781893004115226,88.18930041152264,2.7983539094650207
590,Foongus,,Grass,Poison,294,69,55,45,55,55,15,5,Foongus,48.888888888888886,22.633744855967077,15.34979423868313,33.62139917695473,29.46502057613169,1.3580246913580247
591,Amoonguss,,Grass,Poison,464,114,85,70,85,80,30,5,Amoonguss,95.14403292181069,58.14814814814815,49.135802469135804,67.61316872427983,63.74485596707819,8.148148148148149
592,Frillish,,Water,Ghost,335,55,40,50,65,85,40,5,Frillish,27.901234567901234,8.518518518518519,21.604938271604937,48.18930041152264,70.12345679012346,17.736625514403293
593,Jellicent,,Water,Ghost,480,100,60,70,85,105,60,5,Jellicent,88.35390946502058,27.818930041152264,49.135802469135804,67.61316872427983,88.18930041152264,40.45267489711934
594,Alomomola,,Water,,470,165,75,80,40,45,65,5,Alomomola,99.25925925925925,46.21399176954733,62.34567901234568,14.897119341563785,15.843621399176955,46.46090534979424
595,Joltik,,Bug,Electric,319,50,47,50,57,50,65,5,Joltik,21.193415637860085,14.03292181069959,21.604938271604937,36.37860082304527,22.098765432098766,46.46090534979424
596,Galvantula,,Bug,Electric,472,70,77,60,97,60,108,5,Galvantula,52.63374485596708,48.76543209876543,34.23868312757202,77.11934156378601,36.21399176954733,88.60082304526749
597,Ferroseed,,Grass,Steel,305,44,50,91,24,86,10,5,Ferroseed,12.181069958847738,17.11934156378601,74.97942386831275,1.8518518518518516,72.22222222222221,0.49382716049382713
598,Ferrothorn,,Grass,Steel,489,74,94,131,54,116,20,5,Ferrothorn,58.724279835390945,65.88477366255144,96.17283950617283,31.069958847736622,93.90946502057614,2.7983539094650207
599,Klink,,Steel,,300,40,55,70,45,60,30,5,Klink,8.271604938271606,22.633744855967077,49.135802469135804,21.358024691358025,36.21399176954733,8.148148148148149
600,Klang,,Steel,,440,60,80,95,70,85,50,5,Klang,35.7201646090535,51.81069958847737,77.11934156378601,53.78600823045267,70.12345679012346,29.46502057613169
601,Klinklang,,Steel,,520,60,100,115,70,85,90,5,Klinklang,35.7201646090535,73.08641975308642,90.08230452674897,53.78600823045267,70.12345679012346,72.79835390946502
602,Tynamo,,Electric,,275,35,55,40,45,40,60,5,Tynamo,3.7448559670781894,22.633744855967077,9.588477366255145,21.358024691358025,10.246913580246913,40.45267489711934
603,Eelektrik,,Electric,,405,65,85,70,75,70,40,5,Eelektrik,44.074074074074076,58.14814814814815,49.135802469135804,58.477366255144034,50.37037037037037,17.736625514403293
604,Eelektross,,Electric,,515,85,115,80,105,80,50,5,Eelektross,74.81481481481481,83.82716049382715,62.34567901234568,82.88065843621399,63.74485596707819,29.46502057613169
605,Elgyem,,Psychic,,335,55,55,55,85,55,30,5,Elgyem,27.901234567901234,22.633744855967077,27.942386831275723,67.61316872427983,29.46502057613169,8.148148148148149
606,Beheeyem,,Psychic,,485,75,75,75,125,95,40,5,Beheeyem,61.72839506172839,46.21399176954733,55.80246913580247,91.52263374485597,80.20576131687243,17.736625514403293
607,Litwick,,Ghost,Fire,275,50,30,55,65,55,20,5,Litwick,21.193415637860085,3.909465020576132,27.942386831275723,48.18930041152264,29.46502057613169,2.7983539094650207
608,Lampent,,Ghost,Fire,370,60,40,60,95,60,55,5,Lampent,35.7201646090535,8.518518518518519,34.23868312757202,75.18518518518519,36.21399176954733,34.52674897119341
609,Chandelure,,Ghost,Fire,520,60,55,90,145,90,80,5,Chandelure,35.7201646090535,22.633744855967077,72.46913580246913,97.1604938271605,75.7201646090535,62.63374485596708
610,Axew,,Dragon,,320,46,87,60,30,40,57,5,Axew,16.790123456790123,60.57613168724279,34.23868312757202,5.637860082304527,10.246913580246913,36.70781893004115
611,Fraxure,,Dragon,,410,66,117,70,40,50,67,5,Fraxure,46.74897119341564,85.14403292181069,49.135802469135804,14.897119341563785,22.098765432098766,49.382716049382715
612,Haxorus,,Dragon,,540,76,147,90,60,70,97,5,Haxorus,64.5679012345679,97.11934156378601,72.46913580246913,40.781893004115226,50.37037037037037,80.16460905349794
613,Cubchoo,,Ice,,305,55,70,40,60,40,40,5,Cubchoo,27.901234567901234,40.45267489711934,9.588477366255145,40.781893004115226,10.246913580246913,17.736625514403293
614,Beartic,,Ice,,505,95,130,80,70,80,50,5,Beartic,84.03292181069959,92.46913580246914,62.34567901234568,53.78600823045267,63.74485596707819,29.46502057613169
615,Cryogonal,,Ice,,515,80,50,50,95,135,105,5,Cryogonal,69.58847736625515,17.11934156378601,21.604938271604937,75.18518518518519,98.0246913580247,87.07818930041152
616,Shelmet,,Bug,,305,50,40,85,40,65,25,5,Shelmet,21.193415637860085,8.518518518518519,67.53086419753086,14.897119341563785,43.58024691358025,4.691358024691358
617,Accelgor,,Bug,,495,80,70,40,100,60,145,5,Accelgor,69.58847736625515,40.45267489711934,9.588477366255145,79.7119341563786,36.21399176954733,98.93004115226337
618,Stunfisk,,Ground,Electric,471,109,66,84,81,99,32,5,Stunfisk,93.53909465020575,36.95473251028807,65.7201646090535,64.8971193415638,83.08641975308642,10.699588477366255
619,Mienfoo,,Fighting,,350,45,85,50,55,50,65,5,Mienfoo,14.5679012345679,58.14814814814815,21.604938271604937,33.62139917695473,22.098765432098766,46.46090534979424
620,Mienshao,,Fighting,,510,65,125,60,95,60,105,5,Mienshao,44.074074074074076,90.16460905349794,34.23868312757202,75.18518518518519,36.21399176954733,87.07818930041152
621,Druddigon,,Dragon,,485,77,120,90,60,90,48,5,Druddigon,64.97942386831276,87.07818930041152,72.46913580246913,40.781893004115226,75.7201646090535,26.337448559670783
622,Golett,,Ground,Ghost,303,59,74,50,35,50,35,5,Golett,31.728395061728392,44.074074074074076,21.604938271604937,9.588477366255145,22.098765432098766,13.004115226337449
623,Golurk,,Ground,Ghost,483,89,124,80,55,80,55,5,Golurk,77.28395061728395,89.17695473251028,62.34567901234568,33.62139917695473,63.74485596707819,34.52674897119341
624,Pawniard,,Dark,Steel,340,45,85,70,40,40,60,5,Pawniard,14.5679012345679,58.14814814814815,49.135802469135804,14.897119341563785,10.246913580246913,40.45267489711934
625,Bisharp,,Dark,Steel,490,65,125,100,60,70,70,5,Bisharp,44.074074074074076,90.16460905349794,81.6872427983539,40.781893004115226,50.37037037037037,52.59259259259259
626,Bouffalant,,Normal,,490,95,110,95,40,95,55,5,Bouffalant,84.03292181069959,80.94650205761317,77.11934156378601,14.897119341563785,80.20576131687243,34.52674897119341
627,Rufflet,,Normal,Flying,350,70,83,50,37,50,60,5,Rufflet,52.63374485596708,55.349794238683124,21.604938271604937,11.522633744855968,22.098765432098766,40.45267489711934
628,Braviary,,Normal,Flying,510,100,123,75,57,75,80,5,Braviary,88.35390946502058,88.93004115226337,55.80246913580247,36.37860082304527,57.160493827160494,62.63374485596708
629,Vullaby,,Dark,Flying,370,70,55,75,45,65,60,5,Vullaby,52.63374485596708,22.633744855967077,55.80246913580247,21.358024691358025,43.58024691358025,40.45267489711934
630,Mandibuzz,,Dark,Flying,510,110,65,105,55,95,80,5,Mandibuzz,94.2798353909465,34.32098765432099,85.18518518518519,33.62139917695473,80.20576131687243,62.63374485596708
631,Heatmor,,Fire,,484,85,97,66,105,66,65,5,Heatmor,74.81481481481481,69.87654320987654,44.2798353909465,82.88065843621399,46.33744855967078,46.46090534979424
632,Durant,,Bug,Steel,484,58,109,112,48,48,109,5,Durant,30.987654320987655,79.79423868312757,88.97119341563786,24.074074074074073,18.641975308641975,89.13580246913581
633,Deino,,Dark,Dragon,300,52,65,50,45,50,38,5,Deino,24.897119341563787,34.32098765432099,21.604938271604937,21.358024691358025,22.098765432098766,15.596707818930042
634,Zweilous,,Dark,Dragon,420,72,85,70,65,70,58,5,Zweilous,57.28395061728395,58.14814814814815,49.135802469135804,48.18930041152264,50.37037037037037,37.28395061728395
635,Hydreigon,,Dark,Dragon,600,92,105,90,125,90,98,5,Hydreigon,82.3045267489712,77.9835390946502,72.46913580246913,91.52263374485597,75.7201646090535,80.8641975308642
636,Larvesta,,Bug,Fire,360,55,85,55,50,55,60,5,Larvesta,27.901234567901234,58.14814814814815,27.942386831275723,27.037037037037038,29.46502057613169,40.45267489711934
637,Volcarona,,Bug,Fire,550,85,60,65,135,105,100,5,Volcarona,74.81481481481481,27.818930041152264,41.64609053497942,95.34979423868313,88.18930041152264,83.25102880658436
638,Cobalion,,Steel,Fighting,580,91,90,129,90,72,108,5,Cobalion,81.81069958847736,62.92181069958848,94.65020576131687,71.19341563786008,54.074074074074076,88.60082304526749
639,Terrakion,,Rock,Fighting,580,91,129,90,72,90,108,5,Terrakion,81.81069958847736,91.52263374485597,72.46913580246913,56.17283950617284,75.7201646090535,88.60082304526749
640,Virizion,,Grass,Fighting,580,91,90,72,90,129,108,5,Virizion,81.81069958847736,62.92181069958848,53.20987654320988,71.19341563786008,96.46090534979423,88.60082304526749
641,Tornadus,Incarnate Forme,Flying,,580,79,115,70,125,80,111,5,Tornadus (Incarnate Forme),66.5843621399177,83.82716049382715,49.135802469135804,91.52263374485597,63.74485596707819,91.6872427983539
641,Tornadus,Therian Forme,Flying,,580,79,100,80,110,90,121,5,Tornadus (Therian Forme),66.5843621399177,73.08641975308642,62.34567901234568,85.63786008230453,75.7201646090535,95.22633744855968
642,Thundurus,Incarnate Forme,Electric,Flying,580,79,115,70,125,80,111,5,Thundurus (Incarnate Forme),66.5843621399177,83.82716049382715,49.135802469135804,91.52263374485597,63.74485596707819,91.6872427983539
642,Thundurus,Therian Forme,Electric,Flying,580,79,105,70,145,80,101,5,Thundurus (Therian Forme),66.5843621399177,77.9835390946502,49.135802469135804,97.1604938271605,63.74485596707819,85.30864197530865
643,Reshiram,,Dragon,Fire,680,100,120,100,150,120,90,5,Reshiram,88.35390946502058,87.07818930041152,81.6872427983539,97.90123456790123,94.8559670781893,72.79835390946502
644,Zekrom,,Dragon,Electric,680,100,150,120,120,100,90,5,Zekrom,88.35390946502058,97.61316872427983,92.18106995884774,89.25925925925927,84.93827160493828,72.79835390946502
645,Landorus,Incarnate Forme,Ground,Flying,600,89,125,90,115,80,101,5,Landorus (Incarnate Forme),77.28395061728395,90.16460905349794,72.46913580246913,87.86008230452676,63.74485596707819,85.30864197530865
645,Landorus,Therian Forme,Ground,Flying,600,89,145,90,105,80,91,5,Landorus (Therian Forme),77.28395061728395,96.79012345679013,72.46913580246913,82.88065843621399,63.74485596707819,74.93827160493827
646,Kyurem,,Dragon,Ice,660,125,130,90,130,90,95,5,Kyurem,97.03703703703704,92.46913580246914,72.46913580246913,93.7037037037037,75.7201646090535,78.06584362139918
646,Kyurem,White Kyurem,Dragon,Ice,700,125,120,90,170,100,95,5,Kyurem (White Kyurem),97.03703703703704,87.07818930041152,72.46913580246913,99.42386831275721,84.93827160493828,78.06584362139918
646,Kyurem,Black Kyurem,Dragon,Ice,700,125,170,100,120,90,95,5,Kyurem (Black Kyurem),97.03703703703704,99.46502057613169,81.6872427983539,89.25925925925927,75.7201646090535,78.06584362139918
647,Keldeo,Ordinary Form,Water,Fighting,580,91,72,90,129,90,108,5,Keldeo (Ordinary Form),81.81069958847736,43.00411522633745,72.46913580246913,92.96296296296296,75.7201646090535,88.60082304526749
647,Keldeo,Resolute Form,Water,Fighting,580,91,72,90,129,90,108,5,Keldeo (Resolute Form),81.81069958847736,43.00411522633745,72.46913580246913,92.96296296296296,75.7201646090535,88.60082304526749
648,Meloetta,Aria Forme,Normal,Psychic,600,100,77,77,128,128,90,5,Meloetta (Aria Forme),88.35390946502058,48.76543209876543,58.230452674897116,92.8395061728395,96.37860082304528,72.79835390946502
648,Meloetta,Pirouette Forme,Normal,Fighting,600,100,128,90,77,77,128,5,Meloetta (Pirouette Forme),88.35390946502058,91.39917695473251,72.46913580246913,59.91769547325103,60.0,96.50205761316872
649,Genesect,,Bug,Steel,600,71,120,95,120,95,99,5,Genesect,56.54320987654321,87.07818930041152,77.11934156378601,89.25925925925927,80.20576131687243,81.31687242798354
3,Venusaur,Mega Venusaur,Grass,Poison,625,80,100,123,122,120,80,6,Venusaur (Mega Venusaur),69.58847736625515,73.08641975308642,93.66255144032922,90.37037037037037,94.8559670781893,62.63374485596708
6,Charizard,Mega Charizard X,Fire,Dragon,634,78,130,111,130,85,100,6,Charizard (Mega Charizard X),65.7201646090535,92.46913580246914,88.88888888888889,93.7037037037037,70.12345679012346,83.25102880658436
6,Charizard,Mega Charizard Y,Fire,Flying,634,78,104,78,159,115,100,6,Charizard (Mega Charizard Y),65.7201646090535,76.79012345679013,58.93004115226338,98.76543209876543,93.08641975308643,83.25102880658436
9,Blastoise,Mega Blastoise,Water,,630,79,103,120,135,115,78,6,Blastoise (Mega Blastoise),66.5843621399177,76.50205761316873,92.18106995884774,95.34979423868313,93.08641975308643,60.41152263374485
15,Beedrill,Mega Beedrill,Bug,Poison,495,65,150,40,15,80,145,6,Beedrill (Mega Beedrill),44.074074074074076,97.61316872427983,9.588477366255145,0.5761316872427984,63.74485596707819,98.93004115226337
18,Pidgeot,Mega Pidgeot,Normal,Flying,579,83,80,80,135,80,121,6,Pidgeot (Mega Pidgeot),73.25102880658436,51.81069958847737,62.34567901234568,95.34979423868313,63.74485596707819,95.22633744855968
65,Alakazam,Mega Alakazam,Psychic,,600,55,50,65,175,105,150,6,Alakazam (Mega Alakazam),27.901234567901234,17.11934156378601,41.64609053497942,99.67078189300412,88.18930041152264,99.42386831275721
80,Slowbro,Mega Slowbro,Water,Psychic,590,95,75,180,130,80,30,6,Slowbro (Mega Slowbro),84.03292181069959,46.21399176954733,99.1769547325103,93.7037037037037,63.74485596707819,8.148148148148149
94,Gengar,Mega Gengar,Ghost,Poison,600,60,65,80,170,95,130,6,Gengar (Mega Gengar),35.7201646090535,34.32098765432099,62.34567901234568,99.42386831275721,80.20576131687243,97.11934156378601
115,Kangaskhan,Mega Kangaskhan,Normal,,590,105,125,100,60,100,100,6,Kangaskhan (Mega Kangaskhan),91.72839506172839,90.16460905349794,81.6872427983539,40.781893004115226,84.93827160493828,83.25102880658436
127,Pinsir,Mega Pinsir,Bug,Flying,600,65,155,120,65,90,105,6,Pinsir (Mega Pinsir),44.074074074074076,98.14814814814815,92.18106995884774,48.18930041152264,75.7201646090535,87.07818930041152
130,Gyarados,Mega Gyarados,Water,Dark,640,95,155,109,70,130,81,6,Gyarados (Mega Gyarados),84.03292181069959,98.14814814814815,86.95473251028807,53.78600823045267,96.99588477366255,64.52674897119341
142,Aerodactyl,Mega Aerodactyl,Rock,Flying,615,80,135,85,70,95,150,6,Aerodactyl (Mega Aerodactyl),69.58847736625515,94.65020576131687,67.53086419753086,53.78600823045267,80.20576131687243,99.42386831275721
150,Mewtwo,Mega Mewtwo X,Psychic,Fighting,780,106,190,100,154,100,130,6,Mewtwo (Mega Mewtwo X),92.63374485596708,100.0,81.6872427983539,98.559670781893,84.93827160493828,97.11934156378601
150,Mewtwo,Mega Mewtwo Y,Psychic,,780,106,150,70,194,120,140,6,Mewtwo (Mega Mewtwo Y),92.63374485596708,97.61316872427983,49.135802469135804,100.0,94.8559670781893,98.60082304526749
181,Ampharos,Mega Ampharos,Electric,Dragon,610,90,95,105,165,110,45,6,Ampharos (Mega Ampharos),79.46502057613168,67.73662551440329,85.18518518518519,99.09465020576131,91.23456790123457,23.456790123456788
208,Steelix,Mega Steelix,Steel,Ground,610,75,125,230,55,95,30,6,Steelix (Mega Steelix),61.72839506172839,90.16460905349794,99.83539094650206,33.62139917695473,80.20576131687243,8.148148148148149
212,Scizor,Mega Scizor,Bug,Steel,600,70,150,140,65,100,75,6,Scizor (Mega Scizor),52.63374485596708,97.61316872427983,97.20164609053498,48.18930041152264,84.93827160493828,57.983539094650205
214,Heracross,Mega Heracross,Bug,Fighting,600,80,185,115,40,105,75,6,Heracross (Mega Heracross),69.58847736625515,99.91769547325103,90.08230452674897,14.897119341563785,88.18930041152264,57.983539094650205
229,Houndoom,Mega Houndoom,Dark,Fire,600,75,90,90,140,90,115,6,Houndoom (Mega Houndoom),61.72839506172839,62.92181069958848,72.46913580246913,96.54320987654322,75.7201646090535,92.96296296296296
248,Tyranitar,Mega Tyranitar,Rock,Dark,700,100,164,150,95,120,71,6,Tyranitar (Mega Tyranitar),88.35390946502058,98.93004115226337,98.27160493827161,75.18518518518519,94.8559670781893,55.06172839506173
254,Sceptile,Mega Sceptile,Grass,Dragon,630,70,110,75,145,85,145,6,Sceptile (Mega Sceptile),52.63374485596708,80.94650205761317,55.80246913580247,97.1604938271605,70.12345679012346,98.93004115226337
257,Blaziken,Mega Blaziken,Fire,Fighting,630,80,160,80,130,80,100,6,Blaziken (Mega Blaziken),69.58847736625515,98.60082304526749,62.34567901234568,93.7037037037037,63.74485596707819,83.25102880658436
260,Swampert,Mega Swampert,Water,Ground,635,100,150,110,95,110,70,6,Swampert (Mega Swampert),88.35390946502058,97.61316872427983,87.94238683127573,75.18518518518519,91.23456790123457,52.59259259259259
282,Gardevoir,Mega Gardevoir,Psychic,Fairy,618,68,85,65,165,135,100,6,Gardevoir (Mega Gardevoir),48.10699588477366,58.14814814814815,41.64609053497942,99.09465020576131,98.0246913580247,83.25102880658436
302,Sableye,Mega Sableye,Dark,Ghost,480,50,85,125,85,115,20,6,Sableye (Mega Sableye),21.193415637860085,58.14814814814815,94.07407407407408,67.61316872427983,93.08641975308643,2.7983539094650207
303,Mawile,Mega Mawile,Steel,Fairy,480,50,105,125,55,95,50,6,Mawile (Mega Mawile),21.193415637860085,77.9835390946502,94.07407407407408,33.62139917695473,80.20576131687243,29.46502057613169
306,Aggron,Mega Aggron,Steel,,630,70,140,230,60,80,50,6,Aggron (Mega Aggron),52.63374485596708,95.96707818930041,99.83539094650206,40.781893004115226,63.74485596707819,29.46502057613169
308,Medicham,Mega Medicham,Fighting,Psychic,510,60,100,85,80,85,100,6,Medicham (Mega Medicham),35.7201646090535,73.08641975308642,67.53086419753086,62.59259259259259,70.12345679012346,83.25102880658436
310,Manectric,Mega Manectric,Electric,,575,70,75,80,135,80,135,6,Manectric (Mega Manectric),52.63374485596708,46.21399176954733,62.34567901234568,95.34979423868313,63.74485596707819,97.94238683127571
319,Sharpedo,Mega Sharpedo,Water,Dark,560,70,140,70,110,65,105,6,Sharpedo (Mega Sharpedo),52.63374485596708,95.96707818930041,49.135802469135804,85.63786008230453,43.58024691358025,87.07818930041152
323,Camerupt,Mega Camerupt,Fire,Ground,560,70,120,100,145,105,20,6,Camerupt (Mega Camerupt),52.63374485596708,87.07818930041152,81.6872427983539,97.1604938271605,88.18930041152264,2.7983539094650207
334,Altaria,Mega Altaria,Dragon,Fairy,590,75,110,110,110,105,80,6,Altaria (Mega Altaria),61.72839506172839,80.94650205761317,87.94238683127573,85.63786008230453,88.18930041152264,62.63374485596708
354,Banette,Mega Banette,Ghost,,555,64,165,75,93,83,75,6,Banette (Mega Banette),41.275720164609055,99.1358024691358,55.80246913580247,73.25102880658436,67.9835390946502,57.983539094650205
359,Absol,Mega Absol,Dark,,565,65,150,60,115,60,115,6,Absol (Mega Absol),44.074074074074076,97.61316872427983,34.23868312757202,87.86008230452676,36.21399176954733,92.96296296296296
362,Glalie,Mega Glalie,Ice,,580,80,120,80,120,80,100,6,Glalie (Mega Glalie),69.58847736625515,87.07818930041152,62.34567901234568,89.25925925925927,63.74485596707819,83.25102880658436
373,Salamence,Mega Salamence,Dragon,Flying,700,95,145,130,120,90,120,6,Salamence (Mega Salamence),84.03292181069959,96.79012345679013,95.34979423868313,89.25925925925927,75.7201646090535,94.5679012345679
376,Metagross,Mega Metagross,Steel,Psychic,700,80,145,150,105,110,110,6,Metagross (Mega Metagross),69.58847736625515,96.79012345679013,98.27160493827161,82.88065843621399,91.23456790123457,90.41152263374485
380,Latias,Mega Latias,Dragon,Psychic,700,80,100,120,140,150,110,6,Latias (Mega Latias),69.58847736625515,73.08641975308642,92.18106995884774,96.54320987654322,99.09465020576131,90.41152263374485
381,Latios,Mega Latios,Dragon,Psychic,700,80,130,100,160,120,110,6,Latios (Mega Latios),69.58847736625515,92.46913580246914,81.6872427983539,98.88888888888889,94.8559670781893,90.41152263374485
382,Kyogre,Primal Kyogre,Water,,770,100,150,90,180,160,90,6,Kyogre (Primal Kyogre),88.35390946502058,97.61316872427983,72.46913580246913,99.83539094650206,99.7119341563786,72.79835390946502
383,Groudon,Primal Groudon,Ground,Fire,770,100,180,160,150,90,90,6,Groudon (Primal Groudon),88.35390946502058,99.67078189300412,98.80658436213992,97.90123456790123,75.7201646090535,72.79835390946502
384,Rayquaza,Mega Rayquaza,Dragon,Flying,780,105,180,100,180,100,115,6,Rayquaza (Mega Rayquaza),91.72839506172839,99.67078189300412,81.6872427983539,99.83539094650206,84.93827160493828,92.96296296296296
428,Lopunny,Mega Lopunny,Normal,Fighting,580,65,136,94,54,96,135,6,Lopunny (Mega Lopunny),44.074074074074076,95.14403292181069,75.47325102880659,31.069958847736622,82.22222222222221,97.94238683127571
445,Garchomp,Mega Garchomp,Dragon,Ground,700,108,170,115,120,95,92,6,Garchomp (Mega Garchomp),93.16872427983539,99.46502057613169,90.08230452674897,89.25925925925927,80.20576131687243,75.55555555555556
448,Lucario,Mega Lucario,Fighting,Steel,625,70,145,88,140,70,112,6,Lucario (Mega Lucario),52.63374485596708,96.79012345679013,69.79423868312757,96.54320987654322,50.37037037037037,92.05761316872429
460,Abomasnow,Mega Abomasnow,Grass,Ice,594,90,132,105,132,105,30,6,Abomasnow (Mega Abomasnow),79.46502057613168,93.86831275720165,85.18518518518519,94.5679012345679,88.18930041152264,8.148148148148149
475,Gallade,Mega Gallade,Psychic,Fighting,618,68,165,95,65,115,110,6,Gallade (Mega Gallade),48.10699588477366,99.1358024691358,77.11934156378601,48.18930041152264,93.08641975308643,90.41152263374485
531,Audino,Mega Audino,Normal,Fairy,545,103,60,126,80,126,50,6,Audino (Mega Audino),90.74074074074075,27.818930041152264,94.48559670781893,62.59259259259259,96.21399176954732,29.46502057613169
650,Chespin,,Grass,,313,56,61,65,48,45,38,6,Chespin,30.0,30.0,41.64609053497942,24.074074074074073,15.843621399176955,15.596707818930042
651,Quilladin,,Grass,,405,61,78,95,56,58,57,6,Quilladin,39.711934156378604,49.17695473251029,77.11934156378601,36.090534979423865,33.1275720164609,36.70781893004115
652,Chesnaught,,Grass,Fighting,530,88,107,122,74,75,64,6,Chesnaught,76.79012345679013,79.30041152263374,93.4156378600823,57.03703703703704,57.160493827160494,43.991769547325106
653,Fennekin,,Fire,,307,40,45,40,62,60,60,6,Fennekin,8.271604938271606,12.098765432098766,9.588477366255145,44.52674897119341,36.21399176954733,40.45267489711934
654,Braixen,,Fire,,409,59,59,58,90,70,73,6,Braixen,31.728395061728392,25.679012345679013,30.69958847736626,71.19341563786008,50.37037037037037,56.17283950617284
655,Delphox,,Fire,Psychic,534,75,69,72,114,100,104,6,Delphox,61.72839506172839,38.23045267489712,53.20987654320988,87.28395061728395,84.93827160493828,86.21399176954732
656,Froakie,,Water,,314,41,56,40,62,44,71,6,Froakie,10.905349794238683,24.732510288065843,9.588477366255145,44.52674897119341,13.580246913580247,55.06172839506173
657,Frogadier,,Water,,405,54,63,52,83,56,97,6,Frogadier,25.637860082304524,30.987654320987655,24.979423868312757,65.67901234567901,32.38683127572016,80.16460905349794
658,Greninja,,Water,Dark,530,72,95,67,103,71,122,6,Greninja,57.28395061728395,67.73662551440329,44.8559670781893,81.64609053497942,53.62139917695473,95.47325102880659
659,Bunnelby,,Normal,,237,38,36,38,32,36,57,6,Bunnelby,5.267489711934156,6.831275720164609,7.078189300411522,7.613168724279835,7.28395061728395,36.70781893004115
660,Diggersby,,Normal,Ground,423,85,56,77,50,77,78,6,Diggersby,74.81481481481481,24.732510288065843,58.230452674897116,27.037037037037038,60.0,60.41152263374485
661,Fletchling,,Normal,Flying,278,45,50,43,40,38,62,6,Fletchling,14.5679012345679,17.11934156378601,12.716049382716049,14.897119341563785,7.818930041152264,43.37448559670782
662,Fletchinder,,Fire,Flying,382,62,73,55,56,52,84,6,Fletchinder,40.370370370370374,43.66255144032922,27.942386831275723,36.090534979423865,25.720164609053498,65.92592592592592
663,Talonflame,,Fire,Flying,499,78,81,71,74,69,126,6,Talonflame,65.7201646090535,54.23868312757202,52.674897119341566,57.03703703703704,47.20164609053498,96.29629629629629
664,Scatterbug,,Bug,,200,38,35,40,27,25,35,6,Scatterbug,5.267489711934156,5.967078189300412,9.588477366255145,3.3333333333333335,1.3580246913580247,13.004115226337449
665,Spewpa,,Bug,,213,45,22,60,27,30,29,6,Spewpa,14.5679012345679,1.3991769547325104,34.23868312757202,3.3333333333333335,3.168724279835391,5.88477366255144
666,Vivillon,,Bug,Flying,411,80,52,50,90,50,89,6,Vivillon,69.58847736625515,19.54732510288066,21.604938271604937,71.19341563786008,22.098765432098766,70.86419753086419
667,Litleo,,Fire,Normal,369,62,50,58,73,54,72,6,Litleo,40.370370370370374,17.11934156378601,30.69958847736626,56.54320987654321,26.666666666666668,55.67901234567901
668,Pyroar,,Fire,Normal,507,86,68,72,109,66,106,6,Pyroar,76.17283950617283,37.77777777777778,53.20987654320988,84.5679012345679,46.33744855967078,87.98353909465021
669,Flabébé,,Fairy,,303,44,38,39,61,79,42,6,Flabébé,12.181069958847738,7.037037037037037,7.28395061728395,43.95061728395061,60.49382716049383,20.08230452674897
670,Floette,,Fairy,,371,54,45,47,75,98,52,6,Floette,25.637860082304524,12.098765432098766,17.530864197530864,58.477366255144034,82.8395061728395,32.63374485596708
671,Florges,,Fairy,,552,78,65,68,112,154,75,6,Florges,65.7201646090535,34.32098765432099,45.34979423868313,86.83127572016461,99.50617283950616,57.983539094650205
672,Skiddo,,Grass,,350,66,65,48,62,57,52,6,Skiddo,46.74897119341564,34.32098765432099,18.14814814814815,44.52674897119341,32.79835390946502,32.63374485596708
673,Gogoat,,Grass,,531,123,100,62,97,81,68,6,Gogoat,96.66666666666667,73.08641975308642,37.73662551440329,77.11934156378601,67.03703703703704,49.876543209876544
674,Pancham,,Fighting,,348,67,82,62,46,48,43,6,Pancham,47.160493827160494,54.773662551440324,37.73662551440329,23.580246913580247,18.641975308641975,20.82304526748971
675,Pangoro,,Fighting,Dark,495,95,124,78,69,71,58,6,Pangoro,84.03292181069959,89.17695473251028,58.93004115226338,51.64609053497943,53.62139917695473,37.28395061728395
676,Furfrou,,Normal,,472,75,80,60,65,90,102,6,Furfrou,61.72839506172839,51.81069958847737,34.23868312757202,48.18930041152264,75.7201646090535,85.76131687242798
677,Espurr,,Psychic,,355,62,48,54,63,60,68,6,Espurr,40.370370370370374,14.5679012345679,25.925925925925924,45.1440329218107,36.21399176954733,49.876543209876544
678,Meowstic,Male,Psychic,,466,74,48,76,83,81,104,6,Meowstic (Male),58.724279835390945,14.5679012345679,57.73662551440329,65.67901234567901,67.03703703703704,86.21399176954732
678,Meowstic,Female,Psychic,,466,74,48,76,83,81,104,6,Meowstic (Female),58.724279835390945,14.5679012345679,57.73662551440329,65.67901234567901,67.03703703703704,86.21399176954732
679,Honedge,,Steel,Ghost,325,45,80,100,35,37,28,6,Honedge,14.5679012345679,51.81069958847737,81.6872427983539,9.588477366255145,7.530864197530865,5.555555555555555
680,Doublade,,Steel,Ghost,448,59,110,150,45,49,35,6,Doublade,31.728395061728392,80.94650205761317,98.27160493827161,21.358024691358025,19.17695473251029,13.004115226337449
681,Aegislash,Shield Forme,Steel,Ghost,500,60,50,140,50,140,60,6,Aegislash (Shield Forme),35.7201646090535,17.11934156378601,97.20164609053498,27.037037037037038,98.559670781893,40.45267489711934
681,Aegislash,Blade Forme,Steel,Ghost,500,60,140,50,140,50,60,6,Aegislash (Blade Forme),35.7201646090535,95.96707818930041,21.604938271604937,96.54320987654322,22.098765432098766,40.45267489711934
682,Spritzee,,Fairy,,341,78,52,60,63,65,23,6,Spritzee,65.7201646090535,19.54732510288066,34.23868312757202,45.1440329218107,43.58024691358025,3.909465020576132
683,Aromatisse,,Fairy,,462,101,72,72,99,89,29,6,Aromatisse,90.53497942386831,43.00411522633745,53.20987654320988,77.9835390946502,73.25102880658436,5.88477366255144
684,Swirlix,,Fairy,,341,62,48,66,59,57,49,6,Swirlix,40.370370370370374,14.5679012345679,44.2798353909465,37.61316872427983,32.79835390946502,26.74897119341564
685,Slurpuff,,Fairy,,480,82,80,86,85,75,72,6,Slurpuff,72.75720164609054,51.81069958847737,69.30041152263374,67.61316872427983,57.160493827160494,55.67901234567901
686,Inkay,,Dark,Psychic,288,53,54,53,37,46,45,6,Inkay,25.267489711934154,20.617283950617285,25.514403292181072,11.522633744855968,18.06584362139918,23.456790123456788
687,Malamar,,Dark,Psychic,482,86,92,88,68,75,73,6,Malamar,76.17283950617283,65.22633744855966,69.79423868312757,51.31687242798354,57.160493827160494,56.17283950617284
688,Binacle,,Rock,Water,306,42,52,67,39,56,50,6,Binacle,11.316872427983538,19.54732510288066,44.8559670781893,11.851851851851853,32.38683127572016,29.46502057613169
689,Barbaracle,,Rock,Water,500,72,105,115,54,86,68,6,Barbaracle,57.28395061728395,77.9835390946502,90.08230452674897,31.069958847736622,72.22222222222221,49.876543209876544
690,Skrelp,,Poison,Water,320,50,60,60,60,60,30,6,Skrelp,21.193415637860085,27.818930041152264,34.23868312757202,40.781893004115226,36.21399176954733,8.148148148148149
691,Dragalge,,Poison,Dragon,494,65,75,90,97,123,44,6,Dragalge,44.074074074074076,46.21399176954733,72.46913580246913,77.11934156378601,95.80246913580247,21.39917695473251
692,Clauncher,,Water,,330,50,53,62,58,63,44,6,Clauncher,21.193415637860085,20.20576131687243,37.73662551440329,36.91358024691358,40.24691358024691,21.39917695473251
693,Clawitzer,,Water,,500,71,73,88,120,89,59,6,Clawitzer,56.54320987654321,43.66255144032922,69.79423868312757,89.25925925925927,73.25102880658436,37.77777777777778
694,Helioptile,,Electric,Normal,289,44,38,33,61,43,70,6,Helioptile,12.181069958847738,7.037037037037037,3.7037037037037033,43.95061728395061,13.333333333333334,52.59259259259259
695,Heliolisk,,Electric,Normal,481,62,55,52,109,94,109,6,Heliolisk,40.370370370370374,22.633744855967077,24.979423868312757,84.5679012345679,78.43621399176955,89.13580246913581
696,Tyrunt,,Rock,Dragon,362,58,89,77,45,45,48,6,Tyrunt,30.987654320987655,61.02880658436214,58.230452674897116,21.358024691358025,15.843621399176955,26.337448559670783
697,Tyrantrum,,Rock,Dragon,521,82,121,119,69,59,71,6,Tyrantrum,72.75720164609054,88.72427983539094,91.35802469135803,51.64609053497943,33.45679012345679,55.06172839506173
698,Amaura,,Rock,Ice,362,77,59,50,67,63,46,6,Amaura,64.97942386831276,25.679012345679013,21.604938271604937,51.06995884773663,40.24691358024691,25.555555555555554
699,Aurorus,,Rock,Ice,521,123,77,72,99,92,58,6,Aurorus,96.66666666666667,48.76543209876543,53.20987654320988,77.9835390946502,78.23045267489712,37.28395061728395
700,Sylveon,,Fairy,,525,95,65,65,110,130,60,6,Sylveon,84.03292181069959,34.32098765432099,41.64609053497942,85.63786008230453,96.99588477366255,40.45267489711934
701,Hawlucha,,Fighting,Flying,500,78,92,75,74,63,118,6,Hawlucha,65.7201646090535,65.22633744855966,55.80246913580247,57.03703703703704,40.24691358024691,93.90946502057614
702,Dedenne,,Electric,Fairy,431,67,58,57,81,67,101,6,Dedenne,47.160493827160494,25.349794238683128,30.12345679012346,64.8971193415638,46.666666666666664,85.30864197530865
703,Carbink,,Rock,Fairy,500,50,50,150,50,150,50,6,Carbink,21.193415637860085,17.11934156378601,98.27160493827161,27.037037037037038,99.09465020576131,29.46502057613169
704,Goomy,,Dragon,,300,45,50,35,55,75,40,6,Goomy,14.5679012345679,17.11934156378601,5.3086419753086425,33.62139917695473,57.160493827160494,17.736625514403293
705,Sliggoo,,Dragon,,452,68,75,53,83,113,60,6,Sliggoo,48.10699588477366,46.21399176954733,25.514403292181072,65.67901234567901,92.22222222222223,40.45267489711934
706,Goodra,,Dragon,,600,90,100,70,110,150,80,6,Goodra,79.46502057613168,73.08641975308642,49.135802469135804,85.63786008230453,99.09465020576131,62.63374485596708
707,Klefki,,Steel,Fairy,470,57,80,91,80,87,75,6,Klefki,30.329218106995885,51.81069958847737,74.97942386831275,62.59259259259259,72.71604938271605,57.983539094650205
708,Phantump,,Ghost,Grass,309,43,70,48,50,60,38,6,Phantump,11.68724279835391,40.45267489711934,18.14814814814815,27.037037037037038,36.21399176954733,15.596707818930042
709,Trevenant,,Ghost,Grass,474,85,110,76,65,82,56,6,Trevenant,74.81481481481481,80.94650205761317,57.73662551440329,48.18930041152264,67.53086419753086,36.2962962962963
710,Pumpkaboo,Average Size,Ghost,Grass,335,49,66,70,44,55,51,6,Pumpkaboo (Average Size),17.77777777777778,36.95473251028807,49.135802469135804,18.88888888888889,29.46502057613169,32.22222222222222
710,Pumpkaboo,Small Size,Ghost,Grass,335,44,66,70,44,55,56,6,Pumpkaboo (Small Size),12.181069958847738,36.95473251028807,49.135802469135804,18.88888888888889,29.46502057613169,36.2962962962963
710,Pumpkaboo,Large Size,Ghost,Grass,335,54,66,70,44,55,46,6,Pumpkaboo (Large Size),25.637860082304524,36.95473251028807,49.135802469135804,18.88888888888889,29.46502057613169,25.555555555555554
710,Pumpkaboo,Super Size,Ghost,Grass,335,59,66,70,44,55,41,6,Pumpkaboo (Super Size),31.728395061728392,36.95473251028807,49.135802469135804,18.88888888888889,29.46502057613169,19.588477366255145
711,Gourgeist,Average Size,Ghost,Grass,494,65,90,122,58,75,84,6,Gourgeist (Average Size),44.074074074074076,62.92181069958848,93.4156378600823,36.91358024691358,57.160493827160494,65.92592592592592
711,Gourgeist,Small Size,Ghost,Grass,494,55,85,122,58,75,99,6,Gourgeist (Small Size),27.901234567901234,58.14814814814815,93.4156378600823,36.91358024691358,57.160493827160494,81.31687242798354
711,Gourgeist,Large Size,Ghost,Grass,494,75,95,122,58,75,69,6,Gourgeist (Large Size),61.72839506172839,67.73662551440329,93.4156378600823,36.91358024691358,57.160493827160494,50.288065843621396
711,Gourgeist,Super Size,Ghost,Grass,494,85,100,122,58,75,54,6,Gourgeist (Super Size),74.81481481481481,73.08641975308642,93.4156378600823,36.91358024691358,57.160493827160494,32.92181069958848
712,Bergmite,,Ice,,304,55,69,85,32,35,28,6,Bergmite,27.901234567901234,38.23045267489712,67.53086419753086,7.613168724279835,6.008230452674898,5.555555555555555
713,Avalugg,,Ice,,514,95,117,184,44,46,28,6,Avalugg,84.03292181069959,85.14403292181069,99.38271604938271,18.88888888888889,18.06584362139918,5.555555555555555
714,Noibat,,Flying,Dragon,245,40,30,35,45,40,55,6,Noibat,8.271604938271606,3.909465020576132,5.3086419753086425,21.358024691358025,10.246913580246913,34.52674897119341
715,Noivern,,Flying,Dragon,535,85,70,80,97,80,123,6,Noivern,74.81481481481481,40.45267489711934,62.34567901234568,77.11934156378601,63.74485596707819,95.59670781893004
716,Xerneas,,Fairy,,680,126,131,95,131,98,99,6,Xerneas,97.4074074074074,93.58024691358024,77.11934156378601,94.44444444444444,82.8395061728395,81.31687242798354
717,Yveltal,,Dark,Flying,680,126,131,95,131,98,99,6,Yveltal,97.4074074074074,93.58024691358024,77.11934156378601,94.44444444444444,82.8395061728395,81.31687242798354
718,Zygarde50% Forme,,Dragon,Ground,600,108,100,121,81,95,95,6,Zygarde50% Forme,93.16872427983539,73.08641975308642,93.08641975308643,64.8971193415638,80.20576131687243,78.06584362139918
719,Diancie,,Rock,Fairy,600,50,100,150,100,150,50,6,Diancie,21.193415637860085,73.08641975308642,98.27160493827161,79.7119341563786,99.09465020576131,29.46502057613169
719,Diancie,Mega Diancie,Rock,Fairy,700,50,160,110,160,110,110,6,Diancie (Mega Diancie),21.193415637860085,98.60082304526749,87.94238683127573,98.88888888888889,91.23456790123457,90.41152263374485
720,Hoopa,Hoopa Confined,Psychic,Ghost,600,80,110,60,150,130,70,6,Hoopa (Hoopa Confined),69.58847736625515,80.94650205761317,34.23868312757202,97.90123456790123,96.99588477366255,52.59259259259259
720,Hoopa,Hoopa Unbound,Psychic,Dark,680,80,160,60,170,130,80,6,Hoopa (Hoopa Unbound),69.58847736625515,98.60082304526749,34.23868312757202,99.42386831275721,96.99588477366255,62.63374485596708
721,Volcanion,,Fire,Water,600,80,110,120,130,90,70,6,Volcanion,69.58847736625515,80.94650205761317,92.18106995884774,93.7037037037037,75.7201646090535,52.59259259259259
19,Rattata,Alolan Rattata,Dark,Normal,253,30,56,35,25,35,72,7,Rattata (Alolan Rattata),2.05761316872428,24.732510288065843,5.3086419753086425,2.5925925925925926,6.008230452674898,55.67901234567901
20,Raticate,Alolan Raticate,Dark,Normal,413,75,71,70,40,80,77,7,Raticate (Alolan Raticate),61.72839506172839,42.5514403292181,49.135802469135804,14.897119341563785,63.74485596707819,59.83539094650205
25,Pikachu,Partner Pikachu,Electric,,430,45,80,50,75,60,120,7,Pikachu (Partner Pikachu),14.5679012345679,51.81069958847737,21.604938271604937,58.477366255144034,36.21399176954733,94.5679012345679
26,Raichu,Alolan Raichu,Electric,Psychic,485,60,85,50,95,85,110,7,Raichu (Alolan Raichu),35.7201646090535,58.14814814814815,21.604938271604937,75.18518518518519,70.12345679012346,90.41152263374485
27,Sandshrew,Alolan Sandshrew,Ice,Steel,300,50,75,90,10,35,40,7,Sandshrew (Alolan Sandshrew),21.193415637860085,46.21399176954733,72.46913580246913,0.205761316872428,6.008230452674898,17.736625514403293
28,Sandslash,Alolan Sandslash,Ice,Steel,450,75,100,120,25,65,65,7,Sandslash (Alolan Sandslash),61.72839506172839,73.08641975308642,92.18106995884774,2.5925925925925926,43.58024691358025,46.46090534979424
37,Vulpix,Alolan Vulpix,Ice,,299,38,41,40,50,65,65,7,Vulpix (Alolan Vulpix),5.267489711934156,10.0,9.588477366255145,27.037037037037038,43.58024691358025,46.46090534979424
38,Ninetales,Alolan Ninetales,Ice,Fairy,505,73,67,75,81,100,109,7,Ninetales (Alolan Ninetales),58.0246913580247,37.407407407407405,55.80246913580247,64.8971193415638,84.93827160493828,89.13580246913581
50,Diglett,Alolan Diglett,Ground,Steel,265,10,55,30,35,45,90,7,Diglett (Alolan Diglett),0.24691358024691357,22.633744855967077,2.5925925925925926,9.588477366255145,15.843621399176955,72.79835390946502
51,Dugtrio,Alolan Dugtrio,Ground,Steel,425,35,100,60,50,70,110,7,Dugtrio (Alolan Dugtrio),3.7448559670781894,73.08641975308642,34.23868312757202,27.037037037037038,50.37037037037037,90.41152263374485
52,Meowth,Alolan Meowth,Dark,,290,40,35,35,50,40,90,7,Meowth (Alolan Meowth),8.271604938271606,5.967078189300412,5.3086419753086425,27.037037037037038,10.246913580246913,72.79835390946502
53,Persian,Alolan Persian,Dark,,440,65,60,60,75,65,115,7,Persian (Alolan Persian),44.074074074074076,27.818930041152264,34.23868312757202,58.477366255144034,43.58024691358025,92.96296296296296
74,Geodude,Alolan Geodude,Rock,Electric,300,40,80,100,30,30,20,7,Geodude (Alolan Geodude),8.271604938271606,51.81069958847737,81.6872427983539,5.637860082304527,3.168724279835391,2.7983539094650207
75,Graveler,Alolan Graveler,Rock,Electric,390,55,95,115,45,45,35,7,Graveler (Alolan Graveler),27.901234567901234,67.73662551440329,90.08230452674897,21.358024691358025,15.843621399176955,13.004115226337449
76,Golem,Alolan Golem,Rock,Electric,495,80,120,130,55,65,45,7,Golem (Alolan Golem),69.58847736625515,87.07818930041152,95.34979423868313,33.62139917695473,43.58024691358025,23.456790123456788
88,Grimer,Alolan Grimer,Poison,Dark,325,80,80,50,40,50,25,7,Grimer (Alolan Grimer),69.58847736625515,51.81069958847737,21.604938271604937,14.897119341563785,22.098765432098766,4.691358024691358
89,Muk,Alolan Muk,Poison,Dark,500,105,105,75,65,100,50,7,Muk (Alolan Muk),91.72839506172839,77.9835390946502,55.80246913580247,48.18930041152264,84.93827160493828,29.46502057613169
103,Exeggutor,Alolan Exeggutor,Grass,Dragon,530,95,105,85,125,75,45,7,Exeggutor (Alolan Exeggutor),84.03292181069959,77.9835390946502,67.53086419753086,91.52263374485597,57.160493827160494,23.456790123456788
105,Marowak,Alolan Marowak,Fire,Ghost,425,60,80,110,50,80,45,7,Marowak (Alolan Marowak),35.7201646090535,51.81069958847737,87.94238683127573,27.037037037037038,63.74485596707819,23.456790123456788
133,Eevee,Partner Eevee,Normal,,435,65,75,70,65,85,75,7,Eevee (Partner Eevee),44.074074074074076,46.21399176954733,49.135802469135804,48.18930041152264,70.12345679012346,57.983539094650205
658,Greninja,Ash-Greninja,Water,Dark,640,72,145,67,153,71,132,7,Greninja (Ash-Greninja),57.28395061728395,96.79012345679013,44.8559670781893,98.43621399176955,53.62139917695473,97.61316872427983
718,Zygarde10% Forme,,Dragon,Ground,486,54,100,71,61,85,115,7,Zygarde10% Forme,25.637860082304524,73.08641975308642,52.674897119341566,43.95061728395061,70.12345679012346,92.96296296296296
718,Zygarde,Complete Forme,Dragon,Ground,708,216,100,121,91,95,85,7,Zygarde (Complete Forme),99.67078189300412,73.08641975308642,93.08641975308643,72.67489711934157,80.20576131687243,67.9835390946502
722,Rowlet,,Grass,Flying,320,68,55,55,50,50,42,7,Rowlet,48.10699588477366,22.633744855967077,27.942386831275723,27.037037037037038,22.098765432098766,20.08230452674897
723,Dartrix,,Grass,Flying,420,78,75,75,70,70,52,7,Dartrix,65.7201646090535,46.21399176954733,55.80246913580247,53.78600823045267,50.37037037037037,32.63374485596708
724,Decidueye,,Grass,Ghost,530,78,107,75,100,100,70,7,Decidueye,65.7201646090535,79.30041152263374,55.80246913580247,79.7119341563786,84.93827160493828,52.59259259259259
725,Litten,,Fire,,320,45,65,40,60,40,70,7,Litten,14.5679012345679,34.32098765432099,9.588477366255145,40.781893004115226,10.246913580246913,52.59259259259259
726,Torracat,,Fire,,420,65,85,50,80,50,90,7,Torracat,44.074074074074076,58.14814814814815,21.604938271604937,62.59259259259259,22.098765432098766,72.79835390946502
727,Incineroar,,Fire,Dark,530,95,115,90,80,90,60,7,Incineroar,84.03292181069959,83.82716049382715,72.46913580246913,62.59259259259259,75.7201646090535,40.45267489711934
728,Popplio,,Water,,320,50,54,54,66,56,40,7,Popplio,21.193415637860085,20.617283950617285,25.925925925925924,50.90534979423869,32.38683127572016,17.736625514403293
729,Brionne,,Water,,420,60,69,69,91,81,50,7,Brionne,35.7201646090535,38.23045267489712,45.63786008230453,72.67489711934157,67.03703703703704,29.46502057613169
730,Primarina,,Water,Fairy,530,80,74,74,126,116,60,7,Primarina,69.58847736625515,44.074074074074076,53.95061728395062,92.51028806584362,93.90946502057614,40.45267489711934
731,Pikipek,,Normal,Flying,265,35,75,30,30,30,65,7,Pikipek,3.7448559670781894,46.21399176954733,2.5925925925925926,5.637860082304527,3.168724279835391,46.46090534979424
732,Trumbeak,,Normal,Flying,355,55,85,50,40,50,75,7,Trumbeak,27.901234567901234,58.14814814814815,21.604938271604937,14.897119341563785,22.098765432098766,57.983539094650205
733,Toucannon,,Normal,Flying,485,80,120,75,75,75,60,7,Toucannon,69.58847736625515,87.07818930041152,55.80246913580247,58.477366255144034,57.160493827160494,40.45267489711934
734,Yungoos,,Normal,,253,48,70,30,30,30,45,7,Yungoos,17.366255144032923,40.45267489711934,2.5925925925925926,5.637860082304527,3.168724279835391,23.456790123456788
735,Gumshoos,,Normal,,418,88,110,60,55,60,45,7,Gumshoos,76.79012345679013,80.94650205761317,34.23868312757202,33.62139917695473,36.21399176954733,23.456790123456788
736,Grubbin,,Bug,,300,47,62,45,55,45,46,7,Grubbin,16.99588477366255,30.41152263374486,15.34979423868313,33.62139917695473,15.843621399176955,25.555555555555554
737,Charjabug,,Bug,Electric,400,57,82,95,55,75,36,7,Charjabug,30.329218106995885,54.773662551440324,77.11934156378601,33.62139917695473,57.160493827160494,14.814814814814813
738,Vikavolt,,Bug,Electric,500,77,70,90,145,75,43,7,Vikavolt,64.97942386831276,40.45267489711934,72.46913580246913,97.1604938271605,57.160493827160494,20.82304526748971
739,Crabrawler,,Fighting,,338,47,82,57,42,47,63,7,Crabrawler,16.99588477366255,54.773662551440324,30.12345679012346,18.106995884773664,18.189300411522634,43.62139917695473
740,Crabominable,,Fighting,Ice,478,97,132,77,62,67,43,7,Crabominable,85.67901234567901,93.86831275720165,58.230452674897116,44.52674897119341,46.666666666666664,20.82304526748971
741,Oricorio,Baile Style,Fire,Flying,476,75,70,70,98,70,93,7,Oricorio (Baile Style),61.72839506172839,40.45267489711934,49.135802469135804,77.61316872427983,50.37037037037037,76.17283950617283
741,Oricorio,Pom-Pom Style,Electric,Flying,476,75,70,70,98,70,93,7,Oricorio (Pom-Pom Style),61.72839506172839,40.45267489711934,49.135802469135804,77.61316872427983,50.37037037037037,76.17283950617283
741,Oricorio,Pa'u Style,Psychic,Flying,476,75,70,70,98,70,93,7,Oricorio (Pa'u Style),61.72839506172839,40.45267489711934,49.135802469135804,77.61316872427983,50.37037037037037,76.17283950617283
741,Oricorio,Sensu Style,Ghost,Flying,476,75,70,70,98,70,93,7,Oricorio (Sensu Style),61.72839506172839,40.45267489711934,49.135802469135804,77.61316872427983,50.37037037037037,76.17283950617283
742,Cutiefly,,Bug,Fairy,304,40,45,40,55,40,84,7,Cutiefly,8.271604938271606,12.098765432098766,9.588477366255145,33.62139917695473,10.246913580246913,65.92592592592592
743,Ribombee,,Bug,Fairy,464,60,55,60,95,70,124,7,Ribombee,35.7201646090535,22.633744855967077,34.23868312757202,75.18518518518519,50.37037037037037,95.76131687242798
744,Rockruff,,Rock,,280,45,65,40,30,40,60,7,Rockruff,14.5679012345679,34.32098765432099,9.588477366255145,5.637860082304527,10.246913580246913,40.45267489711934
744,Rockruff,Own Tempo Rockruff,Rock,,280,45,65,40,30,40,60,7,Rockruff (Own Tempo Rockruff),14.5679012345679,34.32098765432099,9.588477366255145,5.637860082304527,10.246913580246913,40.45267489711934
745,Lycanroc,Midday Form,Rock,,487,75,115,65,55,65,112,7,Lycanroc (Midday Form),61.72839506172839,83.82716049382715,41.64609053497942,33.62139917695473,43.58024691358025,92.05761316872429
745,Lycanroc,Midnight Form,Rock,,487,85,115,75,55,75,82,7,Lycanroc (Midnight Form),74.81481481481481,83.82716049382715,55.80246913580247,33.62139917695473,57.160493827160494,65.02057613168725
745,Lycanroc,Dusk Form,Rock,,487,75,117,65,55,65,110,7,Lycanroc (Dusk Form),61.72839506172839,85.14403292181069,41.64609053497942,33.62139917695473,43.58024691358025,90.41152263374485
746,Wishiwashi,Solo Form,Water,,175,45,20,20,25,25,40,7,Wishiwashi (Solo Form),14.5679012345679,0.9465020576131686,0.9053497942386831,2.5925925925925926,1.3580246913580247,17.736625514403293
746,Wishiwashi,School Form,Water,,620,45,140,130,140,135,30,7,Wishiwashi (School Form),14.5679012345679,95.96707818930041,95.34979423868313,96.54320987654322,98.0246913580247,8.148148148148149
747,Mareanie,,Poison,Water,305,50,53,62,43,52,45,7,Mareanie,21.193415637860085,20.20576131687243,37.73662551440329,18.395061728395063,25.720164609053498,23.456790123456788
748,Toxapex,,Poison,Water,495,50,63,152,53,142,35,7,Toxapex,21.193415637860085,30.987654320987655,98.60082304526749,30.37037037037037,98.76543209876543,13.004115226337449
749,Mudbray,,Ground,,385,70,100,70,45,55,45,7,Mudbray,52.63374485596708,73.08641975308642,49.135802469135804,21.358024691358025,29.46502057613169,23.456790123456788
750,Mudsdale,,Ground,,500,100,125,100,55,85,35,7,Mudsdale,88.35390946502058,90.16460905349794,81.6872427983539,33.62139917695473,70.12345679012346,13.004115226337449
751,Dewpider,,Water,Bug,269,38,40,52,40,72,27,7,Dewpider,5.267489711934156,8.518518518518519,24.979423868312757,14.897119341563785,54.074074074074076,5.349794238683128
752,Araquanid,,Water,Bug,454,68,70,92,50,132,42,7,Araquanid,48.10699588477366,40.45267489711934,75.30864197530865,27.037037037037038,97.6954732510288,20.08230452674897
753,Fomantis,,Grass,,250,40,55,35,50,35,35,7,Fomantis,8.271604938271606,22.633744855967077,5.3086419753086425,27.037037037037038,6.008230452674898,13.004115226337449
754,Lurantis,,Grass,,480,70,105,90,80,90,45,7,Lurantis,52.63374485596708,77.9835390946502,72.46913580246913,62.59259259259259,75.7201646090535,23.456790123456788
755,Morelull,,Grass,Fairy,285,40,35,55,65,75,15,7,Morelull,8.271604938271606,5.967078189300412,27.942386831275723,48.18930041152264,57.160493827160494,1.3580246913580247
756,Shiinotic,,Grass,Fairy,405,60,45,80,90,100,30,7,Shiinotic,35.7201646090535,12.098765432098766,62.34567901234568,71.19341563786008,84.93827160493828,8.148148148148149
757,Salandit,,Poison,Fire,320,48,44,40,71,40,77,7,Salandit,17.366255144032923,10.411522633744855,9.588477366255145,55.884773662551446,10.246913580246913,59.83539094650205
758,Salazzle,,Poison,Fire,480,68,64,60,111,60,117,7,Salazzle,48.10699588477366,31.646090534979425,34.23868312757202,86.62551440329219,36.21399176954733,93.82716049382715
759,Stufful,,Normal,Fighting,340,70,75,50,45,50,50,7,Stufful,52.63374485596708,46.21399176954733,21.604938271604937,21.358024691358025,22.098765432098766,29.46502057613169
760,Bewear,,Normal,Fighting,500,120,125,80,55,60,60,7,Bewear,96.17283950617283,90.16460905349794,62.34567901234568,33.62139917695473,36.21399176954733,40.45267489711934
761,Bounsweet,,Grass,,210,42,30,38,30,38,32,7,Bounsweet,11.316872427983538,3.909465020576132,7.078189300411522,5.637860082304527,7.818930041152264,10.699588477366255
762,Steenee,,Grass,,290,52,40,48,40,48,62,7,Steenee,24.897119341563787,8.518518518518519,18.14814814814815,14.897119341563785,18.641975308641975,43.37448559670782
763,Tsareena,,Grass,,510,72,120,98,50,98,72,7,Tsareena,57.28395061728395,87.07818930041152,79.09465020576133,27.037037037037038,82.8395061728395,55.67901234567901
764,Comfey,,Fairy,,485,51,52,90,82,110,100,7,Comfey,24.567901234567902,19.54732510288066,72.46913580246913,65.26748971193416,91.23456790123457,83.25102880658436
765,Oranguru,,Normal,Psychic,490,90,60,80,90,110,60,7,Oranguru,79.46502057613168,27.818930041152264,62.34567901234568,71.19341563786008,91.23456790123457,40.45267489711934
766,Passimian,,Fighting,,490,100,120,90,40,60,80,7,Passimian,88.35390946502058,87.07818930041152,72.46913580246913,14.897119341563785,36.21399176954733,62.63374485596708
767,Wimpod,,Bug,Water,230,25,35,40,20,30,80,7,Wimpod,1.02880658436214,5.967078189300412,9.588477366255145,1.1934156378600824,3.168724279835391,62.63374485596708
768,Golisopod,,Bug,Water,530,75,125,140,60,90,40,7,Golisopod,61.72839506172839,90.16460905349794,97.20164609053498,40.781893004115226,75.7201646090535,17.736625514403293
769,Sandygast,,Ghost,Ground,320,55,55,80,70,45,15,7,Sandygast,27.901234567901234,22.633744855967077,62.34567901234568,53.78600823045267,15.843621399176955,1.3580246913580247
770,Palossand,,Ghost,Ground,480,85,75,110,100,75,35,7,Palossand,74.81481481481481,46.21399176954733,87.94238683127573,79.7119341563786,57.160493827160494,13.004115226337449
771,Pyukumuku,,Water,,410,55,60,130,30,130,5,7,Pyukumuku,27.901234567901234,27.818930041152264,95.34979423868313,5.637860082304527,96.99588477366255,0.1646090534979424
772,Type: Null,,Normal,,534,95,95,95,95,95,59,7,Type: Null,84.03292181069959,67.73662551440329,77.11934156378601,75.18518518518519,80.20576131687243,37.77777777777778
773,Silvally,,Normal,,570,95,95,95,95,95,95,7,Silvally,84.03292181069959,67.73662551440329,77.11934156378601,75.18518518518519,80.20576131687243,78.06584362139918
774,Minior,Meteor Form,Rock,Flying,440,60,60,100,60,100,60,7,Minior (Meteor Form),35.7201646090535,27.818930041152264,81.6872427983539,40.781893004115226,84.93827160493828,40.45267489711934
774,Minior,Core Form,Rock,Flying,500,60,100,60,100,60,120,7,Minior (Core Form),35.7201646090535,73.08641975308642,34.23868312757202,79.7119341563786,36.21399176954733,94.5679012345679
775,Komala,,Normal,,480,65,115,65,75,95,65,7,Komala,44.074074074074076,83.82716049382715,41.64609053497942,58.477366255144034,80.20576131687243,46.46090534979424
776,Turtonator,,Fire,Dragon,485,60,78,135,91,85,36,7,Turtonator,35.7201646090535,49.17695473251029,96.58436213991769,72.67489711934157,70.12345679012346,14.814814814814813
777,Togedemaru,,Electric,Steel,435,65,98,63,40,73,96,7,Togedemaru,44.074074074074076,70.16460905349794,38.477366255144034,14.897119341563785,54.44444444444444,79.62962962962963
778,Mimikyu,,Ghost,Fairy,476,55,90,80,50,105,96,7,Mimikyu,27.901234567901234,62.92181069958848,62.34567901234568,27.037037037037038,88.18930041152264,79.62962962962963
779,Bruxish,,Water,Psychic,475,68,105,70,70,70,92,7,Bruxish,48.10699588477366,77.9835390946502,49.135802469135804,53.78600823045267,50.37037037037037,75.55555555555556
780,Drampa,,Normal,Dragon,485,78,60,85,135,91,36,7,Drampa,65.7201646090535,27.818930041152264,67.53086419753086,95.34979423868313,78.06584362139918,14.814814814814813
781,Dhelmise,,Ghost,Grass,517,70,131,100,86,90,40,7,Dhelmise,52.63374485596708,93.58024691358024,81.6872427983539,69.34156378600824,75.7201646090535,17.736625514403293
782,Jangmo-o,,Dragon,,300,45,55,65,45,45,45,7,Jangmo-o,14.5679012345679,22.633744855967077,41.64609053497942,21.358024691358025,15.843621399176955,23.456790123456788
783,Hakamo-o,,Dragon,Fighting,420,55,75,90,65,70,65,7,Hakamo-o,27.901234567901234,46.21399176954733,72.46913580246913,48.18930041152264,50.37037037037037,46.46090534979424
784,Kommo-o,,Dragon,Fighting,600,75,110,125,100,105,85,7,Kommo-o,61.72839506172839,80.94650205761317,94.07407407407408,79.7119341563786,88.18930041152264,67.9835390946502
785,Tapu Koko,,Electric,Fairy,570,70,115,85,95,75,130,7,Tapu Koko,52.63374485596708,83.82716049382715,67.53086419753086,75.18518518518519,57.160493827160494,97.11934156378601
786,Tapu Lele,,Psychic,Fairy,570,70,85,75,130,115,95,7,Tapu Lele,52.63374485596708,58.14814814814815,55.80246913580247,93.7037037037037,93.08641975308643,78.06584362139918
787,Tapu Bulu,,Grass,Fairy,570,70,130,115,85,95,75,7,Tapu Bulu,52.63374485596708,92.46913580246914,90.08230452674897,67.61316872427983,80.20576131687243,57.983539094650205
788,Tapu Fini,,Water,Fairy,570,70,75,115,95,130,85,7,Tapu Fini,52.63374485596708,46.21399176954733,90.08230452674897,75.18518518518519,96.99588477366255,67.9835390946502
789,Cosmog,,Psychic,,200,43,29,31,29,31,37,7,Cosmog,11.68724279835391,2.633744855967078,3.45679012345679,3.662551440329218,4.444444444444445,15.34979423868313
790,Cosmoem,,Psychic,,400,43,29,131,29,131,37,7,Cosmoem,11.68724279835391,2.633744855967078,96.17283950617283,3.662551440329218,97.57201646090536,15.34979423868313
791,Solgaleo,,Psychic,Steel,680,137,137,107,113,89,97,7,Solgaleo,98.14814814814815,95.26748971193416,86.46090534979423,87.03703703703704,73.25102880658436,80.16460905349794
792,Lunala,,Psychic,Ghost,680,137,113,89,137,107,97,7,Lunala,98.14814814814815,82.63374485596707,70.08230452674897,96.13168724279836,89.54732510288066,80.16460905349794
793,Nihilego,,Rock,Poison,570,109,53,47,127,131,103,7,Nihilego,93.53909465020575,20.20576131687243,17.530864197530864,92.67489711934157,97.57201646090536,85.96707818930042
794,Buzzwole,,Bug,Fighting,570,107,139,139,53,53,79,7,Buzzwole,92.92181069958848,95.43209876543209,96.79012345679013,30.37037037037037,26.213991769547324,60.82304526748972
795,Pheromosa,,Bug,Fighting,570,71,137,37,137,37,151,7,Pheromosa,56.54320987654321,95.26748971193416,6.790123456790123,96.13168724279836,7.530864197530865,99.75308641975309
796,Xurkitree,,Electric,,570,83,89,71,173,71,83,7,Xurkitree,73.25102880658436,61.02880658436214,52.674897119341566,99.58847736625515,53.62139917695473,65.51440329218107
797,Celesteela,,Steel,Flying,570,97,101,103,107,101,61,7,Celesteela,85.67901234567901,75.92592592592592,84.23868312757202,84.15637860082305,86.8724279835391,43.12757201646091
798,Kartana,,Grass,Steel,570,59,181,131,59,31,109,7,Kartana,31.728395061728392,99.83539094650206,96.17283950617283,37.61316872427983,4.444444444444445,89.13580246913581
799,Guzzlord,,Dark,Dragon,570,223,101,53,97,53,43,7,Guzzlord,99.75308641975309,75.92592592592592,25.514403292181072,77.11934156378601,26.213991769547324,20.82304526748971
800,Necrozma,,Psychic,,600,97,107,101,127,89,79,7,Necrozma,85.67901234567901,79.30041152263374,83.9917695473251,92.67489711934157,73.25102880658436,60.82304526748972
800,Necrozma,Dusk Mane Necrozma,Psychic,Steel,680,97,157,127,113,109,77,7,Necrozma (Dusk Mane Necrozma),85.67901234567901,98.27160493827161,94.5679012345679,87.03703703703704,90.24691358024691,59.83539094650205
800,Necrozma,Dawn Wings Necrozma,Psychic,Ghost,680,97,113,109,157,127,77,7,Necrozma (Dawn Wings Necrozma),85.67901234567901,82.63374485596707,86.95473251028807,98.68312757201646,96.29629629629629,59.83539094650205
800,Necrozma,Ultra Necrozma,Psychic,Dragon,754,97,167,97,167,97,129,7,Necrozma (Ultra Necrozma),85.67901234567901,99.34156378600824,78.88888888888889,99.25925925925925,82.5925925925926,96.62551440329217
801,Magearna,,Steel,Fairy,600,80,95,115,130,115,65,7,Magearna,69.58847736625515,67.73662551440329,90.08230452674897,93.7037037037037,93.08641975308643,46.46090534979424
802,Marshadow,,Fighting,Ghost,600,90,125,80,90,90,125,7,Marshadow,79.46502057613168,90.16460905349794,62.34567901234568,71.19341563786008,75.7201646090535,96.04938271604938
803,Poipole,,Poison,,420,67,73,67,73,67,73,7,Poipole,47.160493827160494,43.66255144032922,44.8559670781893,56.54320987654321,46.666666666666664,56.17283950617284
804,Naganadel,,Poison,Dragon,540,73,73,73,127,73,121,7,Naganadel,58.0246913580247,43.66255144032922,53.70370370370371,92.67489711934157,54.44444444444444,95.22633744855968
805,Stakataka,,Rock,Steel,570,61,131,211,53,101,13,7,Stakataka,39.711934156378604,93.58024691358024,99.67078189300412,30.37037037037037,86.8724279835391,0.7407407407407408
806,Blacephalon,,Fire,Ghost,570,53,127,53,151,79,107,7,Blacephalon,25.267489711934154,91.19341563786008,25.514403292181072,98.35390946502058,60.49382716049383,88.23045267489712
807,Zeraora,,Electric,,600,88,112,75,102,80,143,7,Zeraora,76.79012345679013,82.26337448559671,55.80246913580247,81.48148148148148,63.74485596707819,98.76543209876543
808,Meltan,,Steel,,300,46,65,65,55,35,34,7,Meltan,16.790123456790123,34.32098765432099,41.64609053497942,33.62139917695473,6.008230452674898,11.440329218106996
809,Melmetal,,Steel,,600,135,143,143,80,65,34,7,Melmetal,97.98353909465021,96.46090534979423,97.61316872427983,62.59259259259259,43.58024691358025,11.440329218106996
52,Meowth,Galarian Meowth,Steel,,290,50,65,55,40,40,40,8,Meowth (Galarian Meowth),21.193415637860085,34.32098765432099,27.942386831275723,14.897119341563785,10.246913580246913,17.736625514403293
58,Growlithe,Hisuian Growlithe,Fire,Rock,350,60,75,45,65,50,55,8,Growlithe (Hisuian Growlithe),35.7201646090535,46.21399176954733,15.34979423868313,48.18930041152264,22.098765432098766,34.52674897119341
59,Arcanine,Hisuian Arcanine,Fire,Rock,555,95,115,80,95,80,90,8,Arcanine (Hisuian Arcanine),84.03292181069959,83.82716049382715,62.34567901234568,75.18518518518519,63.74485596707819,72.79835390946502
77,Ponyta,Galarian Ponyta,Psychic,,410,50,85,55,65,65,90,8,Ponyta (Galarian Ponyta),21.193415637860085,58.14814814814815,27.942386831275723,48.18930041152264,43.58024691358025,72.79835390946502
78,Rapidash,Galarian Rapidash,Psychic,Fairy,500,65,100,70,80,80,105,8,Rapidash (Galarian Rapidash),44.074074074074076,73.08641975308642,49.135802469135804,62.59259259259259,63.74485596707819,87.07818930041152
79,Slowpoke,Galarian Slowpoke,Psychic,,315,90,65,65,40,40,15,8,Slowpoke (Galarian Slowpoke),79.46502057613168,34.32098765432099,41.64609053497942,14.897119341563785,10.246913580246913,1.3580246913580247
80,Slowbro,Galarian Slowbro,Poison,Psychic,490,95,100,95,100,70,30,8,Slowbro (Galarian Slowbro),84.03292181069959,73.08641975308642,77.11934156378601,79.7119341563786,50.37037037037037,8.148148148148149
83,Farfetch'd,Galarian Farfetch'd,Fighting,,377,52,95,55,58,62,55,8,Farfetch'd (Galarian Farfetch'd),24.897119341563787,67.73662551440329,27.942386831275723,36.91358024691358,39.58847736625514,34.52674897119341
100,Voltorb,Hisuian Voltorb,Electric,Grass,330,40,30,50,55,55,100,8,Voltorb (Hisuian Voltorb),8.271604938271606,3.909465020576132,21.604938271604937,33.62139917695473,29.46502057613169,83.25102880658436
101,Electrode,Hisuian Electrode,Electric,Grass,490,60,50,70,80,80,150,8,Electrode (Hisuian Electrode),35.7201646090535,17.11934156378601,49.135802469135804,62.59259259259259,63.74485596707819,99.42386831275721
110,Weezing,Galarian Weezing,Poison,Fairy,490,65,90,120,85,70,60,8,Weezing (Galarian Weezing),44.074074074074076,62.92181069958848,92.18106995884774,67.61316872427983,50.37037037037037,40.45267489711934
122,Mr. Mime,Galarian Mr. Mime,Ice,Psychic,460,50,65,65,90,90,100,8,Mr. Mime (Galarian Mr. Mime),21.193415637860085,34.32098765432099,41.64609053497942,71.19341563786008,75.7201646090535,83.25102880658436
144,Articuno,Galarian Articuno,Psychic,Flying,580,90,85,85,125,100,95,8,Articuno (Galarian Articuno),79.46502057613168,58.14814814814815,67.53086419753086,91.52263374485597,84.93827160493828,78.06584362139918
145,Zapdos,Galarian Zapdos,Fighting,Flying,580,90,125,90,85,90,100,8,Zapdos (Galarian Zapdos),79.46502057613168,90.16460905349794,72.46913580246913,67.61316872427983,75.7201646090535,83.25102880658436
146,Moltres,Galarian Moltres,Dark,Flying,580,90,85,90,100,125,90,8,Moltres (Galarian Moltres),79.46502057613168,58.14814814814815,72.46913580246913,79.7119341563786,96.0082304526749,72.79835390946502
157,Typhlosion,Hisuian Typhlosion,Fire,Ghost,534,73,84,78,119,85,95,8,Typhlosion (Hisuian Typhlosion),58.0246913580247,55.84362139917695,58.93004115226338,88.39506172839506,70.12345679012346,78.06584362139918
199,Slowking,Galarian Slowking,Poison,Psychic,490,95,65,80,110,110,30,8,Slowking (Galarian Slowking),84.03292181069959,34.32098765432099,62.34567901234568,85.63786008230453,91.23456790123457,8.148148148148149
211,Qwilfish,Hisuian Qwilfish,Dark,Poison,440,65,95,85,55,55,85,8,Qwilfish (Hisuian Qwilfish),44.074074074074076,67.73662551440329,67.53086419753086,33.62139917695473,29.46502057613169,67.9835390946502
215,Sneasel,Hisuian Sneasel,Fighting,Poison,430,55,95,55,35,75,115,8,Sneasel (Hisuian Sneasel),27.901234567901234,67.73662551440329,27.942386831275723,9.588477366255145,57.160493827160494,92.96296296296296
222,Corsola,Galarian Corsola,Ghost,,410,60,55,100,65,100,30,8,Corsola (Galarian Corsola),35.7201646090535,22.633744855967077,81.6872427983539,48.18930041152264,84.93827160493828,8.148148148148149
263,Zigzagoon,Galarian Zigzagoon,Dark,Normal,240,38,30,41,30,41,60,8,Zigzagoon (Galarian Zigzagoon),5.267489711934156,3.909465020576132,11.975308641975309,5.637860082304527,12.592592592592592,40.45267489711934
264,Linoone,Galarian Linoone,Dark,Normal,420,78,70,61,50,61,100,8,Linoone (Galarian Linoone),65.7201646090535,40.45267489711934,37.325102880658434,27.037037037037038,39.1358024691358,83.25102880658436
483,Dialga,Origin Forme,Steel,Dragon,680,100,100,120,150,120,90,8,Dialga (Origin Forme),88.35390946502058,73.08641975308642,92.18106995884774,97.90123456790123,94.8559670781893,72.79835390946502
484,Palkia,Origin Forme,Water,Dragon,680,90,100,100,150,120,120,8,Palkia (Origin Forme),79.46502057613168,73.08641975308642,81.6872427983539,97.90123456790123,94.8559670781893,94.5679012345679
503,Samurott,Hisuian Samurott,Water,Dark,528,90,108,80,100,65,85,8,Samurott (Hisuian Samurott),79.46502057613168,79.58847736625513,62.34567901234568,79.7119341563786,43.58024691358025,67.9835390946502
549,Lilligant,Hisuian Lilligant,Grass,Fighting,480,70,105,75,50,75,105,8,Lilligant (Hisuian Lilligant),52.63374485596708,77.9835390946502,55.80246913580247,27.037037037037038,57.160493827160494,87.07818930041152
550,Basculin,White-Striped Form,Water,,460,70,92,65,80,55,98,8,Basculin (White-Striped Form),52.63374485596708,65.22633744855966,41.64609053497942,62.59259259259259,29.46502057613169,80.8641975308642
554,Darumaka,Galarian Darumaka,Ice,,315,70,90,45,15,45,50,8,Darumaka (Galarian Darumaka),52.63374485596708,62.92181069958848,15.34979423868313,0.5761316872427984,15.843621399176955,29.46502057613169
555,Darmanitan,Galarian Standard Mode,Ice,,480,105,140,55,30,55,95,8,Darmanitan (Galarian Standard Mode),91.72839506172839,95.96707818930041,27.942386831275723,5.637860082304527,29.46502057613169,78.06584362139918
555,Darmanitan,Galarian Zen Mode,Ice,Fire,540,105,160,55,30,55,135,8,Darmanitan (Galarian Zen Mode),91.72839506172839,98.60082304526749,27.942386831275723,5.637860082304527,29.46502057613169,97.94238683127571
562,Yamask,Galarian Yamask,Ground,Ghost,303,38,55,85,30,65,30,8,Yamask (Galarian Yamask),5.267489711934156,22.633744855967077,67.53086419753086,5.637860082304527,43.58024691358025,8.148148148148149
570,Zorua,Hisuian Zorua,Normal,Ghost,330,35,60,40,85,40,70,8,Zorua (Hisuian Zorua),3.7448559670781894,27.818930041152264,9.588477366255145,67.61316872427983,10.246913580246913,52.59259259259259
571,Zoroark,Hisuian Zoroark,Normal,Ghost,510,55,100,60,125,60,110,8,Zoroark (Hisuian Zoroark),27.901234567901234,73.08641975308642,34.23868312757202,91.52263374485597,36.21399176954733,90.41152263374485
618,Stunfisk,Galarian Stunfisk,Ground,Steel,471,109,81,99,66,84,32,8,Stunfisk (Galarian Stunfisk),93.53909465020575,54.23868312757202,79.30041152263374,50.90534979423869,68.27160493827161,10.699588477366255
628,Braviary,Hisuian Braviary,Psychic,Flying,510,110,83,70,112,70,65,8,Braviary (Hisuian Braviary),94.2798353909465,55.349794238683124,49.135802469135804,86.83127572016461,50.37037037037037,46.46090534979424
705,Sliggoo,Hisuian Sliggoo,Steel,Dragon,452,58,75,83,83,113,40,8,Sliggoo (Hisuian Sliggoo),30.987654320987655,46.21399176954733,65.30864197530865,65.67901234567901,92.22222222222223,17.736625514403293
706,Goodra,Hisuian Goodra,Steel,Dragon,600,80,100,100,110,150,60,8,Goodra (Hisuian Goodra),69.58847736625515,73.08641975308642,81.6872427983539,85.63786008230453,99.09465020576131,40.45267489711934
713,Avalugg,Hisuian Avalugg,Ice,Rock,514,95,127,184,34,36,38,8,Avalugg (Hisuian Avalugg),84.03292181069959,91.19341563786008,99.38271604938271,7.901234567901234,7.28395061728395,15.596707818930042
724,Decidueye,Hisuian Decidueye,Grass,Fighting,530,88,112,80,95,95,60,8,Decidueye (Hisuian Decidueye),76.79012345679013,82.26337448559671,62.34567901234568,75.18518518518519,80.20576131687243,40.45267489711934
810,Grookey,,Grass,,310,50,65,50,40,40,65,8,Grookey,21.193415637860085,34.32098765432099,21.604938271604937,14.897119341563785,10.246913580246913,46.46090534979424
811,Thwackey,,Grass,,420,70,85,70,55,60,80,8,Thwackey,52.63374485596708,58.14814814814815,49.135802469135804,33.62139917695473,36.21399176954733,62.63374485596708
812,Rillaboom,,Grass,,530,100,125,90,60,70,85,8,Rillaboom,88.35390946502058,90.16460905349794,72.46913580246913,40.781893004115226,50.37037037037037,67.9835390946502
813,Scorbunny,,Fire,,310,50,71,40,40,40,69,8,Scorbunny,21.193415637860085,42.5514403292181,9.588477366255145,14.897119341563785,10.246913580246913,50.288065843621396
814,Raboot,,Fire,,420,65,86,60,55,60,94,8,Raboot,44.074074074074076,60.32921810699589,34.23868312757202,33.62139917695473,36.21399176954733,76.50205761316873
815,Cinderace,,Fire,,530,80,116,75,65,75,119,8,Cinderace,69.58847736625515,84.93827160493828,55.80246913580247,48.18930041152264,57.160493827160494,94.03292181069959
816,Sobble,,Water,,310,50,40,40,70,40,70,8,Sobble,21.193415637860085,8.518518518518519,9.588477366255145,53.78600823045267,10.246913580246913,52.59259259259259
817,Drizzile,,Water,,420,65,60,55,95,55,90,8,Drizzile,44.074074074074076,27.818930041152264,27.942386831275723,75.18518518518519,29.46502057613169,72.79835390946502
818,Inteleon,,Water,,530,70,85,65,125,65,120,8,Inteleon,52.63374485596708,58.14814814814815,41.64609053497942,91.52263374485597,43.58024691358025,94.5679012345679
819,Skwovet,,Normal,,275,70,55,55,35,35,25,8,Skwovet,52.63374485596708,22.633744855967077,27.942386831275723,9.588477366255145,6.008230452674898,4.691358024691358
820,Greedent,,Normal,,460,120,95,95,55,75,20,8,Greedent,96.17283950617283,67.73662551440329,77.11934156378601,33.62139917695473,57.160493827160494,2.7983539094650207
821,Rookidee,,Flying,,245,38,47,35,33,35,57,8,Rookidee,5.267489711934156,14.03292181069959,5.3086419753086425,7.777777777777778,6.008230452674898,36.70781893004115
822,Corvisquire,,Flying,,365,68,67,55,43,55,77,8,Corvisquire,48.10699588477366,37.407407407407405,27.942386831275723,18.395061728395063,29.46502057613169,59.83539094650205
823,Corviknight,,Flying,Steel,495,98,87,105,53,85,67,8,Corviknight,86.0082304526749,60.57613168724279,85.18518518518519,30.37037037037037,70.12345679012346,49.382716049382715
824,Blipbug,,Bug,,180,25,20,20,25,45,45,8,Blipbug,1.02880658436214,0.9465020576131686,0.9053497942386831,2.5925925925925926,15.843621399176955,23.456790123456788
825,Dottler,,Bug,Psychic,335,50,35,80,50,90,30,8,Dottler,21.193415637860085,5.967078189300412,62.34567901234568,27.037037037037038,75.7201646090535,8.148148148148149
826,Orbeetle,,Bug,Psychic,505,60,45,110,80,120,90,8,Orbeetle,35.7201646090535,12.098765432098766,87.94238683127573,62.59259259259259,94.8559670781893,72.79835390946502
827,Nickit,,Dark,,245,40,28,28,47,52,50,8,Nickit,8.271604938271606,2.386831275720165,1.6872427983539096,23.786008230452673,25.720164609053498,29.46502057613169
828,Thievul,,Dark,,455,70,58,58,87,92,90,8,Thievul,52.63374485596708,25.349794238683128,30.69958847736626,69.62962962962963,78.23045267489712,72.79835390946502
829,Gossifleur,,Grass,,250,40,40,60,40,60,10,8,Gossifleur,8.271604938271606,8.518518518518519,34.23868312757202,14.897119341563785,36.21399176954733,0.49382716049382713
830,Eldegoss,,Grass,,460,60,50,90,80,120,60,8,Eldegoss,35.7201646090535,17.11934156378601,72.46913580246913,62.59259259259259,94.8559670781893,40.45267489711934
831,Wooloo,,Normal,,270,42,40,55,40,45,48,8,Wooloo,11.316872427983538,8.518518518518519,27.942386831275723,14.897119341563785,15.843621399176955,26.337448559670783
832,Dubwool,,Normal,,490,72,80,100,60,90,88,8,Dubwool,57.28395061728395,51.81069958847737,81.6872427983539,40.781893004115226,75.7201646090535,70.69958847736626
833,Chewtle,,Water,,284,50,64,50,38,38,44,8,Chewtle,21.193415637860085,31.646090534979425,21.604938271604937,11.728395061728394,7.818930041152264,21.39917695473251
834,Drednaw,,Water,Rock,485,90,115,90,48,68,74,8,Drednaw,79.46502057613168,83.82716049382715,72.46913580246913,24.074074074074073,46.95473251028807,56.50205761316872
835,Yamper,,Electric,,270,59,45,50,40,50,26,8,Yamper,31.728395061728392,12.098765432098766,21.604938271604937,14.897119341563785,22.098765432098766,5.267489711934156
836,Boltund,,Electric,,490,69,90,60,90,60,121,8,Boltund,48.888888888888886,62.92181069958848,34.23868312757202,71.19341563786008,36.21399176954733,95.22633744855968
837,Rolycoly,,Rock,,240,30,40,50,40,50,30,8,Rolycoly,2.05761316872428,8.518518518518519,21.604938271604937,14.897119341563785,22.098765432098766,8.148148148148149
838,Carkol,,Rock,Fire,410,80,60,90,60,70,50,8,Carkol,69.58847736625515,27.818930041152264,72.46913580246913,40.781893004115226,50.37037037037037,29.46502057613169
839,Coalossal,,Rock,Fire,510,110,80,120,80,90,30,8,Coalossal,94.2798353909465,51.81069958847737,92.18106995884774,62.59259259259259,75.7201646090535,8.148148148148149
840,Applin,,Grass,Dragon,260,40,40,80,40,40,20,8,Applin,8.271604938271606,8.518518518518519,62.34567901234568,14.897119341563785,10.246913580246913,2.7983539094650207
841,Flapple,,Grass,Dragon,485,70,110,80,95,60,70,8,Flapple,52.63374485596708,80.94650205761317,62.34567901234568,75.18518518518519,36.21399176954733,52.59259259259259
842,Appletun,,Grass,Dragon,485,110,85,80,100,80,30,8,Appletun,94.2798353909465,58.14814814814815,62.34567901234568,79.7119341563786,63.74485596707819,8.148148148148149
843,Silicobra,,Ground,,315,52,57,75,35,50,46,8,Silicobra,24.897119341563787,25.020576131687243,55.80246913580247,9.588477366255145,22.098765432098766,25.555555555555554
844,Sandaconda,,Ground,,510,72,107,125,65,70,71,8,Sandaconda,57.28395061728395,79.30041152263374,94.07407407407408,48.18930041152264,50.37037037037037,55.06172839506173
845,Cramorant,,Flying,Water,475,70,85,55,85,95,85,8,Cramorant,52.63374485596708,58.14814814814815,27.942386831275723,67.61316872427983,80.20576131687243,67.9835390946502
846,Arrokuda,,Water,,280,41,63,40,40,30,66,8,Arrokuda,10.905349794238683,30.987654320987655,9.588477366255145,14.897119341563785,3.168724279835391,48.93004115226338
847,Barraskewda,,Water,,490,61,123,60,60,50,136,8,Barraskewda,39.711934156378604,88.93004115226337,34.23868312757202,40.781893004115226,22.098765432098766,98.3127572016461
848,Toxel,,Electric,Poison,242,40,38,35,54,35,40,8,Toxel,8.271604938271606,7.037037037037037,5.3086419753086425,31.069958847736622,6.008230452674898,17.736625514403293
849,Toxtricity,Amped Form,Electric,Poison,502,75,98,70,114,70,75,8,Toxtricity (Amped Form),61.72839506172839,70.16460905349794,49.135802469135804,87.28395061728395,50.37037037037037,57.983539094650205
849,Toxtricity,Low Key Form,Electric,Poison,502,75,98,70,114,70,75,8,Toxtricity (Low Key Form),61.72839506172839,70.16460905349794,49.135802469135804,87.28395061728395,50.37037037037037,57.983539094650205
850,Sizzlipede,,Fire,Bug,305,50,65,45,50,50,45,8,Sizzlipede,21.193415637860085,34.32098765432099,15.34979423868313,27.037037037037038,22.098765432098766,23.456790123456788
851,Centiskorch,,Fire,Bug,525,100,115,65,90,90,65,8,Centiskorch,88.35390946502058,83.82716049382715,41.64609053497942,71.19341563786008,75.7201646090535,46.46090534979424
852,Clobbopus,,Fighting,,310,50,68,60,50,50,32,8,Clobbopus,21.193415637860085,37.77777777777778,34.23868312757202,27.037037037037038,22.098765432098766,10.699588477366255
853,Grapploct,,Fighting,,480,80,118,90,70,80,42,8,Grapploct,69.58847736625515,85.34979423868313,72.46913580246913,53.78600823045267,63.74485596707819,20.08230452674897
854,Sinistea,,Ghost,,308,40,45,45,74,54,50,8,Sinistea,8.271604938271606,12.098765432098766,15.34979423868313,57.03703703703704,26.666666666666668,29.46502057613169
855,Polteageist,,Ghost,,508,60,65,65,134,114,70,8,Polteageist,35.7201646090535,34.32098765432099,41.64609053497942,94.73251028806584,92.34567901234568,52.59259259259259
856,Hatenna,,Psychic,,265,42,30,45,56,53,39,8,Hatenna,11.316872427983538,3.909465020576132,15.34979423868313,36.090534979423865,26.213991769547324,15.88477366255144
857,Hattrem,,Psychic,,370,57,40,65,86,73,49,8,Hattrem,30.329218106995885,8.518518518518519,41.64609053497942,69.34156378600824,54.44444444444444,26.74897119341564
858,Hatterene,,Psychic,Fairy,510,57,90,95,136,103,29,8,Hatterene,30.329218106995885,62.92181069958848,77.11934156378601,95.96707818930041,87.1604938271605,5.88477366255144
859,Impidimp,,Dark,Fairy,265,45,45,30,55,40,50,8,Impidimp,14.5679012345679,12.098765432098766,2.5925925925925926,33.62139917695473,10.246913580246913,29.46502057613169
860,Morgrem,,Dark,Fairy,370,65,60,45,75,55,70,8,Morgrem,44.074074074074076,27.818930041152264,15.34979423868313,58.477366255144034,29.46502057613169,52.59259259259259
861,Grimmsnarl,,Dark,Fairy,510,95,120,65,95,75,60,8,Grimmsnarl,84.03292181069959,87.07818930041152,41.64609053497942,75.18518518518519,57.160493827160494,40.45267489711934
862,Obstagoon,,Dark,Normal,520,93,90,101,60,81,95,8,Obstagoon,82.55144032921811,62.92181069958848,83.9917695473251,40.781893004115226,67.03703703703704,78.06584362139918
863,Perrserker,,Steel,,440,70,110,100,50,60,50,8,Perrserker,52.63374485596708,80.94650205761317,81.6872427983539,27.037037037037038,36.21399176954733,29.46502057613169
864,Cursola,,Ghost,,510,60,95,50,145,130,30,8,Cursola,35.7201646090535,67.73662551440329,21.604938271604937,97.1604938271605,96.99588477366255,8.148148148148149
865,Sirfetch'd,,Fighting,,507,62,135,95,68,82,65,8,Sirfetch'd,40.370370370370374,94.65020576131687,77.11934156378601,51.31687242798354,67.53086419753086,46.46090534979424
866,Mr. Rime,,Ice,Psychic,520,80,85,75,110,100,70,8,Mr. Rime,69.58847736625515,58.14814814814815,55.80246913580247,85.63786008230453,84.93827160493828,52.59259259259259
867,Runerigus,,Ground,Ghost,483,58,95,145,50,105,30,8,Runerigus,30.987654320987655,67.73662551440329,97.81893004115226,27.037037037037038,88.18930041152264,8.148148148148149
868,Milcery,,Fairy,,270,45,40,40,50,61,34,8,Milcery,14.5679012345679,8.518518518518519,9.588477366255145,27.037037037037038,39.1358024691358,11.440329218106996
869,Alcremie,,Fairy,,495,65,60,75,110,121,64,8,Alcremie,44.074074074074076,27.818930041152264,55.80246913580247,85.63786008230453,95.7201646090535,43.991769547325106
870,Falinks,,Fighting,,470,65,100,100,70,60,75,8,Falinks,44.074074074074076,73.08641975308642,81.6872427983539,53.78600823045267,36.21399176954733,57.983539094650205
871,Pincurchin,,Electric,,435,48,101,95,91,85,15,8,Pincurchin,17.366255144032923,75.92592592592592,77.11934156378601,72.67489711934157,70.12345679012346,1.3580246913580247
872,Snom,,Ice,Bug,185,30,25,35,45,30,20,8,Snom,2.05761316872428,1.934156378600823,5.3086419753086425,21.358024691358025,3.168724279835391,2.7983539094650207
873,Frosmoth,,Ice,Bug,475,70,65,60,125,90,65,8,Frosmoth,52.63374485596708,34.32098765432099,34.23868312757202,91.52263374485597,75.7201646090535,46.46090534979424
874,Stonjourner,,Rock,,470,100,125,135,20,20,70,8,Stonjourner,88.35390946502058,90.16460905349794,96.58436213991769,1.1934156378600824,0.3292181069958848,52.59259259259259
875,Eiscue,Ice Face,Ice,,470,75,80,110,65,90,50,8,Eiscue (Ice Face),61.72839506172839,51.81069958847737,87.94238683127573,48.18930041152264,75.7201646090535,29.46502057613169
875,Eiscue,Noice Face,Ice,,470,75,80,70,65,50,130,8,Eiscue (Noice Face),61.72839506172839,51.81069958847737,49.135802469135804,48.18930041152264,22.098765432098766,97.11934156378601
876,Indeedee,Male,Psychic,Normal,475,60,65,55,105,95,95,8,Indeedee (Male),35.7201646090535,34.32098765432099,27.942386831275723,82.88065843621399,80.20576131687243,78.06584362139918
876,Indeedee,Female,Psychic,Normal,475,70,55,65,95,105,85,8,Indeedee (Female),52.63374485596708,22.633744855967077,41.64609053497942,75.18518518518519,88.18930041152264,67.9835390946502
877,Morpeko,Full Belly Mode,Electric,Dark,436,58,95,58,70,58,97,8,Morpeko (Full Belly Mode),30.987654320987655,67.73662551440329,30.69958847736626,53.78600823045267,33.1275720164609,80.16460905349794
877,Morpeko,Hangry Mode,Electric,Dark,436,58,95,58,70,58,97,8,Morpeko (Hangry Mode),30.987654320987655,67.73662551440329,30.69958847736626,53.78600823045267,33.1275720164609,80.16460905349794
878,Cufant,,Steel,,330,72,80,49,40,49,40,8,Cufant,57.28395061728395,51.81069958847737,18.765432098765434,14.897119341563785,19.17695473251029,17.736625514403293
879,Copperajah,,Steel,,500,122,130,69,80,69,30,8,Copperajah,96.54320987654322,92.46913580246914,45.63786008230453,62.59259259259259,47.20164609053498,8.148148148148149
880,Dracozolt,,Electric,Dragon,505,90,100,90,80,70,75,8,Dracozolt,79.46502057613168,73.08641975308642,72.46913580246913,62.59259259259259,50.37037037037037,57.983539094650205
881,Arctozolt,,Electric,Ice,505,90,100,90,90,80,55,8,Arctozolt,79.46502057613168,73.08641975308642,72.46913580246913,71.19341563786008,63.74485596707819,34.52674897119341
882,Dracovish,,Water,Dragon,505,90,90,100,70,80,75,8,Dracovish,79.46502057613168,62.92181069958848,81.6872427983539,53.78600823045267,63.74485596707819,57.983539094650205
883,Arctovish,,Water,Ice,505,90,90,100,80,90,55,8,Arctovish,79.46502057613168,62.92181069958848,81.6872427983539,62.59259259259259,75.7201646090535,34.52674897119341
884,Duraludon,,Steel,Dragon,535,70,95,115,120,50,85,8,Duraludon,52.63374485596708,67.73662551440329,90.08230452674897,89.25925925925927,22.098765432098766,67.9835390946502
885,Dreepy,,Dragon,Ghost,270,28,60,30,40,30,82,8,Dreepy,1.2757201646090535,27.818930041152264,2.5925925925925926,14.897119341563785,3.168724279835391,65.02057613168725
886,Drakloak,,Dragon,Ghost,410,68,80,50,60,50,102,8,Drakloak,48.10699588477366,51.81069958847737,21.604938271604937,40.781893004115226,22.098765432098766,85.76131687242798
887,Dragapult,,Dragon,Ghost,600,88,120,75,100,75,142,8,Dragapult,76.79012345679013,87.07818930041152,55.80246913580247,79.7119341563786,57.160493827160494,98.68312757201646
888,Zacian,Hero of Many Battles,Fairy,,660,92,120,115,80,115,138,8,Zacian (Hero of Many Battles),82.3045267489712,87.07818930041152,90.08230452674897,62.59259259259259,93.08641975308643,98.47736625514403
888,Zacian,Crowned Sword,Fairy,Steel,700,92,150,115,80,115,148,8,Zacian (Crowned Sword),82.3045267489712,97.61316872427983,90.08230452674897,62.59259259259259,93.08641975308643,99.09465020576131
889,Zamazenta,Hero of Many Battles,Fighting,,660,92,120,115,80,115,138,8,Zamazenta (Hero of Many Battles),82.3045267489712,87.07818930041152,90.08230452674897,62.59259259259259,93.08641975308643,98.47736625514403
889,Zamazenta,Crowned Shield,Fighting,Steel,700,92,120,140,80,140,128,8,Zamazenta (Crowned Shield),82.3045267489712,87.07818930041152,97.20164609053498,62.59259259259259,98.559670781893,96.50205761316872
890,Eternatus,,Poison,Dragon,690,140,85,95,145,95,130,8,Eternatus,98.3127572016461,58.14814814814815,77.11934156378601,97.1604938271605,80.20576131687243,97.11934156378601
890,Eternatus,Eternamax,Poison,Dragon,1125,255,115,250,125,250,130,8,Eternatus (Eternamax),99.95884773662551,83.82716049382715,100.0,91.52263374485597,100.0,97.11934156378601
891,Kubfu,,Fighting,,385,60,90,60,53,50,72,8,Kubfu,35.7201646090535,62.92181069958848,34.23868312757202,30.37037037037037,22.098765432098766,55.67901234567901
892,Urshifu,Single Strike Style,Fighting,Dark,550,100,130,100,63,60,97,8,Urshifu (Single Strike Style),88.35390946502058,92.46913580246914,81.6872427983539,45.1440329218107,36.21399176954733,80.16460905349794
892,Urshifu,Rapid Strike Style,Fighting,Water,550,100,130,100,63,60,97,8,Urshifu (Rapid Strike Style),88.35390946502058,92.46913580246914,81.6872427983539,45.1440329218107,36.21399176954733,80.16460905349794
893,Zarude,,Dark,Grass,600,105,120,105,70,95,105,8,Zarude,91.72839506172839,87.07818930041152,85.18518518518519,53.78600823045267,80.20576131687243,87.07818930041152
894,Regieleki,,Electric,,580,80,100,50,100,50,200,8,Regieleki,69.58847736625515,73.08641975308642,21.604938271604937,79.7119341563786,22.098765432098766,100.0
895,Regidrago,,Dragon,,580,200,100,50,100,50,80,8,Regidrago,99.58847736625515,73.08641975308642,21.604938271604937,79.7119341563786,22.098765432098766,62.63374485596708
896,Glastrier,,Ice,,580,100,145,130,65,110,30,8,Glastrier,88.35390946502058,96.79012345679013,95.34979423868313,48.18930041152264,91.23456790123457,8.148148148148149
897,Spectrier,,Ghost,,580,100,65,60,145,80,130,8,Spectrier,88.35390946502058,34.32098765432099,34.23868312757202,97.1604938271605,63.74485596707819,97.11934156378601
898,Calyrex,,Psychic,Grass,500,100,80,80,80,80,80,8,Calyrex,88.35390946502058,51.81069958847737,62.34567901234568,62.59259259259259,63.74485596707819,62.63374485596708
898,Calyrex,Ice Rider,Psychic,Ice,680,100,165,150,85,130,50,8,Calyrex (Ice Rider),88.35390946502058,99.1358024691358,98.27160493827161,67.61316872427983,96.99588477366255,29.46502057613169
898,Calyrex,Shadow Rider,Psychic,Ghost,680,100,85,80,165,100,150,8,Calyrex (Shadow Rider),88.35390946502058,58.14814814814815,62.34567901234568,99.09465020576131,84.93827160493828,99.42386831275721
899,Wyrdeer,,Normal,Psychic,525,103,105,72,105,75,65,8,Wyrdeer,90.74074074074075,77.9835390946502,53.20987654320988,82.88065843621399,57.160493827160494,46.46090534979424
900,Kleavor,,Bug,Rock,500,70,135,95,45,70,85,8,Kleavor,52.63374485596708,94.65020576131687,77.11934156378601,21.358024691358025,50.37037037037037,67.9835390946502
901,Ursaluna,,Ground,Normal,550,130,140,105,45,80,50,8,Ursaluna,97.6954732510288,95.96707818930041,85.18518518518519,21.358024691358025,63.74485596707819,29.46502057613169
902,Basculegion,Male,Water,Ghost,530,120,112,65,80,75,78,8,Basculegion (Male),96.17283950617283,82.26337448559671,41.64609053497942,62.59259259259259,57.160493827160494,60.41152263374485
902,Basculegion,Female,Water,Ghost,530,120,92,65,100,75,78,8,Basculegion (Female),96.17283950617283,65.22633744855966,41.64609053497942,79.7119341563786,57.160493827160494,60.41152263374485
903,Sneasler,,Fighting,Poison,510,80,130,60,40,80,120,8,Sneasler,69.58847736625515,92.46913580246914,34.23868312757202,14.897119341563785,63.74485596707819,94.5679012345679
904,Overqwil,,Dark,Poison,510,85,115,95,65,65,85,8,Overqwil,74.81481481481481,83.82716049382715,77.11934156378601,48.18930041152264,43.58024691358025,67.9835390946502
905,Enamorus,Incarnate Forme,Fairy,Flying,580,74,115,70,135,80,106,8,Enamorus (Incarnate Forme),58.724279835390945,83.82716049382715,49.135802469135804,95.34979423868313,63.74485596707819,87.98353909465021
905,Enamorus,Therian Forme,Fairy,Flying,580,74,115,110,135,100,46,8,Enamorus (Therian Forme),58.724279835390945,83.82716049382715,87.94238683127573,95.34979423868313,84.93827160493828,25.555555555555554
128,Tauros,Combat Breed,Fighting,,490,75,110,105,30,70,100,9,Tauros (Combat Breed),61.72839506172839,80.94650205761317,85.18518518518519,5.637860082304527,50.37037037037037,83.25102880658436
128,Tauros,Blaze Breed,Fighting,Fire,490,75,110,105,30,70,100,9,Tauros (Blaze Breed),61.72839506172839,80.94650205761317,85.18518518518519,5.637860082304527,50.37037037037037,83.25102880658436
128,Tauros,Aqua Breed,Fighting,Water,490,75,110,105,30,70,100,9,Tauros (Aqua Breed),61.72839506172839,80.94650205761317,85.18518518518519,5.637860082304527,50.37037037037037,83.25102880658436
194,Wooper,Paldean Wooper,Poison,Ground,210,55,45,45,25,25,15,9,Wooper (Paldean Wooper),27.901234567901234,12.098765432098766,15.34979423868313,2.5925925925925926,1.3580246913580247,1.3580246913580247
901,Ursaluna,Bloodmoon,Ground,Normal,555,113,70,120,135,65,52,9,Ursaluna (Bloodmoon),95.06172839506173,40.45267489711934,92.18106995884774,95.34979423868313,43.58024691358025,32.63374485596708
906,Sprigatito,,Grass,,310,40,61,54,45,45,65,9,Sprigatito,8.271604938271606,30.0,25.925925925925924,21.358024691358025,15.843621399176955,46.46090534979424
907,Floragato,,Grass,,410,61,80,63,60,63,83,9,Floragato,39.711934156378604,51.81069958847737,38.477366255144034,40.781893004115226,40.24691358024691,65.51440329218107
908,Meowscarada,,Grass,Dark,530,76,110,70,81,70,123,9,Meowscarada,64.5679012345679,80.94650205761317,49.135802469135804,64.8971193415638,50.37037037037037,95.59670781893004
909,Fuecoco,,Fire,,310,67,45,59,63,40,36,9,Fuecoco,47.160493827160494,12.098765432098766,31.152263374485596,45.1440329218107,10.246913580246913,14.814814814814813
910,Crocalor,,Fire,,411,81,55,78,90,58,49,9,Crocalor,72.38683127572017,22.633744855967077,58.93004115226338,71.19341563786008,33.1275720164609,26.74897119341564
911,Skeledirge,,Fire,Ghost,530,104,75,100,110,75,66,9,Skeledirge,90.98765432098766,46.21399176954733,81.6872427983539,85.63786008230453,57.160493827160494,48.93004115226338
912,Quaxly,,Water,,310,55,65,45,50,45,50,9,Quaxly,27.901234567901234,34.32098765432099,15.34979423868313,27.037037037037038,15.843621399176955,29.46502057613169
913,Quaxwell,,Water,,410,70,85,65,65,60,65,9,Quaxwell,52.63374485596708,58.14814814814815,41.64609053497942,48.18930041152264,36.21399176954733,46.46090534979424
914,Quaquaval,,Water,Fighting,530,85,120,80,85,75,85,9,Quaquaval,74.81481481481481,87.07818930041152,62.34567901234568,67.61316872427983,57.160493827160494,67.9835390946502
915,Lechonk,,Normal,,254,54,45,40,35,45,35,9,Lechonk,25.637860082304524,12.098765432098766,9.588477366255145,9.588477366255145,15.843621399176955,13.004115226337449
916,Oinkologne,Male,Normal,,489,110,100,75,59,80,65,9,Oinkologne (Male),94.2798353909465,73.08641975308642,55.80246913580247,37.61316872427983,63.74485596707819,46.46090534979424
916,Oinkologne,Female,Normal,,489,115,90,70,59,90,65,9,Oinkologne (Female),95.47325102880659,62.92181069958848,49.135802469135804,37.61316872427983,75.7201646090535,46.46090534979424
917,Tarountula,,Bug,,210,35,41,45,29,40,20,9,Tarountula,3.7448559670781894,10.0,15.34979423868313,3.662551440329218,10.246913580246913,2.7983539094650207
918,Spidops,,Bug,,404,60,79,92,52,86,35,9,Spidops,35.7201646090535,49.50617283950617,75.30864197530865,29.835390946502056,72.22222222222221,13.004115226337449
919,Nymble,,Bug,,210,33,46,40,21,25,45,9,Nymble,2.880658436213992,13.786008230452676,9.588477366255145,1.646090534979424,1.3580246913580247,23.456790123456788
920,Lokix,,Bug,Dark,450,71,102,78,52,55,92,9,Lokix,56.54320987654321,76.21399176954733,58.93004115226338,29.835390946502056,29.46502057613169,75.55555555555556
921,Pawmi,,Electric,,240,45,50,20,40,25,60,9,Pawmi,14.5679012345679,17.11934156378601,0.9053497942386831,14.897119341563785,1.3580246913580247,40.45267489711934
922,Pawmo,,Electric,Fighting,350,60,75,40,50,40,85,9,Pawmo,35.7201646090535,46.21399176954733,9.588477366255145,27.037037037037038,10.246913580246913,67.9835390946502
923,Pawmot,,Electric,Fighting,490,70,115,70,70,60,105,9,Pawmot,52.63374485596708,83.82716049382715,49.135802469135804,53.78600823045267,36.21399176954733,87.07818930041152
924,Tandemaus,,Normal,,305,50,50,45,40,45,75,9,Tandemaus,21.193415637860085,17.11934156378601,15.34979423868313,14.897119341563785,15.843621399176955,57.983539094650205
925,Maushold,Family of Four,Normal,,470,74,75,70,65,75,111,9,Maushold (Family of Four),58.724279835390945,46.21399176954733,49.135802469135804,48.18930041152264,57.160493827160494,91.6872427983539
925,Maushold,Family of Three,Normal,,470,74,75,70,65,75,111,9,Maushold (Family of Three),58.724279835390945,46.21399176954733,49.135802469135804,48.18930041152264,57.160493827160494,91.6872427983539
926,Fidough,,Fairy,,312,37,55,70,30,55,65,9,Fidough,4.732510288065844,22.633744855967077,49.135802469135804,5.637860082304527,29.46502057613169,46.46090534979424
927,Dachsbun,,Fairy,,477,57,80,115,50,80,95,9,Dachsbun,30.329218106995885,51.81069958847737,90.08230452674897,27.037037037037038,63.74485596707819,78.06584362139918
928,Smoliv,,Grass,Normal,260,41,35,45,58,51,30,9,Smoliv,10.905349794238683,5.967078189300412,15.34979423868313,36.91358024691358,25.185185185185183,8.148148148148149
929,Dolliv,,Grass,Normal,354,52,53,60,78,78,33,9,Dolliv,24.897119341563787,20.20576131687243,34.23868312757202,60.16460905349794,60.20576131687243,11.11111111111111
930,Arboliva,,Grass,Normal,510,78,69,90,125,109,39,9,Arboliva,65.7201646090535,38.23045267489712,72.46913580246913,91.52263374485597,90.24691358024691,15.88477366255144
931,Squawkabilly,Green Plumage,Normal,Flying,417,82,96,51,45,51,92,9,Squawkabilly (Green Plumage),72.75720164609054,69.67078189300412,24.526748971193417,21.358024691358025,25.185185185185183,75.55555555555556
931,Squawkabilly,Blue Plumage,Normal,Flying,417,82,96,51,45,51,92,9,Squawkabilly (Blue Plumage),72.75720164609054,69.67078189300412,24.526748971193417,21.358024691358025,25.185185185185183,75.55555555555556
931,Squawkabilly,Yellow Plumage,Normal,Flying,417,82,96,51,45,51,92,9,Squawkabilly (Yellow Plumage),72.75720164609054,69.67078189300412,24.526748971193417,21.358024691358025,25.185185185185183,75.55555555555556
931,Squawkabilly,White Plumage,Normal,Flying,417,82,96,51,45,51,92,9,Squawkabilly (White Plumage),72.75720164609054,69.67078189300412,24.526748971193417,21.358024691358025,25.185185185185183,75.55555555555556
932,Nacli,,Rock,,280,55,55,75,35,35,25,9,Nacli,27.901234567901234,22.633744855967077,55.80246913580247,9.588477366255145,6.008230452674898,4.691358024691358
933,Naclstack,,Rock,,355,60,60,100,35,65,35,9,Naclstack,35.7201646090535,27.818930041152264,81.6872427983539,9.588477366255145,43.58024691358025,13.004115226337449
934,Garganacl,,Rock,,500,100,100,130,45,90,35,9,Garganacl,88.35390946502058,73.08641975308642,95.34979423868313,21.358024691358025,75.7201646090535,13.004115226337449
935,Charcadet,,Fire,,255,40,50,40,50,40,35,9,Charcadet,8.271604938271606,17.11934156378601,9.588477366255145,27.037037037037038,10.246913580246913,13.004115226337449
936,Armarouge,,Fire,Psychic,525,85,60,100,125,80,75,9,Armarouge,74.81481481481481,27.818930041152264,81.6872427983539,91.52263374485597,63.74485596707819,57.983539094650205
937,Ceruledge,,Fire,Ghost,525,75,125,80,60,100,85,9,Ceruledge,61.72839506172839,90.16460905349794,62.34567901234568,40.781893004115226,84.93827160493828,67.9835390946502
938,Tadbulb,,Electric,,272,61,31,41,59,35,45,9,Tadbulb,39.711934156378604,5.020576131687243,11.975308641975309,37.61316872427983,6.008230452674898,23.456790123456788
939,Bellibolt,,Electric,,495,109,64,91,103,83,45,9,Bellibolt,93.53909465020575,31.646090534979425,74.97942386831275,81.64609053497942,67.9835390946502,23.456790123456788
940,Wattrel,,Electric,Flying,280,40,40,35,55,40,70,9,Wattrel,8.271604938271606,8.518518518518519,5.3086419753086425,33.62139917695473,10.246913580246913,52.59259259259259
941,Kilowattrel,,Electric,Flying,490,70,70,60,105,60,125,9,Kilowattrel,52.63374485596708,40.45267489711934,34.23868312757202,82.88065843621399,36.21399176954733,96.04938271604938
942,Maschiff,,Dark,,340,60,78,60,40,51,51,9,Maschiff,35.7201646090535,49.17695473251029,34.23868312757202,14.897119341563785,25.185185185185183,32.22222222222222
943,Mabosstiff,,Dark,,505,80,120,90,60,70,85,9,Mabosstiff,69.58847736625515,87.07818930041152,72.46913580246913,40.781893004115226,50.37037037037037,67.9835390946502
944,Shroodle,,Poison,Normal,290,40,65,35,40,35,75,9,Shroodle,8.271604938271606,34.32098765432099,5.3086419753086425,14.897119341563785,6.008230452674898,57.983539094650205
945,Grafaiai,,Poison,Normal,485,63,95,65,80,72,110,9,Grafaiai,40.864197530864196,67.73662551440329,41.64609053497942,62.59259259259259,54.074074074074076,90.41152263374485
946,Bramblin,,Grass,Ghost,275,40,65,30,45,35,60,9,Bramblin,8.271604938271606,34.32098765432099,2.5925925925925926,21.358024691358025,6.008230452674898,40.45267489711934
947,Brambleghast,,Grass,Ghost,480,55,115,70,80,70,90,9,Brambleghast,27.901234567901234,83.82716049382715,49.135802469135804,62.59259259259259,50.37037037037037,72.79835390946502
948,Toedscool,,Ground,Grass,335,40,40,35,50,100,70,9,Toedscool,8.271604938271606,8.518518518518519,5.3086419753086425,27.037037037037038,84.93827160493828,52.59259259259259
949,Toedscruel,,Ground,Grass,515,80,70,65,80,120,100,9,Toedscruel,69.58847736625515,40.45267489711934,41.64609053497942,62.59259259259259,94.8559670781893,83.25102880658436
950,Klawf,,Rock,,450,70,100,115,35,55,75,9,Klawf,52.63374485596708,73.08641975308642,90.08230452674897,9.588477366255145,29.46502057613169,57.983539094650205
951,Capsakid,,Grass,,304,50,62,40,62,40,50,9,Capsakid,21.193415637860085,30.41152263374486,9.588477366255145,44.52674897119341,10.246913580246913,29.46502057613169
952,Scovillain,,Grass,Fire,486,65,108,65,108,65,75,9,Scovillain,44.074074074074076,79.58847736625513,41.64609053497942,84.32098765432099,43.58024691358025,57.983539094650205
953,Rellor,,Bug,,270,41,50,60,31,58,30,9,Rellor,10.905349794238683,17.11934156378601,34.23868312757202,7.448559670781893,33.1275720164609,8.148148148148149
954,Rabsca,,Bug,Psychic,470,75,50,85,115,100,45,9,Rabsca,61.72839506172839,17.11934156378601,67.53086419753086,87.86008230452676,84.93827160493828,23.456790123456788
955,Flittle,,Psychic,,255,30,35,30,55,30,75,9,Flittle,2.05761316872428,5.967078189300412,2.5925925925925926,33.62139917695473,3.168724279835391,57.983539094650205
956,Espathra,,Psychic,,481,95,60,60,101,60,105,9,Espathra,84.03292181069959,27.818930041152264,34.23868312757202,81.39917695473251,36.21399176954733,87.07818930041152
957,Tinkatink,,Fairy,Steel,297,50,45,45,35,64,58,9,Tinkatink,21.193415637860085,12.098765432098766,15.34979423868313,9.588477366255145,40.82304526748971,37.28395061728395
958,Tinkatuff,,Fairy,Steel,380,65,55,55,45,82,78,9,Tinkatuff,44.074074074074076,22.633744855967077,27.942386831275723,21.358024691358025,67.53086419753086,60.41152263374485
959,Tinkaton,,Fairy,Steel,506,85,75,77,70,105,94,9,Tinkaton,74.81481481481481,46.21399176954733,58.230452674897116,53.78600823045267,88.18930041152264,76.50205761316873
960,Wiglett,,Water,,245,10,55,25,35,25,95,9,Wiglett,0.24691358024691357,22.633744855967077,1.440329218106996,9.588477366255145,1.3580246913580247,78.06584362139918
961,Wugtrio,,Water,,425,35,100,50,50,70,120,9,Wugtrio,3.7448559670781894,73.08641975308642,21.604938271604937,27.037037037037038,50.37037037037037,94.5679012345679
962,Bombirdier,,Flying,Dark,485,70,103,85,60,85,82,9,Bombirdier,52.63374485596708,76.50205761316873,67.53086419753086,40.781893004115226,70.12345679012346,65.02057613168725
963,Finizen,,Water,,315,70,45,40,45,40,75,9,Finizen,52.63374485596708,12.098765432098766,9.588477366255145,21.358024691358025,10.246913580246913,57.983539094650205
964,Palafin,Zero Form,Water,,457,100,70,72,53,62,100,9,Palafin (Zero Form),88.35390946502058,40.45267489711934,53.20987654320988,30.37037037037037,39.58847736625514,83.25102880658436
964,Palafin,Hero Form,Water,,650,100,160,97,106,87,100,9,Palafin (Hero Form),88.35390946502058,98.60082304526749,78.88888888888889,83.9917695473251,72.71604938271605,83.25102880658436
965,Varoom,,Steel,Poison,300,45,70,63,30,45,47,9,Varoom,14.5679012345679,40.45267489711934,38.477366255144034,5.637860082304527,15.843621399176955,25.925925925925924
966,Revavroom,,Steel,Poison,500,80,119,90,54,67,90,9,Revavroom,69.58847736625515,85.4320987654321,72.46913580246913,31.069958847736622,46.666666666666664,72.79835390946502
967,Cyclizar,,Dragon,Normal,501,70,95,65,85,65,121,9,Cyclizar,52.63374485596708,67.73662551440329,41.64609053497942,67.61316872427983,43.58024691358025,95.22633744855968
968,Orthworm,,Steel,,480,70,85,145,60,55,65,9,Orthworm,52.63374485596708,58.14814814814815,97.81893004115226,40.781893004115226,29.46502057613169,46.46090534979424
969,Glimmet,,Rock,Poison,350,48,35,42,105,60,60,9,Glimmet,17.366255144032923,5.967078189300412,12.304526748971194,82.88065843621399,36.21399176954733,40.45267489711934
970,Glimmora,,Rock,Poison,525,83,55,90,130,81,86,9,Glimmora,73.25102880658436,22.633744855967077,72.46913580246913,93.7037037037037,67.03703703703704,70.08230452674897
971,Greavard,,Ghost,,290,50,61,60,30,55,34,9,Greavard,21.193415637860085,30.0,34.23868312757202,5.637860082304527,29.46502057613169,11.440329218106996
972,Houndstone,,Ghost,,488,72,101,100,50,97,68,9,Houndstone,57.28395061728395,75.92592592592592,81.6872427983539,27.037037037037038,82.5925925925926,49.876543209876544
973,Flamigo,,Flying,Fighting,500,82,115,74,75,64,90,9,Flamigo,72.75720164609054,83.82716049382715,53.95061728395062,58.477366255144034,40.82304526748971,72.79835390946502
974,Cetoddle,,Ice,,334,108,68,45,30,40,43,9,Cetoddle,93.16872427983539,37.77777777777778,15.34979423868313,5.637860082304527,10.246913580246913,20.82304526748971
975,Cetitan,,Ice,,521,170,113,65,45,55,73,9,Cetitan,99.38271604938271,82.63374485596707,41.64609053497942,21.358024691358025,29.46502057613169,56.17283950617284
976,Veluza,,Water,Psychic,478,90,102,73,78,65,70,9,Veluza,79.46502057613168,76.21399176954733,53.70370370370371,60.16460905349794,43.58024691358025,52.59259259259259
977,Dondozo,,Water,,530,150,100,115,65,65,35,9,Dondozo,98.68312757201646,73.08641975308642,90.08230452674897,48.18930041152264,43.58024691358025,13.004115226337449
978,Tatsugiri,Curly Form,Dragon,Water,475,68,50,60,120,95,82,9,Tatsugiri (Curly Form),48.10699588477366,17.11934156378601,34.23868312757202,89.25925925925927,80.20576131687243,65.02057613168725
978,Tatsugiri,Droopy Form,Dragon,Water,475,68,50,60,120,95,82,9,Tatsugiri (Droopy Form),48.10699588477366,17.11934156378601,34.23868312757202,89.25925925925927,80.20576131687243,65.02057613168725
978,Tatsugiri,Stretchy Form,Dragon,Water,475,68,50,60,120,95,82,9,Tatsugiri (Stretchy Form),48.10699588477366,17.11934156378601,34.23868312757202,89.25925925925927,80.20576131687243,65.02057613168725
979,Annihilape,,Fighting,Ghost,535,110,115,80,50,90,90,9,Annihilape,94.2798353909465,83.82716049382715,62.34567901234568,27.037037037037038,75.7201646090535,72.79835390946502
980,Clodsire,,Poison,Ground,430,130,75,60,45,100,20,9,Clodsire,97.6954732510288,46.21399176954733,34.23868312757202,21.358024691358025,84.93827160493828,2.7983539094650207
981,Farigiraf,,Normal,Psychic,520,120,90,70,110,70,60,9,Farigiraf,96.17283950617283,62.92181069958848,49.135802469135804,85.63786008230453,50.37037037037037,40.45267489711934
982,Dudunsparce,Two-Segment Form,Normal,,520,125,100,80,85,75,55,9,Dudunsparce (Two-Segment Form),97.03703703703704,73.08641975308642,62.34567901234568,67.61316872427983,57.160493827160494,34.52674897119341
982,Dudunsparce,Three-Segment Form,Normal,,520,125,100,80,85,75,55,9,Dudunsparce (Three-Segment Form),97.03703703703704,73.08641975308642,62.34567901234568,67.61316872427983,57.160493827160494,34.52674897119341
983,Kingambit,,Dark,Steel,550,100,135,120,60,85,50,9,Kingambit,88.35390946502058,94.65020576131687,92.18106995884774,40.781893004115226,70.12345679012346,29.46502057613169
984,Great Tusk,,Ground,Fighting,570,115,131,131,53,53,87,9,Great Tusk,95.47325102880659,93.58024691358024,96.17283950617283,30.37037037037037,26.213991769547324,70.45267489711934
985,Scream Tail,,Fairy,Psychic,570,115,65,99,65,115,111,9,Scream Tail,95.47325102880659,34.32098765432099,79.30041152263374,48.18930041152264,93.08641975308643,91.6872427983539
986,Brute Bonnet,,Grass,Dark,570,111,127,99,79,99,55,9,Brute Bonnet,94.93827160493828,91.19341563786008,79.30041152263374,60.45267489711934,83.08641975308642,34.52674897119341
987,Flutter Mane,,Ghost,Fairy,570,55,55,55,135,135,135,9,Flutter Mane,27.901234567901234,22.633744855967077,27.942386831275723,95.34979423868313,98.0246913580247,97.94238683127571
988,Slither Wing,,Bug,Fighting,570,85,135,79,85,105,81,9,Slither Wing,74.81481481481481,94.65020576131687,59.50617283950618,67.61316872427983,88.18930041152264,64.52674897119341
989,Sandy Shocks,,Electric,Ground,570,85,81,97,121,85,101,9,Sandy Shocks,74.81481481481481,54.23868312757202,78.88888888888889,90.16460905349794,70.12345679012346,85.30864197530865
990,Iron Treads,,Ground,Steel,570,90,112,120,72,70,106,9,Iron Treads,79.46502057613168,82.26337448559671,92.18106995884774,56.17283950617284,50.37037037037037,87.98353909465021
991,Iron Bundle,,Ice,Water,570,56,80,114,124,60,136,9,Iron Bundle,30.0,51.81069958847737,89.05349794238683,90.53497942386831,36.21399176954733,98.3127572016461
992,Iron Hands,,Fighting,Electric,570,154,140,108,50,68,50,9,Iron Hands,98.93004115226337,95.96707818930041,86.79012345679013,27.037037037037038,46.95473251028807,29.46502057613169
993,Iron Jugulis,,Dark,Flying,570,94,80,86,122,80,108,9,Iron Jugulis,82.63374485596707,51.81069958847737,69.30041152263374,90.37037037037037,63.74485596707819,88.60082304526749
994,Iron Moth,,Fire,Poison,570,80,70,60,140,110,110,9,Iron Moth,69.58847736625515,40.45267489711934,34.23868312757202,96.54320987654322,91.23456790123457,90.41152263374485
995,Iron Thorns,,Rock,Electric,570,100,134,110,70,84,72,9,Iron Thorns,88.35390946502058,94.07407407407408,87.94238683127573,53.78600823045267,68.27160493827161,55.67901234567901
996,Frigibax,,Dragon,Ice,320,65,75,45,35,45,55,9,Frigibax,44.074074074074076,46.21399176954733,15.34979423868313,9.588477366255145,15.843621399176955,34.52674897119341
997,Arctibax,,Dragon,Ice,423,90,95,66,45,65,62,9,Arctibax,79.46502057613168,67.73662551440329,44.2798353909465,21.358024691358025,43.58024691358025,43.37448559670782
998,Baxcalibur,,Dragon,Ice,600,115,145,92,75,86,87,9,Baxcalibur,95.47325102880659,96.79012345679013,75.30864197530865,58.477366255144034,72.22222222222221,70.45267489711934
999,Gimmighoul,Chest Form,Ghost,,300,45,30,70,75,70,10,9,Gimmighoul (Chest Form),14.5679012345679,3.909465020576132,49.135802469135804,58.477366255144034,50.37037037037037,0.49382716049382713
999,Gimmighoul,Roaming Form,Ghost,,300,45,30,25,75,45,80,9,Gimmighoul (Roaming Form),14.5679012345679,3.909465020576132,1.440329218106996,58.477366255144034,15.843621399176955,62.63374485596708
1000,Gholdengo,,Steel,Ghost,550,87,60,95,133,91,84,9,Gholdengo,76.37860082304528,27.818930041152264,77.11934156378601,94.65020576131687,78.06584362139918,65.92592592592592
1001,Wo-Chien,,Dark,Grass,570,85,85,100,95,135,70,9,Wo-Chien,74.81481481481481,58.14814814814815,81.6872427983539,75.18518518518519,98.0246913580247,52.59259259259259
1002,Chien-Pao,,Dark,Ice,570,80,120,80,90,65,135,9,Chien-Pao,69.58847736625515,87.07818930041152,62.34567901234568,71.19341563786008,43.58024691358025,97.94238683127571
1003,Ting-Lu,,Dark,Ground,570,155,110,125,55,80,45,9,Ting-Lu,99.01234567901234,80.94650205761317,94.07407407407408,33.62139917695473,63.74485596707819,23.456790123456788
1004,Chi-Yu,,Dark,Fire,570,55,80,80,135,120,100,9,Chi-Yu,27.901234567901234,51.81069958847737,62.34567901234568,95.34979423868313,94.8559670781893,83.25102880658436
1005,Roaring Moon,,Dragon,Dark,590,105,139,71,55,101,119,9,Roaring Moon,91.72839506172839,95.43209876543209,52.674897119341566,33.62139917695473,86.8724279835391,94.03292181069959
1006,Iron Valiant,,Fairy,Fighting,590,74,130,90,120,60,116,9,Iron Valiant,58.724279835390945,92.46913580246914,72.46913580246913,89.25925925925927,36.21399176954733,93.66255144032922
1007,Koraidon,,Fighting,Dragon,670,100,135,115,85,100,135,9,Koraidon,88.35390946502058,94.65020576131687,90.08230452674897,67.61316872427983,84.93827160493828,97.94238683127571
1008,Miraidon,,Electric,Dragon,670,100,85,100,135,115,135,9,Miraidon,88.35390946502058,58.14814814814815,81.6872427983539,95.34979423868313,93.08641975308643,97.94238683127571
1009,Walking Wake,,Water,Dragon,590,99,83,91,125,83,109,9,Walking Wake,86.13168724279835,55.349794238683124,74.97942386831275,91.52263374485597,67.9835390946502,89.13580246913581
1010,Iron Leaves,,Grass,Psychic,590,90,130,88,70,108,104,9,Iron Leaves,79.46502057613168,92.46913580246914,69.79423868312757,53.78600823045267,90.0,86.21399176954732
1011,Dipplin,,Grass,Dragon,485,80,80,110,95,80,40,9,Dipplin,69.58847736625515,51.81069958847737,87.94238683127573,75.18518518518519,63.74485596707819,17.736625514403293
1012,Poltchageist,,Grass,Ghost,308,40,45,45,74,54,50,9,Poltchageist,8.271604938271606,12.098765432098766,15.34979423868313,57.03703703703704,26.666666666666668,29.46502057613169
1013,Sinistcha,,Grass,Ghost,508,71,60,106,121,80,70,9,Sinistcha,56.54320987654321,27.818930041152264,86.13168724279835,90.16460905349794,63.74485596707819,52.59259259259259
1014,Okidogi,,Poison,Fighting,555,88,128,115,58,86,80,9,Okidogi,76.79012345679013,91.39917695473251,90.08230452674897,36.91358024691358,72.22222222222221,62.63374485596708
1015,Munkidori,,Poison,Psychic,555,88,75,66,130,90,106,9,Munkidori,76.79012345679013,46.21399176954733,44.2798353909465,93.7037037037037,75.7201646090535,87.98353909465021
1016,Fezandipiti,,Poison,Fairy,555,88,91,82,70,125,99,9,Fezandipiti,76.79012345679013,64.73251028806585,65.06172839506172,53.78600823045267,96.0082304526749,81.31687242798354
1017,Ogerpon,Teal Mask,Grass,,550,80,120,84,60,96,110,9,Ogerpon (Teal Mask),69.58847736625515,87.07818930041152,65.7201646090535,40.781893004115226,82.22222222222221,90.41152263374485
1017,Ogerpon,Wellspring Mask,Grass,Water,550,80,120,84,60,96,110,9,Ogerpon (Wellspring Mask),69.58847736625515,87.07818930041152,65.7201646090535,40.781893004115226,82.22222222222221,90.41152263374485
1017,Ogerpon,Hearthflame Mask,Grass,Fire,550,80,120,84,60,96,110,9,Ogerpon (Hearthflame Mask),69.58847736625515,87.07818930041152,65.7201646090535,40.781893004115226,82.22222222222221,90.41152263374485
1017,Ogerpon,Cornerstone Mask,Grass,Rock,550,80,120,84,60,96,110,9,Ogerpon (Cornerstone Mask),69.58847736625515,87.07818930041152,65.7201646090535,40.781893004115226,82.22222222222221,90.41152263374485
1018,Archaludon,,Steel,Dragon,600,90,105,130,125,65,85,9,Archaludon,79.46502057613168,77.9835390946502,95.34979423868313,91.52263374485597,43.58024691358025,67.9835390946502
1019,Hydrapple,,Grass,Dragon,540,106,80,110,120,80,44,9,Hydrapple,92.63374485596708,51.81069958847737,87.94238683127573,89.25925925925927,63.74485596707819,21.39917695473251
1020,Gouging Fire,,Fire,Dragon,590,105,115,121,65,93,91,9,Gouging Fire,91.72839506172839,83.82716049382715,93.08641975308643,48.18930041152264,78.35390946502058,74.93827160493827
1021,Raging Bolt,,Electric,Dragon,590,125,73,91,137,89,75,9,Raging Bolt,97.03703703703704,43.66255144032922,74.97942386831275,96.13168724279836,73.25102880658436,57.983539094650205
1022,Iron Boulder,,Rock,Psychic,590,90,120,80,68,108,124,9,Iron Boulder,79.46502057613168,87.07818930041152,62.34567901234568,51.31687242798354,90.0,95.76131687242798
1023,Iron Crown,,Steel,Psychic,590,90,72,100,122,108,98,9,Iron Crown,79.46502057613168,43.00411522633745,81.6872427983539,90.37037037037037,90.0,80.8641975308642
1024,Terapagos,Normal Form,Normal,,450,90,65,85,65,85,60,9,Terapagos (Normal Form),79.46502057613168,34.32098765432099,67.53086419753086,48.18930041152264,70.12345679012346,40.45267489711934
1024,Terapagos,Terastal Form,Normal,,600,95,95,110,105,110,85,9,Terapagos (Terastal Form),84.03292181069959,67.73662551440329,87.94238683127573,82.88065843621399,91.23456790123457,67.9835390946502
1024,Terapagos,Stellar Form,Normal,,700,160,105,110,130,110,85,9,Terapagos (Stellar Form),99.1358024691358,77.9835390946502,87.94238683127573,93.7037037037037,91.23456790123457,67.9835390946502
1025,Pecharunt,,Poison,Ghost,600,88,88,160,88,88,88,9,Pecharunt,76.79012345679013,60.781893004115226,98.80658436213992,69.83539094650206,72.96296296296296,70.69958847736626
